date,total_sqft_issued_amt,total_new_units_issued_amt,count_permits_issued,count_total_permits_issued
2011-01-02,13384.678192307692,4.5115384615384615,115.61475409836065,42315
2011-01-03,13577.257969348659,4.498084291187739,115.97540983606558,42447
2011-01-04,13559.108129770993,4.4961832061068705,116.61748633879782,42682
2011-01-05,13540.402022900764,4.49236641221374,116.77595628415301,42740
2011-01-06,13526.444007633589,4.488549618320611,116.69672131147541,42711
2011-01-07,13537.59286259542,4.4961832061068705,116.76775956284153,42737
2011-01-08,13561.33459770115,4.501915708812261,116.40983606557377,42606
2011-01-09,13590.612807692309,4.519230769230769,116.06557377049181,42480
2011-01-10,13538.541494252873,4.501915708812261,116.42349726775956,42611
2011-01-11,13697.29896946565,4.5,116.95081967213115,42804
2011-01-12,13714.863854961832,4.511450381679389,117.0327868852459,42834
2011-01-13,13696.554694656488,4.50763358778626,116.9207650273224,42793
2011-01-14,13682.936374045801,4.5038167938931295,116.8688524590164,42774
2011-01-15,13720.748390804598,4.517241379310345,116.55464480874316,42659
2011-01-16,13734.547423076923,4.523076923076923,116.28142076502732,42559
2011-01-17,13734.547423076923,4.523076923076923,116.40163934426229,42603
2011-01-18,13710.29245210728,4.513409961685824,116.8743169398907,42776
2011-01-19,13786.667931034483,4.517241379310345,117.29781420765028,42931
2011-01-20,13778.625785440614,4.517241379310345,117.25956284153006,42917
2011-01-21,13782.510842911877,4.521072796934866,117.25409836065573,42915
2011-01-22,13761.68325670498,4.501915708812261,116.71857923497268,42719
2011-01-23,13789.135884615385,4.515384615384615,116.25409836065573,42549
2011-01-24,13753.844176245211,4.498084291187739,116.49726775956285,42638
2011-01-25,13727.424923664123,4.49236641221374,117.01912568306011,42829
2011-01-26,13759.600496183206,4.49236641221374,117.17213114754098,42885
2011-01-27,13788.72645038168,4.49236641221374,117.17213114754098,42885
2011-01-28,13758.535610687024,4.480916030534351,117.1584699453552,42880
2011-01-29,13759.526168582375,4.478927203065134,116.7568306010929,42733
2011-01-30,13758.793576923077,4.476923076923077,116.34699453551913,42583
2011-01-31,13747.430383141762,4.46360153256705,116.59016393442623,42672
2011-02-01,13720.073778625954,4.4541984732824424,117.07103825136612,42848
2011-02-02,13711.535610687024,4.431297709923665,117.17486338797814,42886
2011-02-03,13690.432557251908,4.423664122137405,117.12021857923497,42866
2011-02-04,13656.657748091604,4.408396946564886,117.14207650273224,42874
2011-02-05,13682.464865900383,4.417624521072797,116.74590163934427,42729
2011-02-06,13715.412807692308,4.434615384615385,116.41803278688525,42609
2011-02-07,13662.863333333333,4.417624521072797,116.6311475409836,42687
2011-02-08,13712.279885496184,4.404580152671755,117.19945355191257,42895
2011-02-09,13714.138664122138,4.374045801526718,117.45628415300547,42989
2011-02-10,13705.882938931298,4.3816793893129775,117.37158469945355,42958
2011-02-11,13690.974541984733,4.370229007633588,117.3688524590164,42957
2011-02-12,13707.817356321839,4.375478927203065,116.89071038251366,42782
2011-02-13,13754.385884615385,4.392307692307693,116.67213114754098,42702
2011-02-14,13755.539730769231,4.3961538461538465,116.97540983606558,42813
2011-02-15,13734.25030651341,4.390804597701149,117.44535519125684,42985
2011-02-16,13712.134847328245,4.3816793893129775,117.76502732240438,43102
2011-02-17,13731.573778625954,4.3816793893129775,117.86065573770492,43137
2011-02-18,13746.344770992368,4.3816793893129775,117.91256830601093,43156
2011-02-19,13757.039578544061,4.383141762452107,117.42349726775956,42977
2011-02-20,13791.739730769232,4.4,117.02732240437159,42832
2011-02-21,13844.989691119692,4.416988416988417,117.16666666666667,42883
2011-02-22,13809.747423076924,4.403846153846154,117.68852459016394,43074
2011-02-23,13736.328192307692,4.407692307692308,117.74590163934427,43095
2011-02-24,13731.60126923077,4.411538461538462,117.64754098360656,43059
2011-02-25,13709.38203846154,4.403846153846154,117.67213114754098,43068
2011-02-26,13703.777335907336,4.401544401544402,117.29781420765028,42931
2011-02-27,13721.52065891473,4.410852713178294,116.86065573770492,42771
2011-02-28,13668.541814671815,4.3938223938223935,117.08743169398907,42854
2011-03-01,15247.30896153846,4.392307692307693,117.58196721311475,43035
2011-03-02,15260.835884615382,4.392307692307693,117.73770491803279,43092
2011-03-03,16045.662807692306,4.384615384615385,117.73224043715847,43090
2011-03-04,16039.605115384615,4.384615384615385,117.63661202185793,43055
2011-03-05,16093.869999999999,4.397683397683398,117.26229508196721,42918
2011-03-06,16121.547790697672,4.403100775193798,116.87158469945355,42775
2011-03-07,16074.383513513512,4.3938223938223935,117.18032786885246,42888
2011-03-08,16339.605115384617,4.388461538461539,117.74590163934427,43095
2011-03-09,16364.343576923076,4.392307692307693,117.92622950819673,43161
2011-03-10,16286.712807692307,4.365384615384615,117.80874316939891,43118
2011-03-11,16252.674346153846,4.357692307692307,117.84426229508196,43131
2011-03-12,16307.59972972973,4.374517374517374,117.28688524590164,42927
2011-03-13,16362.338488372094,4.387596899224806,116.76229508196721,42735
2011-03-14,16669.912131782945,4.666666666666667,117.04371584699453,42838
2011-03-15,16632.819806949807,4.664092664092664,117.5,43005
2011-03-16,16690.74644787645,4.67953667953668,117.6775956284153,43070
2011-03-17,16697.854555984555,4.691119691119691,117.6584699453552,43063
2011-03-18,16673.036023166023,4.671814671814672,117.69125683060109,43075
2011-03-19,16735.3346124031,4.689922480620155,117.23497267759562,42908
2011-03-20,16714.164708171207,4.700389105058366,116.90983606557377,42789
2011-03-21,16672.71058139535,4.689922480620155,117.2431693989071,42911
2011-03-22,16654.680810810813,4.683397683397684,117.77049180327869,43104
2011-03-23,16654.236795366796,4.67953667953668,117.87704918032787,43143
2011-03-24,16643.56111969112,4.675675675675675,117.85792349726776,43136
2011-03-25,16617.71362934363,4.671814671814672,117.84426229508196,43131
2011-03-26,16637.483837209304,4.678294573643411,117.42349726775956,42977
2011-03-27,16690.17832684825,4.696498054474708,117.06557377049181,42846
2011-03-28,16654.25515503876,4.705426356589148,117.31147540983606,42936
2011-03-29,16927.33525096525,5.042471042471043,117.7568306010929,43099
2011-03-30,16936.9838996139,5.046332046332046,117.90710382513662,43154
2011-03-31,16942.06111969112,5.057915057915058,117.99726775956285,43187
2011-04-01,16954.70590733591,5.06949806949807,118.13661202185793,43238
2011-04-02,17016.60011627907,5.089147286821706,117.72404371584699,43087
2011-04-03,16953.656926070038,5.003891050583658,117.27868852459017,42924
2011-04-04,16907.937325581395,4.988372093023256,117.55464480874316,43025
2011-04-05,16872.17308880309,4.988416988416988,117.99180327868852,43185
2011-04-06,17311.400888030887,4.996138996138996,118.09016393442623,43221
2011-04-07,17328.049536679537,4.996138996138996,118.18032786885246,43254
2011-04-08,17300.43563706564,4.992277992277992,118.03825136612022,43202
2011-04-09,17330.00612403101,5.0,117.65027322404372,43060
2011-04-10,17131.508093385215,5.011673151750973,117.33060109289617,42943
2011-04-11,17081.587519379846,5.003875968992248,117.55464480874316,43025
2011-04-12,17105.23003861004,5.019305019305019,118.04918032786885,43206
2011-04-13,17157.257065637066,5.054054054054054,118.36612021857924,43322
2011-04-14,17171.650888030887,5.864864864864865,118.38524590163935,43329
2011-04-15,17160.3922007722,5.8687258687258685,118.3224043715847,43306
2011-04-16,17203.641782945735,5.87984496124031,117.89617486338798,43150
2011-04-17,15877.142334630349,5.898832684824903,117.47540983606558,42996
2011-04-18,15815.603023255813,5.875968992248062,117.68579234972678,43073
2011-04-19,15778.156679536678,5.861003861003861,118.10928961748634,43228
2011-04-20,15825.473281853281,5.872586872586872,118.33333333333333,43310
2011-04-21,16267.442393822394,5.764478764478764,118.17213114754098,43251
2011-04-22,16293.43081081081,5.77992277992278,118.1120218579235,43229
2011-04-23,16319.316201550388,5.7984496124031,117.65027322404372,43060
2011-04-24,16252.873852140076,5.797665369649805,117.2431693989071,42911
2011-04-25,16231.82395348837,5.790697674418604,117.52185792349727,43013
2011-04-26,16193.755135135134,5.776061776061776,117.91803278688525,43158
2011-04-27,16195.488725868727,5.768339768339768,117.94535519125684,43168
2011-04-28,16166.380617760617,5.783783783783784,117.83879781420765,43129
2011-04-29,16159.08718146718,5.776061776061776,117.73770491803279,43092
2011-04-30,15796.863243243242,5.7528957528957525,117.33333333333333,42944
2011-05-01,15832.87434108527,5.771317829457364,116.91256830601093,42790
2011-05-02,15774.832355212353,5.749034749034749,117.18579234972678,42890
2011-05-03,15757.967615384614,5.742307692307692,117.73224043715847,43090
2011-05-04,15787.225307692306,5.753846153846154,117.97540983606558,43179
2011-05-05,15717.32146153846,5.684615384615385,117.77868852459017,43107
2011-05-06,15748.732999999998,5.673076923076923,117.66666666666667,43066
2011-05-07,15777.693359073357,5.683397683397684,117.19398907103825,42893
2011-05-08,15815.800697674416,5.7015503875969,116.82513661202186,42758
2011-05-09,15754.73583011583,5.67953667953668,117.11475409836065,42864
2011-05-10,15713.436846153845,5.676923076923077,117.68306010928961,43072
2011-05-11,15723.956076923076,5.676923076923077,117.81147540983606,43119
2011-05-12,16567.382999999998,5.680769230769231,117.77049180327869,43104
2011-05-13,16567.694538461536,5.688461538461539,117.7103825136612,43082
2011-05-14,16612.840077220073,5.698841698841699,117.28142076502732,42925
2011-05-15,16628.369457364337,5.705426356589148,116.91803278688525,42792
2011-05-16,16564.167258687256,5.683397683397684,117.19125683060109,42892
2011-05-17,16582.65123076923,5.684615384615385,117.7431693989071,43094
2011-05-18,16600.293538461538,5.696153846153846,117.86065573770492,43137
2011-05-19,16604.65123076923,5.688461538461539,117.8415300546448,43130
2011-05-20,16394.01661538461,5.719230769230769,117.78688524590164,43110
2011-05-21,16434.50046332046,5.7335907335907335,117.3224043715847,42940
2011-05-22,16479.676821705423,5.744186046511628,116.82786885245902,42759
2011-05-23,16426.817065637064,5.725868725868726,117.06284153005464,42845
2011-05-24,16423.452384615382,5.726923076923077,117.62021857923497,43049
2011-05-25,16432.086999999996,5.723076923076923,117.79781420765028,43114
2011-05-26,16481.636999999995,5.834615384615384,117.84699453551913,43132
2011-05-27,16468.58315384615,5.823076923076923,117.59562841530055,43040
2011-05-28,16022.234054054054,5.814671814671815,117.12295081967213,42867
2011-05-29,16021.57992248062,5.821705426356589,116.71311475409836,42717
2011-05-30,16021.57992248062,5.821705426356589,116.72950819672131,42723
2011-05-31,15975.164555984555,5.806949806949807,117.21311475409836,42900
2011-06-01,15945.479307692307,5.788461538461538,117.73497267759562,43091
2011-06-02,15972.186999999998,5.8,117.85245901639344,43134
2011-06-03,15961.748538461537,5.803846153846154,117.80601092896175,43117
2011-06-04,16006.481158301156,5.826254826254826,117.33060109289617,42943
2011-06-05,16046.707829457362,5.844961240310077,116.86612021857924,42773
2011-06-06,15987.732123552123,5.826254826254826,117.13661202185793,42872
2011-06-07,15961.452384615382,5.861538461538461,117.72677595628416,43088
2011-06-08,15969.771615384614,5.865384615384615,117.75409836065573,43098
2011-06-09,15974.706230769229,5.876923076923077,117.60382513661202,43043
2011-06-10,15751.290846153845,5.730769230769231,117.50546448087432,43007
2011-06-11,15599.025559845559,5.586872586872587,117.00819672131148,42825
2011-06-12,15625.033410852711,5.593023255813954,116.60928961748634,42679
2011-06-13,15564.705096525095,5.571428571428571,116.90437158469945,42787
2011-06-14,15548.952384615382,5.565384615384615,117.56010928961749,43027
2011-06-15,15587.983153846153,5.565384615384615,117.8688524590164,43140
2011-06-16,15586.633153846153,5.553846153846154,117.79781420765028,43114
2011-06-17,15697.798538461537,5.623076923076923,117.83060109289617,43126
2011-06-18,15699.500463320463,5.621621621621622,117.36338797814207,42955
2011-06-19,15731.087674418603,5.6434108527131785,116.93715846994536,42799
2011-06-20,15691.670347490346,5.640926640926641,117.23770491803279,42909
2011-06-21,15690.963923076923,5.676923076923077,117.74590163934427,43095
2011-06-22,15725.367769230768,5.680769230769231,117.80327868852459,43116
2011-06-23,15772.163923076921,5.6923076923076925,117.81693989071039,43121
2011-06-24,15724.552384615383,5.676923076923077,117.80054644808743,43115
2011-06-25,15757.365328185328,5.683397683397684,117.33333333333333,42944
2011-06-26,15800.812480620154,5.705426356589148,116.90163934426229,42786
2011-06-27,15753.739845559845,5.687258687258687,117.23224043715847,42907
2011-06-28,15728.240846153845,5.673076923076923,117.81420765027322,43120
2011-06-29,15739.644692307691,5.673076923076923,118.1311475409836,43236
2011-06-30,15742.267769230768,5.673076923076923,118.27049180327869,43287
2011-07-01,15740.72546153846,5.676923076923077,118.11748633879782,43231
2011-07-02,15790.083474903473,5.694980694980695,117.57103825136612,43031
2011-07-03,15844.227209302324,5.717054263565892,117.06010928961749,42844
2011-07-04,15905.877898832683,5.739299610894942,117.00819672131148,42825
2011-07-05,15862.913255813952,5.724806201550388,117.22404371584699,42904
2011-07-06,15821.674208494207,5.706563706563706,117.64207650273224,43057
2011-07-07,15815.245637065636,5.702702702702703,117.84426229508196,43131
2011-07-08,15804.411660231659,5.706563706563706,117.69125683060109,43075
2011-07-09,15854.595426356587,5.728682170542636,117.2431693989071,42911
2011-07-10,15895.691128404667,5.747081712062257,116.91256830601093,42790
2011-07-11,15948.955719844356,5.762645914396887,117.24863387978142,42913
2011-07-12,15946.537286821704,5.763565891472868,117.93715846994536,43165
2011-07-13,15982.975271317828,5.775193798449612,118.11748633879782,43231
2011-07-14,16028.04891472868,5.782945736434108,118.0846994535519,43219
2011-07-15,16024.568294573643,5.77906976744186,117.86612021857924,43139
2011-07-16,15993.791860465115,5.771317829457364,117.40710382513662,42971
2011-07-17,16010.69766536965,5.78988326848249,117.06557377049181,42846
2011-07-18,15979.725968992247,5.817829457364341,117.32786885245902,42942
2011-07-19,16551.348648648647,5.7992277992278,117.79781420765028,43114
2011-07-20,16655.0861003861,5.938223938223938,117.93989071038251,43166
2011-07-21,16651.680694980696,5.938223938223938,117.84426229508196,43131
2011-07-22,16928.81969111969,6.528957528957529,117.86338797814207,43138
2011-07-23,16959.702713178292,6.550387596899225,117.39890710382514,42968
2011-07-24,16952.24241245136,6.571984435797665,116.86338797814207,42772
2011-07-25,16887.636821705426,6.546511627906977,117.06010928961749,42844
2011-07-26,16902.93976833977,6.563706563706564,117.53005464480874,43016
2011-07-27,16927.86254826255,6.55984555984556,117.5846994535519,43036
2011-07-28,17027.696525096526,6.694980694980695,117.4672131147541,42993
2011-07-29,16997.121235521237,6.671814671814672,117.2896174863388,42928
2011-07-30,17052.358139534885,6.6976744186046515,116.80054644808743,42749
2011-07-31,17095.40817120623,6.715953307392996,116.33333333333333,42578
2011-08-01,17043.53062015504,6.6937984496124034,116.5464480874317,42656
2011-08-02,17028.89536679537,6.687258687258687,117.03825136612022,42836
2011-08-03,17114.152123552125,6.714285714285714,117.27868852459017,42924
2011-08-04,17063.6694980695,6.694980694980695,117.15573770491804,42879
2011-08-05,17043.603861003863,6.687258687258687,117.17486338797814,42886
2011-08-06,17096.86589147287,6.713178294573644,116.59562841530055,42674
2011-08-07,17030.838759689923,6.7015503875969,116.19672131147541,42528
2011-08-08,17049.466666666667,6.709302325581396,116.43715846994536,42616
2011-08-09,17975.115444015442,6.687258687258687,117.02732240437159,42832
2011-08-10,18023.385714285712,6.694980694980695,117.23224043715847,42907
2011-08-11,17992.46293436293,6.687258687258687,117.09562841530055,42857
2011-08-12,18024.516988416985,6.694980694980695,117.01912568306011,42829
2011-08-13,18071.805813953488,6.717054263565892,116.3743169398907,42593
2011-08-14,17869.699999999997,6.36964980544747,115.93169398907104,42431
2011-08-15,17804.146899224805,6.348837209302325,116.16120218579235,42515
2011-08-16,17798.706177606175,6.347490347490347,116.83333333333333,42761
2011-08-17,17806.96486486486,6.355212355212355,116.90983606557377,42789
2011-08-18,17825.482239382236,6.362934362934363,116.67213114754098,42702
2011-08-19,17916.887644787643,6.428571428571429,116.68306010928961,42706
2011-08-20,17933.732170542633,6.445736434108527,116.29508196721312,42564
2011-08-21,17980.38482490272,6.4591439688715955,115.80874316939891,42386
2011-08-22,17958.205038759686,6.445736434108527,116.10655737704919,42495
2011-08-23,17918.516988416985,6.424710424710424,116.62841530054645,42686
2011-08-24,17951.91853281853,6.428571428571429,116.87978142076503,42778
2011-08-25,17957.15405405405,6.424710424710424,116.89071038251366,42782
2011-08-26,19124.15405405405,6.4517374517374515,116.90983606557377,42789
2011-08-27,19096.131395348835,6.449612403100775,116.34972677595628,42584
2011-08-28,19143.322568093383,6.466926070038911,115.84972677595628,42401
2011-08-29,19069.12364341085,6.441860465116279,116.12841530054645,42503
2011-08-30,19018.60965250965,6.424710424710424,116.64754098360656,42693
2011-08-31,19058.33938223938,6.44015444015444,116.87704918032787,42777
2011-09-01,19072.02664092664,6.467181467181467,116.77322404371584,42739
2011-09-02,19074.856756756755,6.471042471042471,116.6120218579235,42680
2011-09-03,19122.51899224806,6.488372093023256,116.16666666666667,42517
2011-09-04,19158.832295719843,6.5136186770428015,115.78415300546447,42377
2011-09-05,19158.832295719843,6.5136186770428015,115.81147540983606,42387
2011-09-06,19141.871705426354,6.507751937984496,116.2431693989071,42545
2011-09-07,19097.748648648645,6.494208494208494,116.69672131147541,42711
2011-09-08,19098.737065637062,6.486486486486487,116.77868852459017,42741
2011-09-09,19127.366409266408,6.5096525096525095,116.62841530054645,42686
2011-09-10,19136.860077519377,6.523255813953488,116.0327868852459,42468
2011-09-11,19160.94902723735,6.529182879377432,115.57650273224044,42301
2011-09-12,19105.600387596896,6.511627906976744,115.9535519125683,42439
2011-09-13,19129.937596899224,6.51937984496124,116.5464480874317,42656
2011-09-14,19113.31356589147,6.51937984496124,116.70765027322405,42715
2011-09-15,19113.871705426354,6.51937984496124,116.70491803278688,42714
2011-09-16,19178.615891472866,6.5310077519379846,116.67486338797814,42703
2011-09-17,19132.773929961088,6.5408560311284045,116.14207650273224,42508
2011-09-18,19163.417578124998,6.5546875,115.68579234972678,42341
2011-09-19,19115.05408560311,6.544747081712062,115.99453551912568,42454
2011-09-20,19078.976356589144,6.534883720930233,116.52185792349727,42647
2011-09-21,19323.79031007752,6.790697674418604,116.76229508196721,42735
2011-09-22,19303.456976744183,6.77906976744186,116.63661202185793,42689
2011-09-23,19311.081007751935,6.77906976744186,116.48633879781421,42634
2011-09-24,19282.72906976744,6.771317829457364,115.99180327868852,42453
2011-09-25,19323.96926070039,6.782101167315175,115.50273224043715,42274
2011-09-26,19258.411240310077,6.75968992248062,115.77049180327869,42372
2011-09-27,19394.046718146717,6.756756756756757,116.4207650273224,42610
2011-09-28,19417.625868725867,6.768339768339768,116.68579234972678,42707
2011-09-29,19383.706949806947,6.764478764478764,116.56557377049181,42663
2011-09-30,19305.888416988415,6.760617760617761,116.38251366120218,42596
2011-10-01,19360.876356589146,6.782945736434108,115.97267759562841,42446
2011-10-02,19429.49455252918,6.809338521400778,115.5846994535519,42304
2011-10-03,19563.48875968992,6.782945736434108,115.91803278688525,42426
2011-10-04,19507.988803088803,6.764478764478764,116.53005464480874,42650
2011-10-05,19505.390347490345,6.764478764478764,116.78142076502732,42742
2011-10-06,19467.154826254824,6.776061776061776,116.68852459016394,42708
2011-10-07,19466.95019305019,6.772200772200772,116.66939890710383,42701
2011-10-08,19519.492635658913,6.7984496124031,116.18032786885246,42522
2011-10-09,19590.245525291826,6.824902723735408,115.76775956284153,42371
2011-10-10,19521.981007751936,6.8023255813953485,116.12021857923497,42500
2011-10-11,19513.36718146718,6.806949806949807,116.72131147540983,42720
2011-10-12,19534.47915057915,6.8108108108108105,116.98360655737704,42816
2011-10-13,19500.193436293433,6.7915057915057915,116.78688524590164,42744
2011-10-14,19690.82664092664,6.7915057915057915,116.80054644808743,42749
2011-10-15,19639.36718146718,6.783783783783784,116.29781420765028,42565
2011-10-16,19679.1980620155,6.8062015503875966,115.84972677595628,42401
2011-10-17,19603.2166023166,6.77992277992278,116.11475409836065,42498
2011-10-18,19569.734999999997,6.765384615384615,116.62841530054645,42686
2011-10-19,19612.027307692308,6.776923076923077,116.85245901639344,42768
2011-10-20,19595.135,6.773076923076923,116.83879781420765,42763
2011-10-21,19603.77346153846,6.769230769230769,116.86065573770492,42771
2011-10-22,19652.36718146718,6.7915057915057915,116.35245901639344,42585
2011-10-23,19711.570155038757,6.810077519379845,115.9207650273224,42427
2011-10-24,19720.43062015504,6.810077519379845,116.26775956284153,42554
2011-10-25,19671.86138996139,6.7992277992278,116.82786885245902,42759
2011-10-26,19713.95019305019,6.803088803088803,117.0464480874317,42839
2011-10-27,19667.081467181466,6.7915057915057915,116.91256830601093,42790
2011-10-28,19323.36718146718,6.7992277992278,116.94808743169399,42803
2011-10-29,19355.562403100776,6.821705426356589,116.4207650273224,42610
2011-10-30,19418.75914396887,6.848249027237354,115.97267759562841,42446
2011-10-31,19382.24457364341,6.837209302325581,116.33333333333333,42578
2011-11-01,19383.87297297297,6.845559845559846,116.91803278688525,42792
2011-11-02,19837.440540540538,6.8494208494208495,117.19672131147541,42894
2011-11-03,20438.857528957527,6.837837837837838,117.09289617486338,42856
2011-11-04,20457.18571428571,6.853281853281853,117.06284153005464,42845
2011-11-05,20334.806589147287,6.825581395348837,116.43442622950819,42615
2011-11-06,20323.953696498054,6.653696498054475,116.05464480874316,42476
2011-11-07,20259.841472868215,6.635658914728682,116.44262295081967,42618
2011-11-08,20194.544787644787,6.613899613899614,116.92896174863388,42796
2011-11-09,20232.74942084942,6.613899613899614,117.14207650273224,42874
2011-11-10,20227.91158301158,6.613899613899614,117.06284153005464,42845
2011-11-11,20268.225193798447,6.631782945736434,116.69672131147541,42711
2011-11-12,20268.225193798447,6.631782945736434,116.51092896174863,42643
2011-11-13,20318.59961089494,6.653696498054475,116.09016393442623,42489
2011-11-14,20286.387984496123,6.635658914728682,116.33333333333333,42578
2011-11-15,20216.13166023166,6.617760617760617,116.96174863387978,42808
2011-11-16,20238.208880308877,6.621621621621622,117.14480874316939,42875
2011-11-17,20564.309266409266,6.984555984555985,117.09016393442623,42855
2011-11-18,20567.757142857143,6.996138996138996,117.02459016393442,42831
2011-11-19,20427.62441860465,7.015503875968992,116.56830601092896,42664
2011-11-20,20491.836964980543,7.035019455252918,116.03005464480874,42467
2011-11-21,20464.322093023253,7.023255813953488,116.35519125683061,42586
2011-11-22,20568.271705426356,7.034883720930233,116.83879781420765,42763
2011-11-23,20661.337596899222,7.046511627906977,117.13387978142076,42871
2011-11-24,20718.416731517507,7.062256809338521,116.55737704918033,42660
2011-11-25,20757.055078125,7.07421875,116.27868852459017,42558
2011-11-26,20757.055078125,7.07421875,116.27868852459017,42558
2011-11-27,20757.055078125,7.07421875,116.2568306010929,42550
2011-11-28,20705.980933852137,7.0505836575875485,116.53551912568307,42652
2011-11-29,20639.232945736432,7.0271317829457365,117.11748633879782,42865
2011-11-30,20654.632170542634,7.034883720930233,117.17486338797814,42886
2011-12-01,20592.57790697674,7.0271317829457365,117.01092896174863,42826
2011-12-02,20626.043023255814,7.058139534883721,116.84426229508196,42765
2011-12-03,18981.280544747082,5.766536964980545,116.39890710382514,42602
2011-12-04,19033.070703125,5.78125,115.98087431693989,42449
2011-12-05,18967.34280155642,5.762645914396887,116.25409836065573,42549
2011-12-06,19023.88023255814,5.75968992248062,116.69125683060109,42709
2011-12-07,19046.314341085268,5.77906976744186,116.85792349726776,42770
2011-12-08,19088.65542635659,5.767441860465116,116.79781420765028,42748
2011-12-09,19147.6980620155,5.821705426356589,116.71857923497268,42719
2011-12-10,19049.36472868217,5.813953488372093,116.28142076502732,42559
2011-12-11,19115.00038910506,5.836575875486381,115.75956284153006,42368
2011-12-12,19051.918992248062,5.817829457364341,116.03551912568307,42469
2011-12-13,19005.463706563703,5.7992277992278,116.61748633879782,42682
2011-12-14,19013.440540540538,5.7992277992278,116.69672131147541,42711
2011-12-15,19511.880694980693,5.783783783783784,116.55191256830601,42658
2011-12-16,19524.232046332047,5.787644787644788,116.45901639344262,42624
2011-12-17,19547.523643410852,5.786821705426356,115.94535519125684,42436
2011-12-18,19585.62295719844,5.793774319066148,115.46994535519126,42262
2011-12-19,19509.709689922478,5.771317829457364,115.75409836065573,42366
2011-12-20,19452.066023166022,5.756756756756757,116.19945355191257,42529
2011-12-21,19473.042857142857,5.756756756756757,116.33333333333333,42578
2011-12-22,19636.24362934363,5.760617760617761,116.19945355191257,42529
2011-12-23,19532.14324324324,5.741312741312742,116.02185792349727,42464
2011-12-24,19585.35310077519,5.75968992248062,115.45628415300547,42257
2011-12-25,19585.35310077519,5.75968992248062,115.43715846994536,42250
2011-12-26,19585.35310077519,5.75968992248062,115.47267759562841,42263
2011-12-27,19538.52162162162,5.737451737451737,115.72950819672131,42357
2011-12-28,19571.150965250963,5.749034749034749,115.7431693989071,42362
2011-12-29,19548.98108108108,5.741312741312742,115.64754098360656,42327
2011-12-30,19569.417374517372,5.749034749034749,115.52185792349727,42281
2011-12-31,19645.267829457363,5.771317829457364,115.43442622950819,42249
2012-01-01,19645.267829457363,5.771317829457364,115.35792349726776,42221
2012-01-02,19645.267829457363,5.771317829457364,115.39890710382514,42236
2012-01-03,19668.938610038607,5.77992277992278,115.88251366120218,42413
2012-01-04,19431.965637065634,5.776061776061776,116.01092896174863,42460
2012-01-05,19405.0583011583,5.764478764478764,115.81420765027322,42388
2012-01-06,20147.529343629343,6.463320463320463,115.77868852459017,42375
2012-01-07,20220.977131782944,6.488372093023256,115.42349726775956,42245
2012-01-08,20283.724124513617,6.505836575875486,115.05191256830601,42109
2012-01-09,20240.132170542634,6.496124031007752,115.38251366120218,42230
2012-01-10,20164.649034749033,6.471042471042471,115.86612021857924,42407
2012-01-11,20187.614285714284,6.478764478764479,115.89890710382514,42419
2012-01-12,19981.544787644787,6.467181467181467,115.85792349726776,42404
2012-01-13,19977.957915057912,6.455598455598456,116.01366120218579,42461
2012-01-14,20053.887984496123,6.48062015503876,115.70491803278688,42348
2012-01-15,20105.09766536965,6.494163424124514,115.35792349726776,42221
2012-01-16,20105.09766536965,6.494163424124514,115.51639344262296,42279
2012-01-17,20068.167054263566,6.4728682170542635,115.95628415300547,42440
2012-01-18,20011.201158301155,6.4517374517374515,116.31420765027322,42571
2012-01-19,20128.59111969112,6.4517374517374515,116.22131147540983,42537
2012-01-20,20056.923166023164,6.517374517374518,116.19945355191257,42529
2012-01-21,20131.132170542634,6.542635658914729,115.77049180327869,42372
2012-01-22,20196.743579766535,6.560311284046692,115.38251366120218,42230
2012-01-23,20198.245525291826,6.560311284046692,115.64754098360656,42327
2012-01-24,20140.876356589146,6.542635658914729,116.18032786885246,42522
2012-01-25,20141.83372093023,6.550387596899225,116.22677595628416,42539
2012-01-26,20194.95387596899,6.662790697674419,116.10655737704919,42495
2012-01-27,20159.302713178295,6.658914728682171,115.9153005464481,42425
2012-01-28,20181.1326848249,6.673151750972763,115.48360655737704,42267
2012-01-29,20252.848046875,6.6953125,115.03825136612022,42104
2012-01-30,20197.272762645913,6.6770428015564205,115.3360655737705,42213
2012-01-31,20246.77945736434,6.666666666666667,115.89890710382514,42419
2012-02-01,20223.7484496124,6.674418604651163,116.09836065573771,42492
2012-02-02,20217.605038759688,6.666666666666667,116.04098360655738,42471
2012-02-03,20198.85310077519,6.670542635658915,116.0846994535519,42487
2012-02-04,20261.743579766535,6.692607003891051,115.71857923497268,42353
2012-02-05,20321.949609375,6.71484375,115.27595628415301,42191
2012-02-06,20251.264980544747,6.692607003891051,115.51912568306011,42280
2012-02-07,20236.46937984496,6.6976744186046515,116.09562841530055,42491
2012-02-08,20316.767829457363,6.713178294573644,116.3879781420765,42598
2012-02-09,20468.015891472867,6.953488372093023,116.27049180327869,42555
2012-02-10,20423.72906976744,6.949612403100775,116.18852459016394,42525
2012-02-11,20407.581782945734,6.937984496124031,115.8415300546448,42398
2012-02-12,20479.79027237354,6.964980544747082,115.51639344262296,42279
2012-02-13,20427.632170542634,6.945736434108527,115.80601092896175,42385
2012-02-14,20391.436679536677,6.942084942084942,116.35519125683061,42586
2012-02-15,20470.74942084942,6.938223938223938,116.53005464480874,42650
2012-02-16,20449.56023166023,6.934362934362935,116.49180327868852,42636
2012-02-17,20461.205019305016,6.934362934362935,116.52459016393442,42648
2012-02-18,20505.48488372093,6.953488372093023,115.98360655737704,42450
2012-02-19,20567.385603112838,6.980544747081712,115.60928961748634,42313
2012-02-20,20567.385603112838,6.980544747081712,115.77868852459017,42375
2012-02-21,20509.341472868215,6.957364341085271,116.17486338797814,42520
2012-02-22,20518.930888030885,6.945945945945946,116.43169398907104,42614
2012-02-23,20514.031274131274,6.94980694980695,116.3224043715847,42574
2012-02-24,20525.842084942084,6.957528957528957,116.38251366120218,42596
2012-02-25,20576.686434108527,6.9728682170542635,116.01366120218579,42461
2012-02-26,20646.443968871594,7.0,115.66120218579235,42332
2012-02-27,20573.601162790696,6.9728682170542635,115.91256830601093,42424
2012-02-28,20880.027413127413,7.262548262548263,116.50273224043715,42640
2012-02-29,20893.502316602317,7.2664092664092665,116.79234972677595,42746
2012-03-01,19273.259073359073,7.262548262548263,116.76775956284153,42737
2012-03-02,19272.91544401544,7.258687258687258,116.73770491803279,42726
2012-03-03,18532.182558139535,7.286821705426356,116.3415300546448,42581
2012-03-04,18575.677431906613,7.303501945525292,115.97814207650273,42448
2012-03-05,18504.77945736434,7.275193798449612,116.35792349726776,42587
2012-03-06,18446.842084942084,7.254826254826255,116.89071038251366,42782
2012-03-07,18480.849806949805,7.262548262548263,117.11475409836065,42864
2012-03-08,18158.94633204633,7.254826254826255,116.91803278688525,42792
2012-03-09,18269.45212355212,7.308880308880309,116.77322404371584,42739
2012-03-10,18328.64379844961,7.337209302325581,116.39344262295081,42600
2012-03-11,18317.209689922478,7.333333333333333,115.98087431693989,42449
2012-03-12,18267.25135135135,7.308880308880309,116.29234972677595,42563
2012-03-13,18229.292692307692,7.3,116.79234972677595,42746
2012-03-14,17952.97346153846,7.030769230769231,116.94808743169399,42803
2012-03-15,17938.400384615383,7.015384615384615,116.9153005464481,42791
2012-03-16,17915.90423076923,7.007692307692308,116.77595628415301,42740
2012-03-17,17937.614285714284,7.023166023166024,116.32786885245902,42576
2012-03-18,17917.803474903474,7.023166023166024,115.90437158469945,42421
2012-03-19,17856.09269230769,7.0,116.18306010928961,42523
2012-03-20,17813.885440613027,6.980842911877395,116.76229508196721,42735
2012-03-21,17801.682375478926,6.977011494252873,116.84426229508196,42765
2012-03-22,17765.690038314176,7.103448275862069,116.82513661202186,42758
2012-03-23,17828.471647509577,7.111111111111111,116.75956284153006,42734
2012-03-24,17856.335,7.126923076923077,116.35519125683061,42586
2012-03-25,17912.038996138996,7.1505791505791505,115.95628415300547,42440
2012-03-26,18734.146538461537,7.730769230769231,116.24863387978142,42547
2012-03-27,18759.21877394636,7.708812260536399,116.70765027322405,42715
2012-03-28,18744.55593869732,7.681992337164751,116.93442622950819,42798
2012-03-29,18514.004214559387,7.329501915708812,116.96448087431693,42809
2012-03-30,19098.563601532565,7.340996168582375,116.76775956284153,42737
2012-03-31,19130.688846153844,7.357692307692307,116.33333333333333,42578
2012-04-01,19187.78803088803,7.374517374517374,115.81420765027322,42388
2012-04-02,19113.988846153843,7.346153846153846,116.04371584699453,42472
2012-04-03,19080.68620689655,7.329501915708812,116.58196721311475,42669
2012-04-04,19152.53295019157,7.35632183908046,116.77868852459017,42741
2012-04-05,19269.1,7.337164750957855,116.79781420765028,42748
2012-04-06,18871.088505747124,7.337164750957855,116.79234972677595,42746
2012-04-07,18923.388846153844,7.365384615384615,116.25409836065573,42549
2012-04-08,18982.47915057915,7.38996138996139,115.88251366120218,42413
2012-04-09,18922.165769230767,7.365384615384615,116.11748633879782,42499
2012-04-10,18895.092337164748,7.363984674329502,116.56284153005464,42662
2012-04-11,18931.130651340995,7.383141762452107,116.81147540983606,42753
2012-04-12,18865.18429118774,7.360153256704981,116.78415300546447,42743
2012-04-13,19420.191954022986,7.325670498084291,116.60655737704919,42678
2012-04-14,19466.73115384615,6.542307692307692,116.1584699453552,42514
2012-04-15,19524.498455598456,6.552123552123552,115.77595628415301,42374
2012-04-16,19475.550384615384,6.530769230769231,116.09289617486338,42490
2012-04-17,19430.877777777776,6.517241379310345,116.54918032786885,42657
2012-04-18,19466.586590038314,6.532567049808429,116.79781420765028,42748
2012-04-19,19478.387356321837,6.532567049808429,116.85792349726776,42770
2012-04-20,19498.831800766282,6.528735632183908,116.8224043715847,42757
2012-04-21,19031.919615384613,6.542307692307692,116.44535519125684,42619
2012-04-22,19062.232046332047,6.54054054054054,116.10928961748634,42496
2012-04-23,19018.500384615385,6.5346153846153845,116.4153005464481,42608
2012-04-24,19388.613409961683,6.524904214559387,116.96448087431693,42809
2012-04-25,19554.04252873563,6.789272030651341,117.12841530054645,42869
2012-04-26,19545.111494252873,6.781609195402299,117.24043715846994,42910
2012-04-27,19559.92375478927,6.793103448275862,117.23224043715847,42907
2012-04-28,19599.26576923077,6.8,116.7431693989071,42728
2012-04-29,19648.494594594595,6.8108108108108105,116.39890710382514,42602
2012-04-30,19654.649034749033,6.814671814671815,116.70218579234972,42713
2012-05-01,19702.627307692306,6.823076923076923,117.23770491803279,42909
2012-05-02,19737.658076923075,6.838461538461538,117.4672131147541,42993
2012-05-03,19702.86192307692,6.826923076923077,117.44808743169399,42986
2012-05-04,19690.56576923077,6.815384615384615,117.27595628415301,42923
2012-05-05,19734.853667953666,6.833976833976834,116.88524590163935,42780
2012-05-06,19753.418992248062,6.8565891472868215,116.56557377049181,42663
2012-05-07,19677.150965250963,6.8301158301158305,116.86338797814207,42772
2012-05-08,19731.035,6.834615384615384,117.3415300546448,42947
2012-05-09,20549.150384615383,7.369230769230769,117.51092896174863,43009
2012-05-10,20531.51576923077,7.35,117.37978142076503,42961
2012-05-11,20564.05615384615,7.361538461538461,117.36338797814207,42955
2012-05-12,19742.465637065634,7.366795366795367,116.86338797814207,42772
2012-05-13,19790.82790697674,7.375968992248062,116.44262295081967,42618
2012-05-14,19714.41544401544,7.347490347490347,116.73497267759562,42725
2012-05-15,19688.74846153846,7.342307692307692,117.31967213114754,42939
2012-05-16,19876.631153846152,7.4653846153846155,117.54918032786885,43023
2012-05-17,19846.127307692306,7.469230769230769,117.54371584699453,43021
2012-05-18,19837.89269230769,7.4653846153846155,117.5792349726776,43034
2012-05-19,19886.82664092664,7.494208494208494,117.07650273224044,42850
2012-05-20,19919.601162790696,7.492248062015504,116.6256830601093,42685
2012-05-21,19844.36718146718,7.467181467181467,116.87978142076503,42778
2012-05-22,19892.56576923077,7.45,117.48360655737704,42999
2012-05-23,19904.031153846154,7.446153846153846,117.71584699453553,43084
2012-05-24,19939.600384615384,7.55,117.76775956284153,43103
2012-05-25,20229.66192307692,7.553846153846154,117.69945355191257,43078
2012-05-26,20228.842084942084,7.463320463320463,117.1311475409836,42870
2012-05-27,20293.783333333333,7.492248062015504,116.75956284153006,42734
2012-05-28,20293.783333333333,7.492248062015504,116.80054644808743,42749
2012-05-29,20356.548648648648,7.579150579150579,117.24590163934427,42912
2012-05-30,20368.684999999998,7.615384615384615,117.71857923497268,43085
2012-05-31,20410.427307692305,7.638461538461539,117.85519125683061,43135
2012-06-01,20392.292692307692,7.638461538461539,117.80874316939891,43118
2012-06-02,20442.13166023166,7.656370656370656,117.3743169398907,42959
2012-06-03,20507.21356589147,7.678294573643411,116.95081967213115,42804
2012-06-04,20438.359459459458,7.652509652509653,117.34972677595628,42950
2012-06-05,20590.97346153846,7.642307692307693,117.9153005464481,43157
2012-06-06,20659.72346153846,7.661538461538462,118.18306010928961,43255
2012-06-07,20700.019615384615,7.615384615384615,118.06557377049181,43212
2012-06-08,20729.058076923076,7.611538461538461,118.2431693989071,43277
2012-06-09,20781.486872586873,7.625482625482626,117.75956284153006,43100
2012-06-10,20857.566279069764,7.651162790697675,117.26775956284153,42920
2012-06-11,20787.807335907335,7.625482625482626,117.58196721311475,43035
2012-06-12,20802.488846153843,7.607692307692307,118.22404371584699,43270
2012-06-13,20846.638846153844,7.615384615384615,118.50819672131148,43374
2012-06-14,20849.292692307692,7.615384615384615,118.3879781420765,43330
2012-06-15,20812.158076923075,7.615384615384615,118.28688524590164,43293
2012-06-16,20855.899999999998,7.644787644787645,117.80601092896175,43117
2012-06-17,20810.066279069764,7.593023255813954,117.39617486338798,42967
2012-06-18,20747.87297297297,7.571428571428571,117.81420765027322,43120
2012-06-19,20909.019615384615,7.569230769230769,118.43989071038251,43349
2012-06-20,20944.896538461537,7.573076923076923,118.67213114754098,43434
2012-06-21,20952.250384615385,7.530769230769231,118.67213114754098,43434
2012-06-22,20936.85423076923,7.5346153846153845,118.71584699453553,43450
2012-06-23,20947.807335907335,7.544401544401544,118.20765027322405,43264
2012-06-24,20985.895736434108,7.565891472868217,117.68306010928961,43072
2012-06-25,20941.876833976832,7.54054054054054,118.10655737704919,43227
2012-06-26,20981.27346153846,7.561538461538461,118.79234972677595,43478
2012-06-27,21022.188846153844,7.584615384615384,119.10382513661202,43592
2012-06-28,21147.077307692307,7.676923076923077,119.1584699453552,43612
2012-06-29,21199.838846153845,7.688461538461539,119.02459016393442,43563
2012-06-30,21225.027413127413,7.702702702702703,118.3224043715847,43306
2012-07-01,21289.008139534883,7.724806201550388,118.01092896174863,43192
2012-07-02,21323.355598455597,7.876447876447877,118.26229508196721,43284
2012-07-03,21297.76576923077,7.869230769230769,118.75956284153006,43466
2012-07-04,21297.76576923077,7.869230769230769,118.77868852459017,43473
2012-07-05,21286.769615384615,7.865384615384615,118.98633879781421,43549
2012-07-06,21354.558076923076,7.884615384615385,119.05464480874316,43574
2012-07-07,21419.0583011583,7.911196911196911,118.4672131147541,43359
2012-07-08,21483.1980620155,7.930232558139535,118.1311475409836,43236
2012-07-09,21435.965637065634,7.918918918918919,118.50546448087432,43373
2012-07-10,21416.18115384615,7.911538461538462,119.17486338797814,43618
2012-07-11,21413.727307692305,7.907692307692308,119.46174863387978,43723
2012-07-12,21382.046538461538,7.8961538461538465,119.25136612021858,43646
2012-07-13,21355.19269230769,7.884615384615385,119.07377049180327,43581
2012-07-14,21368.888416988415,7.899613899613899,118.56830601092896,43396
2012-07-15,21436.36472868217,7.930232558139535,118.20491803278688,43263
2012-07-16,21436.36472868217,7.930232558139535,118.5792349726776,43400
2012-07-17,21495.266795366795,7.945945945945946,119.27595628415301,43655
2012-07-18,21486.116216216215,7.903474903474904,119.53825136612022,43751
2012-07-19,20889.166409266407,7.9073359073359075,119.60928961748634,43777
2012-07-20,20985.398069498067,7.94980694980695,119.5846994535519,43768
2012-07-21,21037.167054263566,7.9728682170542635,119.07377049180327,43581
2012-07-22,20811.074319066145,7.400778210116732,118.59836065573771,43407
2012-07-23,20736.546899224806,7.375968992248062,118.88524590163935,43512
2012-07-24,20713.417374517372,7.359073359073359,119.57650273224044,43765
2012-07-25,20852.270656370656,7.370656370656371,119.90710382513662,43886
2012-07-26,21193.258687258687,7.698841698841699,119.85245901639344,43866
2012-07-27,21172.467181467182,7.702702702702703,119.8879781420765,43879
2012-07-28,21082.934108527134,7.569767441860465,119.47267759562841,43727
2012-07-29,21154.182879377433,7.599221789883268,119.0846994535519,43585
2012-07-30,21113.457364341084,7.5813953488372094,119.40983606557377,43704
2012-07-31,21253.03474903475,7.787644787644788,120.02185792349727,43928
2012-08-01,21411.073359073358,7.926640926640927,120.38524590163935,44061
2012-08-02,21405.50193050193,7.911196911196911,120.39617486338798,44065
2012-08-03,21340.090733590732,7.891891891891892,120.25956284153006,44015
2012-08-04,21409.87015503876,7.922480620155039,119.77049180327869,43836
2012-08-05,21481.589494163425,7.953307392996109,119.37158469945355,43690
2012-08-06,21398.327519379844,7.922480620155039,119.69672131147541,43809
2012-08-07,21418.850775193798,7.926356589147287,120.22677595628416,44003
2012-08-08,21451.1996124031,7.930232558139535,120.5792349726776,44132
2012-08-09,20474.682170542637,7.934108527131783,120.47814207650273,44095
2012-08-10,20525.89534883721,7.9689922480620154,120.36065573770492,44052
2012-08-11,20578.66147859922,7.988326848249027,119.94262295081967,43899
2012-08-12,20610.58984375,8.01171875,119.43169398907104,43712
2012-08-13,20598.996108949417,8.019455252918288,119.78142076502732,43840
2012-08-14,20623.333333333332,8.01937984496124,120.44808743169399,44084
2012-08-15,20999.20930232558,8.023255813953488,120.85245901639344,44232
2012-08-16,20984.736434108527,8.011627906976743,120.67213114754098,44166
2012-08-17,21410.825581395347,8.003875968992247,120.67213114754098,44166
2012-08-18,21460.36964980545,8.027237354085603,120.2431693989071,44009
2012-08-19,21445.2890625,7.9921875,119.76502732240438,43834
2012-08-20,22035.70428015564,7.976653696498055,120.09289617486338,43954
2012-08-21,22036.368217054263,7.953488372093023,120.75409836065573,44196
2012-08-22,22058.356589147286,7.949612403100775,121.01366120218579,44291
2012-08-23,22144.86434108527,8.0,121.12295081967213,44331
2012-08-24,22115.9496124031,8.003875968992247,120.98907103825137,44282
2012-08-25,22177.8326848249,8.03112840466926,120.40437158469945,44068
2012-08-26,21053.3125,8.02734375,119.92622950819673,43893
2012-08-27,20988.821011673153,8.0,120.31147540983606,44034
2012-08-28,20942.837209302324,7.98062015503876,121.08743169398907,44318
2012-08-29,21061.12015503876,8.062015503875969,121.39344262295081,44430
2012-08-30,21097.341085271317,8.069767441860465,121.39617486338798,44431
2012-08-31,21052.065891472866,8.05813953488372,121.27868852459017,44388
2012-09-01,21072.579766536965,8.054474708171206,120.81693989071039,44219
2012-09-02,21112.15234375,8.078125,120.42622950819673,44076
2012-09-03,21112.15234375,8.078125,120.47267759562841,44093
2012-09-04,21077.922178988327,8.062256809338521,121.0,44286
2012-09-05,21021.98449612403,8.03875968992248,121.45901639344262,44454
2012-09-06,20995.763565891473,8.031007751937985,121.55464480874316,44489
2012-09-07,21030.56976744186,8.081395348837209,121.56830601092896,44494
2012-09-08,21082.76653696498,8.105058365758754,121.01092896174863,44290
2012-09-09,21021.79766536965,8.073929961089494,120.59289617486338,44137
2012-09-10,20978.833333333332,8.062015503875969,120.93442622950819,44262
2012-09-11,21087.667953667955,8.181467181467182,121.53825136612022,44483
2012-09-12,21108.679536679538,8.185328185328185,121.74043715846994,44557
2012-09-13,21333.444015444016,8.386100386100386,121.62841530054645,44516
2012-09-14,21392.930501930503,8.4015444015444,121.55464480874316,44489
2012-09-15,21466.937984496122,8.434108527131784,120.98907103825137,44282
2012-09-16,21466.357976653697,8.447470817120623,120.58196721311475,44133
2012-09-17,21384.08527131783,8.414728682170542,120.93989071038251,44264
2012-09-18,21369.81081081081,8.397683397683398,121.54918032786885,44487
2012-09-19,21412.791505791505,8.397683397683398,121.72404371584699,44551
2012-09-20,21410.30501930502,8.405405405405405,121.77322404371584,44569
2012-09-21,21168.598455598454,8.154440154440154,121.55464480874316,44489
2012-09-22,21228.80620155039,8.182170542635658,120.96174863387978,44272
2012-09-23,21279.229571984437,8.206225680933851,120.61475409836065,44145
2012-09-24,21303.949416342413,8.214007782101167,120.98360655737704,44280
2012-09-25,21636.13953488372,8.217054263565892,121.60928961748634,44509
2012-09-26,21668.37984496124,8.220930232558139,121.81147540983606,44583
2012-09-27,21488.108527131782,8.209302325581396,121.65573770491804,44526
2012-09-28,21489.6511627907,8.2015503875969,121.6584699453552,44527
2012-09-29,21540.56420233463,8.22568093385214,121.25956284153006,44381
2012-09-30,21618.2421875,8.2578125,120.86065573770492,44235
2012-10-01,22159.06225680934,8.69260700389105,121.21584699453553,44365
2012-10-02,22274.003875968992,8.868217054263566,121.78415300546447,44573
2012-10-03,22228.802325581397,8.875968992248062,122.03825136612022,44666
2012-10-04,22224.20930232558,8.872093023255815,121.92622950819673,44625
2012-10-05,22313.786821705427,8.922480620155039,121.84426229508196,44595
2012-10-06,22332.124513618677,8.933852140077821,121.34426229508196,44412
2012-10-07,22374.09375,8.9609375,120.89890710382514,44249
2012-10-08,22323.07392996109,8.941634241245136,121.18306010928961,44353
2012-10-09,22282.13565891473,8.922480620155039,121.80874316939891,44582
2012-10-10,22289.352713178294,8.930232558139535,121.89890710382514,44615
2012-10-11,22281.054263565893,8.968992248062015,121.79781420765028,44578
2012-10-12,22733.5,8.976744186046512,121.81147540983606,44583
2012-10-13,22775.206225680933,8.996108949416342,121.33879781420765,44410
2012-10-14,22652.94140625,9.02734375,120.90437158469945,44251
2012-10-15,22667.828125,9.03125,121.25409836065573,44379
2012-10-16,22646.13618677043,9.027237354085603,121.90710382513662,44618
2012-10-17,22694.46692607004,9.042801556420233,122.25409836065573,44745
2012-10-18,22716.673151750972,9.054474708171206,122.27868852459017,44754
2012-10-19,22687.739299610894,9.054474708171206,122.30054644808743,44762
2012-10-20,22754.578125,9.078125,121.77049180327869,44568
2012-10-21,22820.4431372549,9.113725490196078,121.31693989071039,44402
2012-10-22,22731.30078125,9.078125,121.57650273224044,44497
2012-10-23,22726.13618677043,9.058365758754864,122.19672131147541,44724
2012-10-24,22826.151750972764,9.101167315175097,122.3688524590164,44787
2012-10-25,22851.007782101166,9.11284046692607,122.40437158469945,44800
2012-10-26,22854.46692607004,9.167315175097276,122.37978142076503,44791
2012-10-27,22936.21875,9.19921875,121.93169398907104,44627
2012-10-28,23006.835294117645,9.223529411764705,121.44808743169399,44450
2012-10-29,22930.859375,9.19140625,121.82513661202186,44588
2012-10-30,23108.420233463035,9.190661478599221,122.38251366120218,44792
2012-10-31,23241.47859922179,9.392996108949417,122.5,44835
2012-11-01,23214.548638132295,9.38910505836576,122.47267759562841,44825
2012-11-02,22806.622568093386,9.400778210116732,122.40983606557377,44802
2012-11-03,22221.67578125,9.4296875,121.92349726775956,44624
2012-11-04,22278.67450980392,9.447058823529412,121.52459016393442,44478
2012-11-05,22209.59375,9.4140625,121.82513661202186,44588
2012-11-06,22165.782101167315,9.392996108949417,122.3688524590164,44787
2012-11-07,22194.155642023346,9.396887159533074,122.4535519125683,44818
2012-11-08,22323.750972762646,9.392996108949417,122.46994535519126,44824
2012-11-09,22315.36964980545,9.400778210116732,122.37978142076503,44791
2012-11-10,22394.42578125,9.43359375,121.90163934426229,44616
2012-11-11,22394.42578125,9.43359375,121.7431693989071,44558
2012-11-12,22394.42578125,9.43359375,121.9535519125683,44635
2012-11-13,22363.62645914397,9.42023346303502,122.47540983606558,44826
2012-11-14,22866.221789883268,9.43579766536965,122.75136612021858,44927
2012-11-15,22876.922178988327,9.431906614785992,122.67213114754098,44898
2012-11-16,22877.124513618677,9.428015564202335,122.63387978142076,44884
2012-11-17,22548.5234375,9.0859375,122.10928961748634,44692
2012-11-18,22611.549019607843,9.109803921568627,121.66120218579235,44528
2012-11-19,22524.96484375,9.07421875,121.96994535519126,44641
2012-11-20,22761.684824902724,9.315175097276265,122.45081967213115,44817
2012-11-21,25108.70038910506,9.303501945525293,122.68306010928961,44902
2012-11-22,25102.01953125,9.328125,122.18032786885246,44718
2012-11-23,25093.435294117648,9.349019607843138,121.67486338797814,44533
2012-11-24,25093.435294117648,9.349019607843138,121.64480874316939,44522
2012-11-25,25093.435294117648,9.349019607843138,121.60928961748634,44509
2012-11-26,24995.4140625,9.3125,121.93989071038251,44630
2012-11-27,24941.214007782102,9.287937743190662,122.60928961748634,44875
2012-11-28,24952.28793774319,9.311284046692608,122.87978142076503,44974
2012-11-29,24972.093385214008,9.315175097276265,122.83060109289617,44956
2012-11-30,24985.922178988327,9.46692607003891,122.87158469945355,44971
2012-12-01,25069.7890625,9.5,122.41256830601093,44803
2012-12-02,25108.321568627453,9.486274509803922,122.09836065573771,44688
2012-12-03,25018.76171875,9.453125,122.50819672131148,44838
2012-12-04,24948.49027237354,9.424124513618677,123.18032786885246,45084
2012-12-05,24972.33852140078,9.428015564202335,123.34699453551913,45145
2012-12-06,24869.587548638134,9.424124513618677,123.47814207650273,45193
2012-12-07,24855.322957198445,9.40466926070039,123.43989071038251,45179
2012-12-08,24798.684824902724,9.400778210116732,122.94535519125684,44998
2012-12-09,24778.5546875,9.35546875,122.52459016393442,44844
2012-12-10,24794.73828125,9.359375,122.82513661202186,44954
2012-12-11,24815.525291828795,9.361867704280156,123.32786885245902,45138
2012-12-12,24932.163424124512,9.373540856031129,123.47267759562841,45191
2012-12-13,24954.389105058366,9.38910505836576,123.40437158469945,45166
2012-12-14,25213.101167315173,9.392996108949417,123.48360655737704,45195
2012-12-15,24648.108949416343,9.381322957198444,123.01912568306011,45025
2012-12-16,24720.23828125,9.41015625,122.64480874316939,44888
2012-12-17,24626.54085603113,9.377431906614786,123.01912568306011,45025
2012-12-18,24590.934108527134,9.356589147286822,123.54098360655738,45216
2012-12-19,24615.124031007752,9.356589147286822,123.74863387978142,45292
2012-12-20,25519.720930232557,10.220930232558139,123.72131147540983,45282
2012-12-21,25512.45348837209,10.220930232558139,123.51639344262296,45207
2012-12-22,25427.70038910506,10.245136186770427,123.05737704918033,45039
2012-12-23,25427.070038910504,10.245136186770427,122.75956284153006,44930
2012-12-24,25339.63953488372,10.213178294573643,122.83879781420765,44959
2012-12-25,25339.63953488372,10.213178294573643,122.8415300546448,44960
2012-12-26,25241.803088803088,10.173745173745173,123.02185792349727,45026
2012-12-27,25240.718146718147,10.181467181467182,123.29508196721312,45126
2012-12-28,25284.250965250965,10.185328185328185,123.31147540983606,45132
2012-12-29,25382.251937984496,10.224806201550388,123.04371584699453,45034
2012-12-30,25451.22568093385,10.252918287937744,122.8879781420765,44977
2012-12-31,25362.182170542637,10.217054263565892,123.03005464480874,45029
2013-01-01,25362.182170542637,10.217054263565892,123.04371584699453,45034
2013-01-02,25352.629343629345,10.277992277992277,123.48087431693989,45194
2013-01-03,25292.80694980695,10.266409266409266,123.51912568306011,45208
2013-01-04,25288.85714285714,10.266409266409266,123.51912568306011,45208
2013-01-05,25379.69379844961,10.30232558139535,123.10109289617486,45055
2013-01-06,24715.984435797665,9.638132295719844,122.69945355191257,44908
2013-01-07,24656.441860465115,9.616279069767442,122.98087431693989,45011
2013-01-08,24704.872586872585,9.621621621621621,123.51092896174863,45205
2013-01-09,24818.19305019305,9.749034749034749,123.6256830601093,45247
2013-01-10,24865.34749034749,9.76061776061776,123.5792349726776,45230
2013-01-11,24875.011583011583,9.768339768339768,123.63387978142076,45250
2013-01-12,24964.600775193798,9.80232558139535,123.14754098360656,45072
2013-01-13,24932.147286821706,9.794573643410853,122.6311475409836,44883
2013-01-14,24857.440154440155,9.764478764478765,122.95081967213115,45000
2013-01-15,25227.86923076923,10.23076923076923,123.48087431693989,45194
2013-01-16,25163.172413793105,10.203065134099617,123.80874316939891,45314
2013-01-17,25530.639846743295,10.21455938697318,123.84972677595628,45329
2013-01-18,25538.773946360154,10.222222222222221,123.87158469945355,45337
2013-01-19,25491.584615384614,10.253846153846155,123.49180327868852,45198
2013-01-20,25486.30769230769,10.223938223938225,123.03005464480874,45029
2013-01-21,25486.30769230769,10.223938223938225,123.1639344262295,45078
2013-01-22,26133.275862068964,11.196153846153846,123.77049180327869,45300
2013-01-23,26273.896551724138,11.226923076923077,123.95628415300547,45368
2013-01-24,26328.66283524904,11.257692307692308,123.86612021857924,45335
2013-01-25,26469.494252873563,11.396153846153846,124.10109289617486,45421
2013-01-26,26492.311538461538,11.316602316602317,123.70218579234972,45275
2013-01-27,26579.061776061775,11.356589147286822,123.40710382513662,45167
2013-01-28,26507.69230769231,11.328185328185327,123.86065573770492,45333
2013-01-29,26460.42528735632,11.303846153846154,124.3688524590164,45519
2013-01-30,26490.015325670498,11.319230769230769,124.59289617486338,45601
2013-01-31,26410.521072796935,11.319230769230769,124.40710382513662,45533
2013-02-01,26660.291187739465,11.576923076923077,124.39344262295081,45528
2013-02-02,26641.421455938696,11.576923076923077,123.98360655737704,45378
2013-02-03,26714.576923076922,11.61003861003861,123.60109289617486,45238
2013-02-04,26641.7969348659,11.576923076923077,123.8360655737705,45324
2013-02-05,26942.534351145037,12.015325670498084,124.3743169398907,45521
2013-02-06,26999.82824427481,12.022988505747126,124.6584699453552,45625
2013-02-07,26981.568702290075,12.007662835249041,124.57103825136612,45593
2013-02-08,26957.14503816794,12.015325670498084,124.48633879781421,45562
2013-02-09,26707.190839694656,11.777777777777779,124.04918032786885,45402
2013-02-10,26790.015325670498,11.819230769230769,123.64480874316939,45254
2013-02-11,27021.97701149425,12.01923076923077,124.10928961748634,45424
2013-02-12,26982.041984732823,11.996168582375478,124.72131147540983,45648
2013-02-13,27016.442748091602,12.011494252873563,124.97267759562841,45740
2013-02-14,26996.068702290075,11.996168582375478,124.83879781420765,45691
2013-02-15,26934.736641221374,12.007662835249041,124.79234972677595,45674
2013-02-16,26924.3893129771,12.0,124.37158469945355,45520
2013-02-17,26985.570881226053,12.038461538461538,123.97540983606558,45375
2013-02-18,26985.570881226053,12.038461538461538,124.14754098360656,45438
2013-02-19,26895.893129770993,11.996168582375478,124.66939890710383,45629
2013-02-20,26818.764258555133,11.961832061068701,124.92622950819673,45723
2013-02-21,26815.885931558936,11.973282442748092,125.07103825136612,45776
2013-02-22,26814.950570342204,11.992366412213741,125.1120218579235,45791
2013-02-23,26904.27099236641,12.030651340996169,124.7103825136612,45644
2013-02-24,26980.67049808429,12.065384615384616,124.25956284153006,45479
2013-02-25,26903.049618320612,12.030651340996169,124.63934426229508,45618
2013-02-26,26854.09885931559,11.99618320610687,125.13661202185793,45800
2013-02-27,26862.93155893536,12.00381679389313,125.43715846994536,45910
2013-02-28,26519.06463878327,11.698473282442748,125.40983606557377,45900
2013-03-01,26535.32319391635,11.709923664122137,125.28415300546447,45854
2013-03-02,26619.408396946565,11.743295019157088,124.81967213114754,45684
2013-03-03,26693.226053639846,11.784615384615385,124.45901639344262,45552
2013-03-04,26628.370229007633,11.75095785440613,124.8743169398907,45704
2013-03-05,26573.749049429658,11.751908396946565,125.33879781420765,45874
2013-03-06,26613.923954372625,11.759541984732824,125.42349726775956,45905
2013-03-07,26610.96958174905,11.755725190839694,125.29781420765028,45859
2013-03-08,26621.460076045627,11.80916030534351,125.31147540983606,45864
2013-03-09,26716.736641221374,11.850574712643677,124.93715846994536,45727
2013-03-10,26572.225190839694,11.789272030651341,124.62295081967213,45612
2013-03-11,26498.615969581748,11.755725190839694,124.95628415300547,45734
2013-03-12,26544.585551330798,11.770992366412214,125.56010928961749,45955
2013-03-13,26560.954372623575,11.770992366412214,125.70491803278688,46008
2013-03-14,26581.787072243347,11.816793893129772,125.69398907103825,46004
2013-03-15,26571.197718631178,11.812977099236642,125.69672131147541,46005
2013-03-16,26660.118320610687,11.85823754789272,125.27322404371584,45850
2013-03-17,26727.191570881227,11.896153846153846,124.9207650273224,45721
2013-03-18,26655.480916030534,11.85823754789272,125.2103825136612,45827
2013-03-19,26784.175572519085,11.911877394636015,125.82513661202186,46052
2013-03-20,26817.748091603054,11.911877394636015,126.07103825136612,46142
2013-03-21,27022.862595419847,11.908045977011493,125.9535519125683,46099
2013-03-22,27215.347328244276,12.114942528735632,125.92349726775956,46088
2013-03-23,27309.624521072798,12.023076923076923,125.42349726775956,45905
2013-03-24,27239.528735632182,12.015384615384615,125.09289617486338,45784
2013-03-25,27180.58778625954,11.996168582375478,125.39071038251366,45893
2013-03-26,27186.809885931558,11.973282442748092,125.9535519125683,46099
2013-03-27,26328.99239543726,11.374045801526718,126.18032786885246,46182
2013-03-28,26279.338403041824,11.381679389312977,126.13934426229508,46167
2013-03-29,26327.315589353613,11.389312977099237,126.11475409836065,46158
2013-03-30,26223.863117870722,11.389312977099237,125.63934426229508,45984
2013-03-31,25732.08778625954,11.417624521072797,125.31147540983606,45864
2013-04-01,25647.600760456273,11.374045801526718,125.66120218579235,45992
2013-04-02,25621.299242424244,11.346007604562738,126.31147540983606,46230
2013-04-03,26176.875,11.88212927756654,126.62295081967213,46344
2013-04-04,26148.685606060608,11.88212927756654,126.56557377049181,46323
2013-04-05,26417.56818181818,12.262357414448669,126.5792349726776,46328
2013-04-06,26373.266159695817,12.30916030534351,126.12295081967213,46161
2013-04-07,26431.641221374044,12.348659003831418,125.73497267759562,46019
2013-04-08,26348.433460076045,12.30916030534351,126.03551912568307,46129
2013-04-09,26325.696969696968,12.273764258555133,126.55464480874316,46319
2013-04-10,26335.174242424244,12.269961977186313,126.78688524590164,46404
2013-04-11,26411.121212121212,12.422053231939163,126.8743169398907,46436
2013-04-12,26454.185606060608,12.4106463878327,126.97814207650273,46474
2013-04-13,26531.984790874525,12.446564885496183,126.51092896174863,46303
2013-04-14,25924.86692015209,12.446564885496183,126.1639344262295,46176
2013-04-15,25885.03787878788,12.414448669201521,126.48907103825137,46295
2013-04-16,25838.501886792452,12.378787878787879,127.08743169398907,46514
2013-04-17,25913.264150943396,12.393939393939394,127.31147540983606,46596
2013-04-18,25893.558490566036,12.382575757575758,127.35792349726776,46613
2013-04-19,25900.85283018868,12.386363636363637,127.3743169398907,46619
2013-04-20,25866.14716981132,12.378787878787879,126.91803278688525,46452
2013-04-21,25795.615094339624,12.367424242424242,126.45628415300547,46283
2013-04-22,25706.67293233083,12.320754716981131,126.69672131147541,46371
2013-04-23,25755.576779026218,12.402255639097744,127.30874316939891,46595
2013-04-24,25754.1797752809,12.390977443609023,127.48907103825137,46661
2013-04-25,25349.220973782772,12.38345864661654,127.60382513661202,46703
2013-04-26,25164.823970037454,12.11654135338346,127.72677595628416,46748
2013-04-27,25149.689138576778,12.11654135338346,127.25136612021858,46574
2013-04-28,25115.247191011236,12.101503759398497,126.85792349726776,46430
2013-04-29,25058.824626865673,12.063670411985019,127.27049180327869,46581
2013-04-30,25192.386617100372,12.332089552238806,127.81967213114754,46782
2013-05-01,25201.267657992565,12.332089552238806,127.99453551912568,46846
2013-05-02,25103.832713754648,12.305970149253731,127.91803278688525,46818
2013-05-03,25131.442379182157,12.305970149253731,127.85245901639344,46794
2013-05-04,25122.732342007435,12.302238805970148,127.36065573770492,46614
2013-05-05,25105.706319702604,12.302238805970148,127.01912568306011,46489
2013-05-06,25016.303703703703,12.256505576208179,127.35792349726776,46613
2013-05-07,24970.088560885608,12.225925925925926,127.98633879781421,46843
2013-05-08,25160.42804428044,12.448148148148148,128.16666666666666,46909
2013-05-09,25126.745387453873,12.451851851851853,128.30327868852459,46959
2013-05-10,24364.71033210332,11.940740740740742,128.40437158469945,46996
2013-05-11,24363.11623616236,11.940740740740742,128.0,46848
2013-05-12,24411.885185185187,11.973977695167287,127.59562841530055,46700
2013-05-13,24344.575645756457,11.944444444444445,127.88251366120218,46805
2013-05-14,24315.720588235294,11.92988929889299,128.58196721311475,47061
2013-05-15,24431.636029411766,11.970479704797048,128.7431693989071,47120
2013-05-16,24415.35661764706,11.959409594095941,128.74590163934425,47121
2013-05-17,24272.19301470588,11.85239852398524,128.80601092896174,47143
2013-05-18,24222.784926470587,11.826568265682656,128.29508196721312,46956
2013-05-19,24288.21955719557,11.85925925925926,127.78688524590164,46770
2013-05-20,24234.939338235294,11.830258302583026,128.1693989071038,46910
2013-05-21,24253.20695970696,11.819852941176471,128.78961748633878,47137
2013-05-22,24501.005494505494,11.823529411764707,129.12841530054644,47261
2013-05-23,24406.771062271062,11.819852941176471,129.1584699453552,47272
2013-05-24,24425.423076923078,11.863970588235293,129.13661202185793,47264
2013-05-25,24424.045955882353,11.785977859778598,128.53005464480876,47042
2013-05-26,24218.643911439114,11.825925925925926,128.13661202185793,46898
2013-05-27,24218.643911439114,11.825925925925926,128.17486338797815,46912
2013-05-28,24177.777573529413,11.793357933579335,128.69672131147541,47103
2013-05-29,24142.276556776556,11.775735294117647,129.22131147540983,47295
2013-05-30,24037.06043956044,11.669117647058824,129.2486338797814,47305
2013-05-31,24398.584249084248,12.110294117647058,129.29508196721312,47322
2013-06-01,24433.678308823528,12.125461254612546,128.69945355191257,47104
2013-06-02,24510.76937269373,12.166666666666666,128.22677595628414,46931
2013-06-03,24464.641544117647,12.129151291512915,128.56284153005464,47054
2013-06-04,24444.67948717949,12.088235294117647,129.2431693989071,47303
2013-06-05,24670.203296703297,12.099264705882353,129.46994535519124,47386
2013-06-06,24494.408424908426,12.106617647058824,129.59016393442624,47430
2013-06-07,24463.957875457876,12.099264705882353,129.54644808743168,47414
2013-06-08,24392.045787545787,12.088235294117647,129.08196721311475,47244
2013-06-09,24427.082720588234,12.125461254612546,128.4808743169399,47024
2013-06-10,24351.214285714286,12.088235294117647,128.8169398907104,47147
2013-06-11,24417.366788321167,12.054945054945055,129.51092896174865,47401
2013-06-12,24494.48722627737,12.062271062271062,129.86065573770492,47529
2013-06-13,24453.337591240877,12.058608058608058,129.8224043715847,47515
2013-06-14,24807.954379562045,12.347985347985349,129.75956284153006,47492
2013-06-15,24763.578467153286,12.333333333333334,129.23224043715848,47299
2013-06-16,24756.47627737226,12.333333333333334,128.75409836065575,47124
2013-06-17,24706.86727272727,12.306569343065693,129.0983606557377,47250
2013-06-18,24754.625,12.290909090909091,129.86338797814207,47530
2013-06-19,25103.161231884056,12.65090909090909,129.91256830601094,47548
2013-06-20,24912.556159420288,12.643636363636364,129.83333333333334,47519
2013-06-21,25013.07427536232,12.636363636363637,129.7295081967213,47481
2013-06-22,24949.958333333332,12.621818181818181,129.22677595628414,47297
2013-06-23,25021.783636363638,12.66058394160584,128.71584699453553,47110
2013-06-24,25024.291666666668,12.621818181818181,128.9945355191257,47212
2013-06-25,25043.17870036101,12.652173913043478,129.63114754098362,47445
2013-06-26,25030.326714801446,12.659420289855072,129.71038251366122,47474
2013-06-27,24947.1678700361,12.63768115942029,129.50819672131146,47400
2013-06-28,27664.976534296027,13.695652173913043,129.44262295081967,47376
2013-06-29,27521.07761732852,13.605072463768115,128.8360655737705,47154
2013-06-30,27453.839350180504,13.590579710144928,128.34426229508196,46974
2013-07-01,27402.091726618706,13.555956678700362,128.73497267759564,47117
2013-07-02,27382.098566308243,13.532374100719425,129.4016393442623,47361
2013-07-03,27309.094982078852,13.510791366906474,129.81147540983608,47511
2013-07-04,27354.559352517987,13.537906137184116,129.3306010928962,47335
2013-07-05,27266.754480286738,13.492805755395683,129.57650273224044,47425
2013-07-06,27357.77877697842,13.537906137184116,129.0191256830601,47221
2013-07-07,27374.207581227438,13.565217391304348,128.54098360655738,47046
2013-07-08,27300.516187050358,13.52346570397112,128.8360655737705,47154
2013-07-09,27302.790322580644,13.5,129.5737704918033,47424
2013-07-10,27344.084229390683,13.496402877697841,129.89617486338798,47542
2013-07-11,27358.39964157706,13.485611510791367,129.87704918032787,47535
2013-07-12,27421.75806451613,13.492805755395683,129.71311475409837,47475
2013-07-13,27494.90107913669,13.530685920577618,129.2377049180328,47301
2013-07-14,27483.257194244605,13.530685920577618,128.79234972677597,47138
2013-07-15,27441.543010752688,13.496402877697841,129.33333333333334,47336
2013-07-16,27502.519642857143,13.46594982078853,130.1448087431694,47633
2013-07-17,27648.116071428572,13.53405017921147,130.39344262295083,47724
2013-07-18,27540.526785714286,13.498207885304659,130.14207650273224,47632
2013-07-19,27564.7625,13.505376344086022,130.10655737704917,47619
2013-07-20,27531.119642857142,13.546762589928058,129.55464480874318,47417
2013-07-21,27312.1375,13.352517985611511,129.0846994535519,47245
2013-07-22,27456.507117437723,13.659498207885305,129.41256830601094,47365
2013-07-23,27461.61524822695,13.617857142857142,130.0737704918033,47607
2013-07-24,27793.38475177305,13.642857142857142,130.42896174863387,47737
2013-07-25,27766.333333333332,13.646428571428572,130.22677595628414,47663
2013-07-26,27756.36170212766,13.782142857142857,130.20491803278688,47655
2013-07-27,27371.202127659573,13.439285714285715,129.70765027322403,47473
2013-07-28,27356.36170212766,13.432142857142857,129.2377049180328,47301
2013-07-29,27266.7667844523,13.387900355871887,129.5928961748634,47431
2013-07-30,27287.897887323943,13.432624113475176,130.35245901639345,47709
2013-07-31,27504.781690140844,13.574468085106384,130.775956284153,47864
2013-08-01,27492.950704225354,13.365248226950355,130.6912568306011,47833
2013-08-02,27373.911971830985,13.25886524822695,130.60928961748633,47803
2013-08-03,27332.454225352114,13.25531914893617,130.11748633879782,47623
2013-08-04,27392.035335689045,13.284697508896798,129.71584699453553,47476
2013-08-05,27310.683098591548,13.24468085106383,130.02185792349727,47588
2013-08-06,27307.670175438598,13.226148409893993,130.70491803278688,47838
2013-08-07,27430.22105263158,13.279151943462898,131.0928961748634,47980
2013-08-08,27455.743859649123,13.289752650176679,131.18032786885246,48012
2013-08-09,27795.964912280702,13.865724381625443,130.95355191256832,47929
2013-08-10,27876.75704225352,13.907801418439716,130.47267759562843,47753
2013-08-11,27884.395759717314,13.91814946619217,130.0846994535519,47611
2013-08-12,27806.390845070422,13.875886524822695,130.4344262295082,47739
2013-08-13,27882.78596491228,13.936395759717314,131.23224043715848,48031
2013-08-14,27917.947368421053,13.982332155477032,131.60655737704917,48168
2013-08-15,27858.78947368421,13.96113074204947,131.5,48129
2013-08-16,27540.617543859647,13.964664310954063,131.37158469945356,48082
2013-08-17,27503.754385964912,13.954063604240282,130.9071038251366,47912
2013-08-18,27178.665492957745,14.0,130.4672131147541,47751
2013-08-19,27110.147368421054,13.957597173144876,130.7377049180328,47850
2013-08-20,27244.95804195804,14.193661971830986,131.27322404371586,48046
2013-08-21,26673.225524475525,14.18661971830986,131.66120218579235,48188
2013-08-22,26610.83041958042,14.179577464788732,131.47267759562843,48119
2013-08-23,26674.26048951049,14.214788732394366,131.54371584699453,48145
2013-08-24,26569.372377622378,14.165492957746478,130.93169398907105,47921
2013-08-25,26654.29649122807,14.208480565371024,130.5327868852459,47775
2013-08-26,26620.20804195804,14.179577464788732,130.87431693989072,47900
2013-08-27,26695.14111498258,14.182456140350878,131.5846994535519,48160
2013-08-28,26712.540069686413,14.182456140350878,131.9071038251366,48278
2013-08-29,26745.94425087108,14.25263157894737,131.63114754098362,48177
2013-08-30,26670.801393728223,14.182456140350878,131.49726775956285,48128
2013-08-31,26710.45104895105,14.21830985915493,130.98360655737704,47940
2013-09-01,26783.80701754386,14.265017667844523,130.5601092896175,47785
2013-09-02,26783.80701754386,14.265017667844523,130.56830601092895,47788
2013-09-03,26724.227272727272,14.225352112676056,131.0983606557377,47982
2013-09-04,26674.672473867595,14.192982456140351,131.62568306010928,48175
2013-09-05,26643.310104529617,14.178947368421053,131.56830601092895,48154
2013-09-06,26648.491289198606,14.178947368421053,131.59562841530055,48164
2013-09-07,26620.55400696864,14.16842105263158,131.09016393442624,47979
2013-09-08,26655.26223776224,14.161971830985916,130.62021857923497,47807
2013-09-09,26564.184668989546,14.112280701754386,130.97814207650273,47938
2013-09-10,26610.533101045297,14.119298245614035,131.69945355191257,48202
2013-09-11,26639.073170731706,14.192982456140351,131.98907103825135,48308
2013-09-12,26513.1637630662,14.063157894736841,131.9945355191257,48310
2013-09-13,26497.37282229965,14.056140350877193,131.97540983606558,48303
2013-09-14,26280.965156794424,13.866666666666667,131.52459016393442,48138
2013-09-15,26312.671328671328,13.894366197183098,131.1120218579235,47987
2013-09-16,26276.39024390244,13.863157894736842,131.47814207650273,48121
2013-09-17,26244.072916666668,13.839160839160838,132.28415300546447,48416
2013-09-18,26347.631944444445,13.856643356643357,132.39071038251367,48455
2013-09-19,26324.871527777777,13.874125874125873,132.32513661202185,48431
2013-09-20,26297.04861111111,13.87062937062937,132.40437158469945,48460
2013-09-21,26356.749128919862,13.898245614035087,131.82513661202185,48248
2013-09-22,26442.972027972028,13.943661971830986,131.41256830601094,48097
2013-09-23,26375.1393728223,13.898245614035087,131.77322404371586,48229
2013-09-24,26310.40625,13.86013986013986,132.42349726775956,48467
2013-09-25,26341.739583333332,13.874125874125873,132.61475409836066,48537
2013-09-26,26121.621527777777,13.846153846153847,132.5191256830601,48502
2013-09-27,26093.34375,13.842657342657343,132.52185792349727,48503
2013-09-28,26065.989583333332,13.832167832167832,132.05464480874318,48332
2013-09-29,26117.37630662021,13.873684210526315,131.5327868852459,48141
2013-09-30,26067.45138888889,13.839160839160838,131.87158469945356,48265
2013-10-01,27907.460207612457,13.822299651567944,132.46174863387978,48481
2013-10-02,27415.148788927334,13.418118466898955,132.74043715846994,48583
2013-10-03,27291.512110726642,13.257839721254355,132.72131147540983,48576
2013-10-04,27146.743944636677,13.250871080139373,132.5846994535519,48526
2013-10-05,27132.889273356403,13.247386759581882,132.09562841530055,48347
2013-10-06,27141.46875,13.244755244755245,131.6639344262295,48189
2013-10-07,27065.09688581315,13.202090592334494,132.04918032786884,48330
2013-10-08,26995.09655172414,13.17013888888889,132.65573770491804,48552
2013-10-09,27013.993103448276,13.17013888888889,133.04371584699453,48694
2013-10-10,27028.03103448276,13.177083333333334,132.95628415300547,48662
2013-10-11,27289.303448275863,13.5625,133.00273224043715,48679
2013-10-12,27242.76551724138,13.506944444444445,132.5327868852459,48507
2013-10-13,26912.826989619378,13.543554006968641,132.02732240437157,48322
2013-10-14,26978.175862068965,13.5,132.47814207650273,48487
2013-10-15,26930.10996563574,13.470588235294118,133.04371584699453,48694
2013-10-16,27119.154639175256,13.505190311418685,133.2568306010929,48772
2013-10-17,27096.213058419245,13.484429065743944,133.08196721311475,48708
2013-10-18,27120.73883161512,13.494809688581315,132.94808743169398,48659
2013-10-19,27063.676975945018,13.474048442906575,132.42349726775956,48467
2013-10-20,27127.33103448276,13.503472222222221,131.90437158469945,48277
2013-10-21,27055.800687285224,13.46712802768166,132.29234972677597,48419
2013-10-22,27202.989726027397,13.679310344827586,132.9398907103825,48656
2013-10-23,27253.60616438356,13.693103448275862,133.24043715846994,48766
2013-10-24,27313.29109589041,13.848275862068965,133.18852459016392,48747
2013-10-25,27862.15068493151,13.813793103448276,133.1120218579235,48719
2013-10-26,27911.405498281787,13.837370242214533,132.52185792349727,48503
2013-10-27,27956.827586206895,13.833333333333334,132.04098360655738,48327
2013-10-28,27906.23711340206,13.799307958477508,132.41256830601094,48463
2013-10-29,28140.280821917808,13.844827586206897,133.02732240437157,48688
2013-10-30,28164.695205479453,13.851724137931035,133.1120218579235,48719
2013-10-31,27954.130136986303,13.83448275862069,133.10109289617486,48715
2013-11-01,28018.174657534248,13.662068965517241,133.10109289617486,48715
2013-11-02,28070.18556701031,13.681660899653979,132.7377049180328,48582
2013-11-03,28123.40344827586,13.715277777777779,132.28688524590163,48417
2013-11-04,28129.501718213058,13.705882352941176,132.7295081967213,48579
2013-11-05,28081.469178082192,13.682758620689656,133.3224043715847,48796
2013-11-06,28100.13698630137,13.689655172413794,133.54644808743168,48878
2013-11-07,28077.10616438356,13.679310344827586,133.62295081967213,48906
2013-11-08,28129.246575342466,13.786206896551723,133.5846994535519,48892
2013-11-09,28003.719178082192,13.786206896551723,133.07650273224044,48706
2013-11-10,28072.525773195877,13.826989619377162,132.68032786885246,48561
2013-11-11,28072.525773195877,13.826989619377162,132.83879781420765,48619
2013-11-12,28139.051369863013,13.862068965517242,133.4672131147541,48849
2013-11-13,28076.303754266213,13.824742268041238,133.79234972677597,48968
2013-11-14,28071.361774744026,13.831615120274915,133.71584699453553,48940
2013-11-15,27625.662116040956,13.8213058419244,133.68852459016392,48930
2013-11-16,27609.143344709897,13.81786941580756,133.1448087431694,48731
2013-11-17,27671.705479452055,13.862068965517242,132.67486338797815,48559
2013-11-18,27913.798634812287,14.072164948453608,133.0327868852459,48690
2013-11-19,27860.63945578231,14.054794520547945,133.65027322404373,48916
2013-11-20,27880.414965986394,14.058219178082192,133.89344262295083,49005
2013-11-21,27637.01020408163,13.82876712328767,134.0136612021858,49049
2013-11-22,25569.714285714286,13.85958904109589,133.92349726775956,49016
2013-11-23,25483.037288135594,13.812286689419794,133.9808743169399,49037
2013-11-24,25396.945945945947,13.76530612244898,133.97267759562843,49034
2013-11-25,25328.23569023569,13.72542372881356,134.29234972677597,49151
2013-11-26,25311.375838926175,13.70608108108108,134.7568306010929,49321
2013-11-27,25416.835570469797,13.712837837837839,134.84426229508196,49353
2013-11-28,25465.154882154882,13.749152542372881,134.15300546448088,49100
2013-11-29,25515.79054054054,13.772108843537415,133.63114754098362,48909
2013-11-30,25573.216949152542,13.812286689419794,133.0846994535519,48709
2013-12-01,25634.598639455784,13.719178082191782,132.63661202185793,48545
2013-12-02,25607.213559322034,13.723549488054607,133.0054644808743,48680
2013-12-03,25612.25337837838,13.70748299319728,133.7704918032787,48960
2013-12-04,25643.844594594593,13.714285714285714,133.8306010928962,48982
2013-12-05,25645.472972972973,13.717687074829932,133.71038251366122,48938
2013-12-06,26077.986486486487,14.051020408163266,133.68852459016392,48930
2013-12-07,26053.841216216217,14.037414965986395,133.46448087431693,48848
2013-12-08,26125.86440677966,14.081911262798634,133.06284153005464,48701
2013-12-09,26133.227118644067,14.088737201365188,133.29234972677597,48785
2013-12-10,26111.85135135135,14.061224489795919,133.80601092896174,48973
2013-12-11,26111.385135135137,14.068027210884354,133.98360655737704,49038
2013-12-12,26411.70608108108,14.037414965986395,134.02459016393442,49053
2013-12-13,26313.652027027027,14.02721088435374,133.95081967213116,49026
2013-12-14,26359.69152542373,14.058020477815699,133.45081967213116,48843
2013-12-15,26116.95593220339,14.051194539249147,132.9207650273224,48649
2013-12-16,26122.39322033898,14.054607508532424,133.2513661202186,48770
2013-12-17,26086.516891891893,14.020408163265307,133.76775956284152,48959
2013-12-18,26106.202702702703,14.02721088435374,133.88251366120218,49001
2013-12-19,26089.827702702703,14.02721088435374,133.90437158469945,49009
2013-12-20,26085.324324324323,14.034013605442176,133.76775956284152,48959
2013-12-21,25281.385135135137,13.268707482993197,133.32513661202185,48797
2013-12-22,25340.91186440678,13.30716723549488,133.03005464480876,48689
2013-12-23,25262.962837837837,13.26530612244898,133.30054644808743,48788
2013-12-24,25291.554054054053,13.275510204081632,133.5601092896175,48883
2013-12-25,25367.5593220339,13.313993174061434,133.4808743169399,48854
2013-12-26,25323.16554054054,13.27891156462585,133.84426229508196,48987
2013-12-27,25356.83108108108,13.29251700680272,133.8879781420765,49003
2013-12-28,25332.591216216217,13.285714285714286,133.34699453551912,48805
2013-12-29,25345.877966101696,13.313993174061434,133.0,48678
2013-12-30,25419.932432432433,13.387755102040817,133.26502732240436,48775
2013-12-31,25372.794612794612,13.36271186440678,133.5655737704918,48885
2014-01-01,25450.141891891893,13.404761904761905,133.44808743169398,48842
2014-01-02,25377.909090909092,13.36271186440678,133.91256830601094,49012
2014-01-03,25317.824915824916,13.28135593220339,133.84972677595627,48989
2014-01-04,25283.205387205388,13.264406779661018,133.32513661202185,48797
2014-01-05,25364.402027027027,13.30952380952381,132.84699453551912,48622
2014-01-06,25292.24579124579,13.267796610169492,133.15300546448088,48734
2014-01-07,25232.56375838926,13.22972972972973,133.73497267759564,48947
2014-01-08,25459.98322147651,13.550675675675675,133.9863387978142,49039
2014-01-09,25373.110738255033,13.530405405405405,133.9808743169399,49037
2014-01-10,25272.040268456374,13.41891891891892,133.96994535519124,49033
2014-01-11,25230.765100671142,13.408783783783784,133.78688524590163,48966
2014-01-12,25287.262626262625,13.440677966101696,133.34699453551912,48805
2014-01-13,25212.43288590604,13.402027027027026,133.6912568306011,48931
2014-01-14,25729.18456375839,13.81418918918919,134.28142076502732,49147
2014-01-15,27402.40268456376,13.824324324324325,134.47814207650273,49219
2014-01-16,27023.446308724833,13.381756756756756,134.4207650273224,49198
2014-01-17,27020.812080536914,13.381756756756756,134.4207650273224,49198
2014-01-18,26663.476510067114,13.368243243243244,134.3306010928962,49165
2014-01-19,26728.21212121212,13.403389830508475,133.8415300546448,48986
2014-01-20,26728.21212121212,13.403389830508475,134.00273224043715,49045
2014-01-21,26763.20202020202,13.364864864864865,134.6120218579235,49268
2014-01-22,26728.956375838927,13.333333333333334,135.01092896174865,49414
2014-01-23,26167.93624161074,12.484848484848484,134.88524590163934,49368
2014-01-24,26066.241610738256,12.464646464646465,134.89617486338798,49372
2014-01-25,26002.355704697988,12.43097643097643,134.64754098360655,49281
2014-01-26,25949.89898989899,12.344594594594595,134.12841530054644,49091
2014-01-27,25880.11744966443,12.313131313131313,134.42896174863387,49201
2014-01-28,25840.859531772574,12.278523489932885,135.06284153005464,49433
2014-01-29,25900.016722408025,12.268456375838927,135.05464480874318,49430
2014-01-30,25900.872909698995,12.28523489932886,135.19945355191257,49483
2014-01-31,25893.45150501672,12.275167785234899,135.23497267759564,49496
2014-02-01,25852.575250836122,12.261744966442953,135.1830601092896,49477
2014-02-02,25704.291946308724,12.067340067340067,134.78415300546447,49331
2014-02-03,25732.271812080537,12.077441077441078,135.12021857923497,49454
2014-02-04,25717.046822742475,12.100671140939598,135.7377049180328,49680
2014-02-05,25747.090301003343,12.104026845637584,135.98360655737704,49770
2014-02-06,25412.066889632108,11.684563758389261,135.8306010928962,49714
2014-02-07,25439.734899328858,11.713804713804715,135.37431693989072,49547
2014-02-08,25486.164983164985,11.739864864864865,134.88251366120218,49367
2014-02-09,25523.89527027027,11.759322033898306,134.46994535519124,49216
2014-02-10,25531.993243243243,11.759322033898306,134.6639344262295,49287
2014-02-11,25668.478114478115,11.739864864864865,135.24043715846994,49498
2014-02-12,25497.40740740741,11.58108108108108,135.24590163934425,49500
2014-02-13,25511.545454545456,11.611486486486486,135.12568306010928,49456
2014-02-14,25527.434343434343,11.64527027027027,135.13387978142077,49459
2014-02-15,25508.56228956229,11.638513513513514,134.94535519125682,49390
2014-02-16,25578.614864864863,11.667796610169491,134.50819672131146,49230
2014-02-17,25665.322033898305,11.70748299319728,134.6912568306011,49297
2014-02-18,25635.83445945946,11.677966101694915,135.25409836065575,49503
2014-02-19,25624.057239057238,11.655405405405405,135.58743169398906,49625
2014-02-20,25641.989898989897,11.662162162162161,135.63934426229508,49644
2014-02-21,25654.61952861953,11.66891891891892,135.79781420765028,49702
2014-02-22,25638.34006734007,11.655405405405405,135.4863387978142,49588
2014-02-23,25648.108108108107,11.664406779661016,135.07103825136613,49436
2014-02-24,25572.252525252527,11.631756756756756,135.37978142076503,49549
2014-02-25,25542.822147651008,11.61952861952862,135.9398907103825,49754
2014-02-26,25586.342281879195,11.62962962962963,136.1912568306011,49846
2014-02-27,25831.664429530203,11.818181818181818,136.1830601092896,49843
2014-02-28,25844.607382550337,11.824915824915825,136.275956284153,49877
2014-03-01,25812.724832214764,11.818181818181818,135.97267759562843,49766
2014-03-02,25873.488215488214,11.844594594594595,135.63114754098362,49641
2014-03-03,25787.46979865772,11.804713804713804,135.9672131147541,49764
2014-03-04,26021.591973244147,11.98993288590604,136.57650273224044,49987
2014-03-05,26018.511705685618,11.993288590604028,136.60109289617486,49996
2014-03-06,26582.066889632108,12.389261744966444,136.62841530054644,50006
2014-03-07,26602.9364548495,12.416107382550335,136.62841530054644,50006
2014-03-08,26600.120401337794,12.412751677852349,136.4672131147541,49947
2014-03-09,26637.459731543626,12.393939393939394,135.95901639344262,49761
2014-03-10,26578.959866220735,12.355704697986576,136.31967213114754,49893
2014-03-11,26662.541806020068,12.409395973154362,137.12841530054644,50189
2014-03-12,26656.92642140468,12.409395973154362,137.3415300546448,50267
2014-03-13,26645.91973244147,12.406040268456376,137.24590163934425,50232
2014-03-14,26691.75585284281,12.436241610738255,137.20218579234972,50216
2014-03-15,26645.344481605352,12.379194630872483,136.88524590163934,50100
2014-03-16,26718.89932885906,12.417508417508417,136.45081967213116,49941
2014-03-17,26650.297658862877,12.379194630872483,136.90983606557376,50109
2014-03-18,26606.823333333334,12.34448160535117,137.60928961748633,50365
2014-03-19,26616.923333333332,12.354515050167224,137.95081967213116,50490
2014-03-20,26539.873333333333,12.31438127090301,137.97540983606558,50499
2014-03-21,26553.55,12.354515050167224,137.93715846994536,50485
2014-03-22,26358.99,12.351170568561873,137.78415300546447,50429
2014-03-23,26269.003344481604,12.208053691275168,137.4071038251366,50291
2014-03-24,26449.316666666666,12.381270903010034,137.74043715846994,50413
2014-03-25,26646.19,12.387959866220736,138.2704918032787,50607
2014-03-26,26652.393333333333,12.384615384615385,138.46994535519124,50680
2014-03-27,26640.44,12.404682274247492,138.5191256830601,50698
2014-03-28,26634.16,12.404682274247492,138.59016393442624,50724
2014-03-29,26595.606666666667,12.391304347826088,138.23224043715848,50593
2014-03-30,26630.33110367893,12.426174496644295,137.79781420765028,50434
2014-03-31,26647.260869565216,12.436241610738255,138.12568306010928,50554
2014-04-01,26641.803333333333,12.451505016722408,138.78688524590163,50796
2014-04-02,26646.05,12.45819397993311,139.05464480874318,50894
2014-04-03,26631.06333333333,12.461538461538462,138.9207650273224,50845
2014-04-04,26189.266666666666,12.003344481605351,138.89890710382514,50837
2014-04-05,26179.65,11.993311036789297,138.47814207650273,50683
2014-04-06,25949.83277591973,11.671140939597315,138.0136612021858,50513
2014-04-07,25863.333333333332,11.632107023411372,138.45355191256832,50674
2014-04-08,25837.68438538206,11.613333333333333,139.02459016393442,50883
2014-04-09,25861.986710963454,11.623333333333333,139.32513661202185,50993
2014-04-10,25837.00664451827,11.63,139.4672131147541,51045
2014-04-11,25829.056478405317,11.633333333333333,139.48360655737704,51051
2014-04-12,25723.056478405317,11.476666666666667,138.97540983606558,50865
2014-04-13,25725.376666666667,11.498327759197325,138.40983606557376,50658
2014-04-14,26231.232558139534,12.056666666666667,138.81420765027323,50806
2014-04-15,26237.3488372093,12.056666666666667,139.40983606557376,51024
2014-04-16,26217.0511627907,12.05,139.72677595628414,51140
2014-04-17,26258.333554817276,12.056666666666667,139.61475409836066,51099
2014-04-18,27161.360132890368,13.183333333333334,139.68852459016392,51126
2014-04-19,27153.25382059801,13.183333333333334,139.17486338797815,50938
2014-04-20,27206.254666666668,13.210702341137123,138.70491803278688,50766
2014-04-21,27454.721333333335,13.478260869565217,139.08743169398906,50906
2014-04-22,27522.24466666667,13.491638795986622,139.77322404371586,51157
2014-04-23,27537.698,13.505016722408026,140.16120218579235,51299
2014-04-24,27498.511333333336,13.404682274247492,140.1830601092896,51307
2014-04-25,27851.801333333333,13.555183946488294,140.24043715846994,51328
2014-04-26,27826.821333333333,13.548494983277592,139.5655737704918,51081
2014-04-27,27903.95117056856,13.587248322147651,139.0136612021858,50879
2014-04-28,27923.7872909699,13.590604026845638,139.37978142076503,51013
2014-04-29,27941.11839464883,13.600671140939598,139.93169398907105,51215
2014-04-30,27925.232107023414,13.600671140939598,140.06830601092895,51265
2014-05-01,27753.941137123747,13.328859060402685,140.0,51240
2014-05-02,27821.252173913046,13.36241610738255,140.10928961748633,51280
2014-05-03,27808.466220735787,13.355704697986576,139.66666666666666,51118
2014-05-04,27843.612080536914,13.387205387205388,139.2431693989071,50963
2014-05-05,28511.877181208056,14.026936026936028,139.6830601092896,51124
2014-05-06,29037.8033557047,14.501683501683502,140.23497267759564,51326
2014-05-07,29095.43422818792,14.531986531986531,140.39344262295083,51384
2014-05-08,29304.729530201344,14.784511784511784,140.34426229508196,51366
2014-05-09,29390.528187919463,14.801346801346801,140.39617486338798,51385
2014-05-10,29311.471140939597,14.771043771043772,139.775956284153,51158
2014-05-11,29389.292592592596,14.817567567567568,139.2486338797814,50965
2014-05-12,29506.602356902356,14.912162162162161,139.7295081967213,51141
2014-05-13,30332.459395973157,15.592592592592593,140.3879781420765,51382
2014-05-14,30407.14060402685,15.592592592592593,140.60382513661202,51461
2014-05-15,30567.93590604027,15.771043771043772,140.44808743169398,51404
2014-05-16,30520.81845637584,15.747474747474747,140.51639344262296,51429
2014-05-17,30493.811744966446,15.737373737373737,139.94808743169398,51221
2014-05-18,30460.560067114096,15.727272727272727,139.4262295081967,51030
2014-05-19,30780.85201342282,15.734006734006734,139.9863387978142,51235
2014-05-20,30727.23712374582,15.691275167785236,140.57103825136613,51449
2014-05-21,31538.457859531773,16.37248322147651,140.80054644808743,51533
2014-05-22,31568.00635451505,16.385906040268456,140.77868852459017,51525
2014-05-23,31384.584949832777,16.399328859060404,140.95355191256832,51589
2014-05-24,31365.658528428095,16.392617449664428,140.32513661202185,51359
2014-05-25,31330.133444816056,16.40740740740741,139.89071038251367,51200
2014-05-26,31330.133444816056,16.40740740740741,139.89890710382514,51203
2014-05-27,31263.41966666667,16.36577181208054,140.39344262295083,51384
2014-05-28,31807.21561461794,16.926421404682273,140.9945355191257,51604
2014-05-29,31841.50465116279,16.94648829431438,141.0846994535519,51637
2014-05-30,32106.986378737543,17.140468227424748,141.16666666666666,51667
2014-05-31,32080.986378737543,17.137123745819398,140.72677595628414,51506
2014-06-01,31780.563000000002,16.73489932885906,140.21584699453553,51319
2014-06-02,31864.780398671097,16.705685618729095,140.6830601092896,51490
2014-06-03,31800.34735099338,16.66,141.36065573770492,51738
2014-06-04,31805.96655629139,16.663333333333334,141.57650273224044,51817
2014-06-05,31790.675165562916,16.676666666666666,141.43715846994536,51766
2014-06-06,31605.443377483443,16.67,141.4153005464481,51758
2014-06-07,31565.29105960265,16.64666666666667,140.75409836065575,51516
2014-06-08,31635.826910299005,16.68896321070234,140.2704918032787,51339
2014-06-09,31643.255481727578,16.68896321070234,140.80601092896174,51535
2014-06-10,31605.43344370861,16.653333333333332,141.4808743169399,51782
2014-06-11,31716.913576158942,16.66,141.60928961748633,51829
2014-06-12,31614.14536423841,16.68,141.52185792349727,51797
2014-06-13,31578.86390728477,16.683333333333334,141.3879781420765,51748
2014-06-14,31539.658609271526,16.676666666666666,140.79781420765028,51532
2014-06-15,31283.49800664452,16.46153846153846,140.29781420765028,51349
2014-06-16,32226.40166112957,16.471571906354516,140.85792349726776,51554
2014-06-17,32292.11926910299,16.48160535117057,141.48907103825135,51785
2014-06-18,32310.50797342193,16.48160535117057,141.80054644808743,51899
2014-06-19,32222.61760797342,16.464882943143813,141.80601092896174,51901
2014-06-20,31948.494684385383,16.13377926421405,142.06284153005464,51995
2014-06-21,31917.64750830565,16.123745819397993,141.5136612021858,51794
2014-06-22,31777.81362126246,16.110367892976587,141.10382513661202,51644
2014-06-23,31809.84019933555,16.11705685618729,141.70491803278688,51864
2014-06-24,32888.4201986755,17.006666666666668,142.2568306010929,52066
2014-06-25,32828.73145695365,17.006666666666668,142.50819672131146,52158
2014-06-26,32776.069205298016,17.16,142.47540983606558,52146
2014-06-27,32797.5559602649,17.166666666666668,142.49180327868854,52152
2014-06-28,32770.569205298016,17.143333333333334,142.03005464480876,51983
2014-06-29,30331.002990033223,16.20066889632107,141.46174863387978,51775
2014-06-30,30916.44485049834,16.240802675585286,141.9808743169399,51965
2014-07-01,30988.169102990036,16.25752508361204,142.62295081967213,52200
2014-07-02,30980.79700996678,16.264214046822744,142.80327868852459,52266
2014-07-03,30941.089368770765,16.25083612040134,142.7704918032787,52254
2014-07-04,31011.503,16.16778523489933,142.1120218579235,52013
2014-07-05,31011.503,16.16778523489933,142.09562841530055,52007
2014-07-06,31001.979666666666,16.164429530201343,141.87158469945356,51925
2014-07-07,30941.99966777409,16.11371237458194,142.30601092896174,52084
2014-07-08,30893.400331125828,16.083333333333332,142.95901639344262,52323
2014-07-09,31037.728145695364,16.14666666666667,143.3224043715847,52456
2014-07-10,30991.320860927153,16.13,143.29781420765028,52447
2014-07-11,30995.102317880795,16.143333333333334,143.20218579234972,52412
2014-07-12,30928.804304635763,16.133333333333333,142.5601092896175,52177
2014-07-13,30929.47142857143,16.17056856187291,142.06830601092895,51997
2014-07-14,30875.764569536426,16.126666666666665,142.60928961748633,52195
2014-07-15,30955.582450331127,16.19333333333333,143.22677595628414,52421
2014-07-16,32121.118874172185,16.186666666666667,143.36065573770492,52470
2014-07-17,32026.459933774837,16.19,143.13934426229508,52389
2014-07-18,32319.94006622517,16.393333333333334,143.18852459016392,52407
2014-07-19,32298.62880794702,16.386666666666667,142.7431693989071,52244
2014-07-20,32364.61760797342,16.42809364548495,142.2622950819672,52068
2014-07-21,32457.29534883721,16.463333333333335,142.8879781420765,52297
2014-07-22,32504.614285714288,16.476666666666667,143.46448087431693,52508
2014-07-23,32303.41162790698,16.153333333333332,143.83879781420765,52645
2014-07-24,32242.547840531563,16.153333333333332,143.75409836065575,52614
2014-07-25,31965.25880398671,16.136666666666667,143.71311475409837,52599
2014-07-26,31941.61262458472,16.123333333333335,143.2377049180328,52425
2014-07-27,31936.63466666667,16.040133779264213,142.68032786885246,52221
2014-07-28,32009.148,16.046822742474916,143.28688524590163,52443
2014-07-29,32074.791333333334,16.08361204013378,143.89344262295083,52665
2014-07-30,32090.108,16.103678929765888,144.04098360655738,52719
2014-07-31,32010.048000000003,16.02675585284281,143.77322404371586,52621
2014-08-01,31818.984666666667,15.896321070234114,143.51639344262296,52527
2014-08-02,31639.304666666667,15.889632107023411,142.9808743169399,52331
2014-08-03,31708.88093645485,15.919463087248323,142.45901639344262,52140
2014-08-04,31742.656856187292,15.922818791946309,142.94808743169398,52319
2014-08-05,31680.001333333334,15.88628762541806,143.5846994535519,52552
2014-08-06,31703.921333333335,15.896321070234114,143.92896174863387,52678
2014-08-07,31634.548000000003,15.879598662207357,143.82513661202185,52640
2014-08-08,31541.274666666668,15.832775919732441,143.62295081967213,52566
2014-08-09,31604.727090301003,15.87248322147651,143.0054644808743,52340
2014-08-10,31340.870469798658,15.367003367003367,142.6448087431694,52208
2014-08-11,31274.503010033444,15.335570469798657,143.1448087431694,52391
2014-08-12,31246.088,15.301003344481606,143.90983606557376,52671
2014-08-13,31364.414666666667,15.411371237458194,144.16666666666666,52765
2014-08-14,31278.931333333334,15.357859531772576,143.97267759562843,52694
2014-08-15,31250.238,15.297658862876254,143.75956284153006,52616
2014-08-16,31216.844666666668,15.290969899665551,143.21584699453553,52417
2014-08-17,31296.987959866223,15.332214765100671,142.73497267759564,52241
2014-08-18,31703.964548494983,15.348993288590604,143.20491803278688,52413
2014-08-19,31672.968,15.307692307692308,143.83879781420765,52645
2014-08-20,31724.528000000002,15.311036789297658,144.18579234972677,52772
2014-08-21,31598.051333333333,15.053511705685619,144.15300546448088,52760
2014-08-22,31583.616333333335,15.053511705685619,144.02185792349727,52712
2014-08-23,31569.076333333334,15.104026845637584,143.54371584699453,52537
2014-08-24,31554.016387959866,15.114478114478114,142.94808743169398,52319
2014-08-25,31586.581605351173,15.124579124579125,143.49726775956285,52520
2014-08-26,31497.196333333333,15.077181208053691,144.14754098360655,52758
2014-08-27,31515.456333333335,15.077181208053691,144.41256830601094,52855
2014-08-28,31516.909666666666,15.208053691275168,144.33879781420765,52828
2014-08-29,31524.01466666667,15.221476510067115,144.10382513661202,52742
2014-08-30,31464.818000000003,15.144295302013424,143.60655737704917,52560
2014-08-31,31540.115050167224,15.191919191919192,143.1584699453552,52396
2014-09-01,31540.115050167224,15.191919191919192,143.15027322404373,52393
2014-09-02,31520.354666666666,15.184563758389261,143.83879781420765,52645
2014-09-03,33214.45315614618,15.160535117056856,144.39344262295083,52848
2014-09-04,33223.92159468438,15.177257525083611,144.48907103825135,52883
2014-09-05,33295.34019933555,15.200668896321071,144.62568306010928,52933
2014-09-06,33285.16079734219,15.200668896321071,144.1693989071038,52766
2014-09-07,33369.00133333333,15.24496644295302,143.6830601092896,52588
2014-09-08,33547.66883333334,15.251677852348994,144.2622950819672,52800
2014-09-09,33623.59684385382,15.214046822742475,144.81420765027323,53002
2014-09-10,33654.630066445185,15.220735785953178,144.96994535519124,53059
2014-09-11,33652.77624584718,15.237458193979933,144.8224043715847,53005
2014-09-12,33642.66328903654,15.20401337792642,144.81147540983608,53001
2014-09-13,33599.42740863787,15.19732441471572,144.19398907103826,52775
2014-09-14,33692.12216666667,15.24496644295302,143.65573770491804,52578
2014-09-15,33752.408833333335,15.261744966442953,144.24043715846994,52792
2014-09-16,33738.62674418605,15.240802675585284,144.8087431693989,53000
2014-09-17,33822.3842192691,15.234113712374581,145.03551912568307,53083
2014-09-18,34549.673255813956,15.22742474916388,144.827868852459,53007
2014-09-19,34514.26129568106,15.23076923076923,145.0054644808743,53072
2014-09-20,34477.63671096346,15.200668896321071,144.69945355191257,52960
2014-09-21,34559.71883333333,15.241610738255034,144.14207650273224,52756
2014-09-22,34701.673255813956,15.468227424749164,144.71857923497268,52967
2014-09-23,34634.98890728477,15.436666666666667,145.35792349726776,53201
2014-09-24,34650.270364238415,15.443333333333333,145.72131147540983,53334
2014-09-25,34668.67102649007,15.44,145.66120218579235,53312
2014-09-26,34773.151158940396,15.486666666666666,145.66666666666666,53314
2014-09-27,34628.73062913907,15.483333333333333,145.15027322404373,53125
2014-09-28,34620.48559602649,15.48,144.6912568306011,52957
2014-09-29,34697.16440397351,15.496666666666666,145.19398907103826,53141
2014-09-30,34678.00214521452,15.458471760797343,145.78688524590163,53358
2014-10-01,34665.79422442245,15.455149501661129,146.03825136612022,53450
2014-10-02,32901.368481848185,15.475083056478406,145.99180327868854,53433
2014-10-03,32859.30577557756,15.465116279069768,145.97814207650273,53428
2014-10-04,32806.464191419145,15.438538205980066,145.61475409836066,53295
2014-10-05,32913.439238410596,15.49,145.1693989071038,53132
2014-10-06,32937.52201986755,15.496666666666666,145.81967213114754,53370
2014-10-07,32903.447689768975,15.458471760797343,146.47267759562843,53609
2014-10-08,33034.850330033005,15.56810631229236,146.70218579234972,53693
2014-10-09,33036.880033003305,15.564784053156146,146.672131147541,53682
2014-10-10,33721.97574257426,16.13621262458472,146.60928961748633,53659
2014-10-11,33669.72491749175,16.11627906976744,146.06830601092895,53461
2014-10-12,33517.608112582784,15.79,145.61748633879782,53296
2014-10-13,33556.63129139073,15.8,146.2377049180328,53523
2014-10-14,33510.84372937294,15.757475083056478,146.91256830601094,53770
2014-10-15,33643.81072607261,15.996677740863788,147.02732240437157,53812
2014-10-16,33658.87673267327,16.00996677740864,146.98907103825135,53798
2014-10-17,33518.5599009901,16.0,146.9398907103825,53780
2014-10-18,33485.03514851485,15.993355481727574,146.4398907103825,53597
2014-10-19,33531.151158940396,16.023333333333333,145.97540983606558,53427
2014-10-20,33571.1048013245,16.036666666666665,146.53825136612022,53633
2014-10-21,33546.266171617164,16.01328903654485,147.19945355191257,53875
2014-10-22,33736.29257425743,16.26578073089701,147.46174863387978,53971
2014-10-23,33686.091254125415,16.033222591362126,147.28961748633878,53908
2014-10-24,33673.53349834984,16.026578073089702,147.30601092896174,53914
2014-10-25,33656.45248344371,15.916666666666666,146.775956284153,53720
2014-10-26,33142.82940199336,15.966555183946488,146.34972677595627,53564
2014-10-27,33206.19751655629,16.156666666666666,146.87704918032787,53757
2014-10-28,33126.988943894394,16.11295681063123,147.50819672131146,53988
2014-10-29,33091.2199669967,16.099667774086377,147.6693989071038,54047
2014-10-30,32786.50379537954,16.00996677740864,147.59562841530055,54020
2014-10-31,33759.11765676568,16.980066445182725,147.70218579234972,54059
2014-11-01,33737.30577557756,16.966777408637874,147.13661202185793,53852
2014-11-02,33640.7571192053,17.003333333333334,146.6693989071038,53681
2014-11-03,33595.46089108911,16.963455149501662,146.99726775956285,53801
2014-11-04,33508.14358552632,16.91390728476821,147.5928961748634,54019
2014-11-05,33481.28174342105,16.897350993377483,147.827868852459,54105
2014-11-06,33464.650164473685,16.887417218543046,147.6448087431694,54038
2014-11-07,33488.586019736846,16.90066225165563,147.5737704918033,54012
2014-11-08,33585.16551155115,16.953488372093023,146.9398907103825,53780
2014-11-09,33609.28857615894,16.89666666666667,146.5191256830601,53626
2014-11-10,33636.47069536424,16.903333333333332,147.0737704918033,53829
2014-11-11,33636.47069536424,16.903333333333332,147.28961748633878,53908
2014-11-12,33572.977392739274,16.853820598006646,147.94262295081967,54147
2014-11-13,33442.66716171617,16.78405315614618,147.81147540983608,54099
2014-11-14,33558.68696369637,16.81063122923588,147.8306010928962,54106
2014-11-15,33515.68036303631,16.78405315614618,147.38251366120218,53942
2014-11-16,33591.60976821192,16.83,146.87704918032787,53757
2014-11-17,33630.80182119206,16.843333333333334,147.57103825136613,54011
2014-11-18,33587.66386138614,16.81063122923588,148.275956284153,54269
2014-11-19,33289.446039603965,16.568106312292358,148.5191256830601,54358
2014-11-20,33274.39653465347,16.548172757475083,148.42896174863387,54325
2014-11-21,33400.95759075908,16.55481727574751,148.54644808743168,54368
2014-11-22,33362.01039603961,16.54152823920266,148.1120218579235,54209
2014-11-23,33443.3713576159,16.563333333333333,147.66666666666666,54046
2014-11-24,33466.47400662252,16.57,148.30601092896174,54280
2014-11-25,34669.917715231786,17.663333333333334,149.08196721311475,54564
2014-11-26,34661.010430463575,17.656666666666666,149.40437158469945,54682
2014-11-27,34708.70813953489,17.68896321070234,148.91803278688525,54504
2014-11-28,34719.64716666667,17.741610738255034,148.52185792349727,54359
2014-11-29,34605.10348837209,17.741610738255034,148.52459016393442,54360
2014-11-30,34605.10348837209,17.741610738255034,148.51092896174865,54355
2014-12-01,34531.427649006626,17.695652173913043,149.23497267759564,54620
2014-12-02,34435.19851485149,17.64,149.83333333333334,54839
2014-12-03,34431.832178217825,17.613333333333333,150.16120218579235,54959
2014-12-04,34346.139108910895,17.586666666666666,150.14207650273224,54952
2014-12-05,34329.56485148515,17.586666666666666,150.39617486338798,55045
2014-12-06,34305.007095709574,17.576666666666668,150.21311475409837,54978
2014-12-07,33967.2951986755,17.301003344481604,149.79234972677597,54824
2014-12-08,34011.75215231788,17.321070234113712,149.96174863387978,54886
2014-12-09,33974.57805280528,17.303333333333335,150.54371584699453,55099
2014-12-10,35074.693564356436,17.31,150.88251366120218,55223
2014-12-11,35023.64735973597,17.293333333333333,150.89890710382514,55229
2014-12-12,35035.337128712876,17.29,150.96448087431693,55253
2014-12-13,34757.20248344371,17.34448160535117,150.6584699453552,55141
2014-12-14,34860.076910299,17.399328859060404,150.38524590163934,55041
2014-12-15,34796.45745033113,17.354515050167223,151.18579234972677,55334
2014-12-16,34830.77533112583,17.37123745819398,151.72677595628414,55532
2014-12-17,34863.42102649007,17.37458193979933,151.9945355191257,55630
2014-12-18,35720.636258278144,17.367892976588628,152.01639344262296,55638
2014-12-19,35943.44751655629,17.525083612040135,152.09562841530055,55667
2014-12-20,36027.66827242525,17.57046979865772,151.55464480874318,55469
2014-12-21,36131.4005,17.622895622895623,151.18579234972677,55334
2014-12-22,36176.9805,17.646464646464647,151.70491803278688,55524
2014-12-23,36076.50880398671,17.59731543624161,152.2513661202186,55724
2014-12-24,36101.88754152824,17.604026845637584,152.39344262295083,55776
2014-12-25,36190.417166666666,17.653198653198654,152.12841530054644,55679
2014-12-26,36070.18322259136,17.593959731543624,152.34699453551912,55759
2014-12-27,36149.6605,17.643097643097644,151.98907103825135,55628
2014-12-28,36237.234615384616,17.68918918918919,151.7431693989071,55538
2014-12-29,36365.632608695654,17.83108108108108,152.275956284153,55733
2014-12-30,36296.97383333334,17.78787878787879,152.83879781420765,55939
2014-12-31,36204.4905,17.68686868686869,152.98907103825135,55994
2015-01-01,36287.38177257525,17.72635135135135,152.68032786885246,55881
2015-01-02,36194.0005,17.673400673400675,153.02732240437157,56008
2015-01-03,36301.68277591973,17.72972972972973,152.55737704918033,55836
2015-01-04,36406.57768456376,17.783050847457627,152.1584699453552,55690
2015-01-05,36502.87298657718,17.8,152.5983606557377,55851
2015-01-06,36450.08411371238,17.77364864864865,153.24043715846994,56086
2015-01-07,36516.63929765886,17.780405405405407,153.49726775956285,56180
2015-01-08,36551.819899665556,17.777027027027028,153.49726775956285,56180
2015-01-09,36424.45200668897,17.486486486486488,153.5327868852459,56193
2015-01-10,36508.721979865775,17.528813559322035,153.01092896174865,56002
2015-01-11,36480.97701342282,17.515254237288136,152.60382513661202,55853
2015-01-12,36525.413255033556,17.53220338983051,152.8415300546448,55940
2015-01-13,36435.5991638796,17.486486486486488,153.53825136612022,56195
2015-01-14,36443.48210702341,17.493243243243242,153.78961748633878,56287
2015-01-15,36009.18110367893,17.114864864864863,153.93169398907105,56339
2015-01-16,34389.95033444816,17.125,154.07650273224044,56392
2015-01-17,34477.70184563759,17.183050847457626,153.90983606557376,56331
2015-01-18,34452.3461409396,17.172881355932205,153.4672131147541,56169
2015-01-19,34568.34730639731,17.231292517006803,153.224043715847,56080
2015-01-20,34506.040771812084,17.1864406779661,153.83879781420765,56305
2015-01-21,34433.9737458194,17.152027027027028,154.28961748633878,56470
2015-01-22,34430.916889632106,17.155405405405407,154.23497267759564,56450
2015-01-23,34447.11755852843,17.16216216216216,154.33333333333334,56486
2015-01-24,34471.56761744966,17.183050847457626,154.23224043715848,56449
2015-01-25,34448.80587248322,17.17627118644068,153.73224043715848,56266
2015-01-26,34551.413255033556,17.210169491525424,154.12841530054644,56411
2015-01-27,34466.00384615385,17.16554054054054,154.67486338797815,56611
2015-01-28,34488.057357859536,17.16554054054054,155.05191256830602,56749
2015-01-29,34459.23127090301,17.16554054054054,154.82513661202185,56666
2015-01-30,34445.679431438126,17.19256756756757,155.03005464480876,56741
2015-01-31,34397.428595317724,17.158783783783782,154.55464480874318,56567
2015-02-01,34367.378428093645,17.14864864864865,154.0792349726776,56393
2015-02-02,35011.2245819398,17.618243243243242,154.4016393442623,56511
2015-02-03,34899.963833333335,17.562289562289564,155.08743169398906,56762
2015-02-04,34887.67716666667,17.569023569023567,155.28961748633878,56836
2015-02-05,34840.86716666667,17.50841750841751,155.13934426229508,56781
2015-02-06,34840.487166666666,17.525252525252526,155.1584699453552,56788
2015-02-07,34822.94383333333,17.521885521885523,154.85245901639345,56676
2015-02-08,34713.51212624585,17.463087248322147,154.81420765027323,56662
2015-02-09,34625.603145695364,17.418060200668897,155.35792349726776,56861
2015-02-10,34527.079702970295,17.376666666666665,156.06830601092895,57121
2015-02-11,34557.152310231024,17.383333333333333,156.53005464480876,57290
2015-02-12,34376.61765676568,17.37,156.46994535519124,57268
2015-02-13,34399.248019801984,17.37,156.5928961748634,57313
2015-02-14,34444.417715231786,17.377926421404684,156.5601092896175,57301
2015-02-15,34489.89750830565,17.38255033557047,156.02732240437157,57106
2015-02-16,34604.49716666667,17.44107744107744,155.95355191256832,57079
2015-02-17,34564.26627906977,17.47986577181208,156.70765027322403,57355
2015-02-18,34519.53360927152,17.441471571906355,157.10655737704917,57501
2015-02-19,34487.07334437086,17.441471571906355,157.0983606557377,57498
2015-02-20,35094.19254966888,18.03344481605351,157.15300546448088,57518
2015-02-21,35070.10976821192,18.023411371237458,156.71038251366122,57356
2015-02-22,35152.19651162791,18.06711409395973,156.15300546448088,57152
2015-02-23,35208.30282392027,18.09731543624161,156.5846994535519,57310
2015-02-24,35298.10645695365,18.25752508361204,157.1448087431694,57515
2015-02-25,36105.520364238415,18.277591973244146,157.52185792349727,57653
2015-02-26,36071.66274834437,18.25083612040134,157.46174863387978,57631
2015-02-27,37153.977317880795,18.264214046822744,157.4262295081967,57618
2015-02-28,36867.5832781457,18.066889632107024,157.28961748633878,57568
2015-03-01,36840.98394039735,18.05351170568562,156.68852459016392,57348
2015-03-02,36853.944205298016,18.05685618729097,158.86338797814207,58144
2015-03-03,36944.096204620466,18.163333333333334,159.5983606557377,58413
2015-03-04,36970.93778877888,18.176666666666666,159.9071038251366,58526
2015-03-05,36670.43283828383,17.956666666666667,159.72677595628414,58460
2015-03-06,36763.89488448845,17.97,159.87158469945356,58513
2015-03-07,36167.723267326735,17.536666666666665,159.38251366120218,58334
2015-03-08,36111.320627062705,17.561872909698998,158.9398907103825,58172
2015-03-09,36229.452640264026,17.588628762541806,159.30601092896174,58306
2015-03-10,36184.73404605263,17.55,159.97540983606558,58551
2015-03-11,36244.09259868421,17.563333333333333,160.30327868852459,58671
2015-03-12,37025.023519736846,18.406666666666666,160.22131147540983,58641
2015-03-13,37098.62878289474,18.45,160.2431693989071,58649
2015-03-14,37069.68470394737,18.44,159.91256830601094,58528
2015-03-15,36992.75049342105,18.406666666666666,159.5846994535519,58408
2015-03-16,37068.931414473685,18.44,159.93169398907105,58535
2015-03-17,37012.66934426229,18.398671096345517,160.49726775956285,58742
2015-03-18,37509.13491803279,18.66112956810631,160.72131147540983,58824
2015-03-19,37487.53819672131,18.66112956810631,160.56830601092895,58768
2015-03-20,38205.62672131148,19.299003322259136,160.46174863387978,58729
2015-03-21,38170.86278688525,19.356666666666666,160.04644808743168,58577
2015-03-22,38247.83273026316,19.377926421404684,159.5655737704918,58401
2015-03-23,38291.23733552632,19.401337792642142,159.83879781420765,58501
2015-03-24,38182.07918032787,19.34,160.4153005464481,58712
2015-03-25,37984.86278688525,19.136666666666667,160.67486338797815,58807
2015-03-26,37854.72180327869,19.16,160.58196721311475,58773
2015-03-27,37879.93819672131,19.166666666666668,160.64207650273224,58795
2015-03-28,37921.54654605263,19.190635451505017,160.03005464480876,58571
2015-03-29,37908.81628289474,19.187290969899667,159.45901639344262,58362
2015-03-30,38006.89029605263,19.29096989966555,160.00273224043715,58561
2015-03-31,37900.267704918035,19.25,160.62841530054644,58790
2015-04-01,37933.01852459017,19.26,160.78142076502732,58846
2015-04-02,37879.7693442623,19.21,160.64754098360655,58797
2015-04-03,37922.93,19.236666666666668,160.7704918032787,58842
2015-04-04,37876.346393442625,19.22,160.55191256830602,58762
2015-04-05,37830.00868852459,19.206666666666667,160.0601092896175,58582
2015-04-06,37876.341475409834,19.216666666666665,160.60928961748633,58783
2015-04-07,37780.77826797386,19.172757475083056,161.25956284153006,59021
2015-04-08,37810.64754901961,19.18936877076412,161.5655737704918,59133
2015-04-09,37756.79460784314,19.169435215946844,161.40983606557376,59076
2015-04-10,37761.26192810458,19.162790697674417,161.29781420765028,59035
2015-04-11,37719.59526143791,19.146179401993354,160.63661202185793,58793
2015-04-12,37832.08573770492,19.206666666666667,160.15300546448088,58616
2015-04-13,37844.31852459016,19.21,160.724043715847,58825
2015-04-14,37780.36650326798,19.169435215946844,161.28142076502732,59029
2015-04-15,37231.04624183007,18.588039867109636,161.50273224043715,59110
2015-04-16,37282.21617647059,18.601328903654483,161.5054644808743,59111
2015-04-17,37267.44035947712,18.601328903654483,161.45901639344262,59094
2015-04-18,37182.541666666664,18.58471760797342,160.96994535519124,58915
2015-04-19,36326.02213114754,17.503333333333334,160.37978142076503,58699
2015-04-20,36344.42540983607,17.51,161.0054644808743,58928
2015-04-21,36289.80964052288,17.471760797342192,161.65300546448088,59165
2015-04-22,36183.368464052284,17.27574750830565,161.96448087431693,59279
2015-04-23,36169.776960784315,17.282392026578073,161.81420765027323,59224
2015-04-24,36212.48284313725,17.282392026578073,161.7568306010929,59203
2015-04-25,36124.43709150327,17.269102990033222,161.12295081967213,58971
2015-04-26,35754.15604575163,17.11295681063123,160.5983606557377,58779
2015-04-27,35780.368464052284,17.12624584717608,161.11748633879782,58969
2015-04-28,35689.81351791531,17.09933774834437,161.7431693989071,59198
2015-04-29,35718.875407166124,17.10927152317881,162.07103825136613,59318
2015-04-30,35755.73859934854,17.1158940397351,162.10109289617486,59329
2015-05-01,35771.99267100977,17.119205298013245,162.2377049180328,59379
2015-05-02,35740.207654723126,17.10927152317881,161.73497267759564,59195
2015-05-03,35778.2181372549,17.12956810631229,161.16120218579235,58985
2015-05-04,36960.388071895424,17.13621262458472,161.78961748633878,59215
2015-05-05,36939.464169381106,17.10927152317881,162.60382513661202,59513
2015-05-06,36308.38273615635,16.486754966887418,162.724043715847,59557
2015-05-07,35818.19381107492,16.033112582781456,162.62841530054644,59522
2015-05-08,35810.07654723127,16.026490066225165,162.672131147541,59538
2015-05-09,35568.662866449515,15.764900662251655,162.0792349726776,59321
2015-05-10,35432.77614379085,15.601328903654485,161.56830601092895,59134
2015-05-11,35478.08006535948,15.617940199335548,162.0792349726776,59321
2015-05-12,36038.125407166124,16.135761589403973,162.77322404371586,59575
2015-05-13,35987.26221498371,16.05960264900662,162.95081967213116,59640
2015-05-14,35127.20684039088,15.35430463576159,162.88251366120218,59615
2015-05-15,35152.50651465798,15.417218543046358,163.11475409836066,59700
2015-05-16,34942.69218241042,15.21523178807947,162.5655737704918,59499
2015-05-17,34888.09609120521,15.201986754966887,162.06284153005464,59315
2015-05-18,35722.27524429967,16.08609271523179,162.62021857923497,59519
2015-05-19,35844.78664495114,16.149006622516556,163.2513661202186,59750
2015-05-20,35581.54560260586,16.158940397350992,163.275956284153,59759
2015-05-21,35549.78013029316,16.1523178807947,163.2431693989071,59747
2015-05-22,34772.291530944625,15.486754966887418,163.31420765027323,59773
2015-05-23,34649.07003257329,15.443708609271523,162.72131147540983,59556
2015-05-24,34605.94299674267,15.42384105960265,161.95081967213116,59274
2015-05-25,34715.79575163399,15.475083056478406,161.99180327868854,59289
2015-05-26,34771.23039215686,15.443708609271523,162.61748633879782,59518
2015-05-27,34699.16123778502,15.405940594059405,163.30327868852459,59769
2015-05-28,35225.337133550485,15.405940594059405,163.4207650273224,59812
2015-05-29,34665.828990228016,14.828382838283828,163.46448087431693,59828
2015-05-30,34702.566993464054,14.847682119205299,162.86885245901638,59610
2015-05-31,34394.083333333336,14.632450331125828,162.2431693989071,59381
2015-06-01,34504.643790849674,14.695364238410596,162.89344262295083,59619
2015-06-02,34424.765472312705,14.676567656765677,163.63387978142077,59890
2015-06-03,34283.92182410423,14.663366336633663,163.8551912568306,59971
2015-06-04,34310.355048859936,14.709570957095709,163.6693989071038,59903
2015-06-05,34795.45928338762,14.838283828382838,163.8306010928962,59962
2015-06-06,34748.56351791531,14.821782178217822,163.28415300546447,59762
2015-06-07,34834.990196078434,14.864238410596027,162.68852459016392,59544
2015-06-08,34894.68790849673,14.8841059602649,163.32513661202185,59777
2015-06-09,34819.086319218244,14.844884488448844,164.17486338797815,60088
2015-06-10,34859.01791530944,14.864686468646864,164.39617486338798,60169
2015-06-11,34813.64657980456,14.851485148514852,164.20765027322403,60100
2015-06-12,34793.88436482085,14.871287128712872,164.37158469945356,60160
2015-06-13,34870.200980392154,14.890728476821192,163.94262295081967,60003
2015-06-14,34826.848039215685,14.926910299003323,163.45081967213116,59823
2015-06-15,35263.88725490196,15.554817275747508,164.09016393442624,60057
2015-06-16,35232.63680781759,15.513245033112582,164.85792349726776,60338
2015-06-17,34489.164495114004,15.764900662251655,165.0601092896175,60412
2015-06-18,35491.105863192184,16.748344370860927,165.00819672131146,60393
2015-06-19,35591.35993485342,16.86092715231788,165.0191256830601,60397
2015-06-20,35554.118892508144,16.850993377483444,164.23224043715848,60109
2015-06-21,35610.220588235294,16.900332225913623,163.52459016393442,59850
2015-06-22,35788.109477124184,16.910299003322258,164.3360655737705,60147
2015-06-23,35832.46895424837,16.916943521594686,165.14754098360655,60444
2015-06-24,35852.106209150326,16.92358803986711,165.13114754098362,60438
2015-06-25,34730.00816993464,16.0,165.11748633879782,60433
2015-06-26,34734.089869281044,16.006644518272424,165.1693989071038,60452
2015-06-27,34691.50490196078,15.784053156146179,164.62021857923497,60251
2015-06-28,34651.90032679738,15.767441860465116,164.13934426229508,60075
2015-06-29,34682.05392156863,15.777408637873755,164.7513661202186,60299
2015-06-30,34644.89739413681,15.76158940397351,165.45628415300547,60557
2015-07-01,34092.98859934854,15.728476821192054,165.60655737704917,60612
2015-07-02,34308.78664495114,15.801324503311259,165.53825136612022,60587
2015-07-03,34273.44788273616,15.781456953642385,165.02459016393442,60399
2015-07-04,34353.19117647059,15.82392026578073,164.37158469945356,60160
2015-07-05,34353.19117647059,15.82392026578073,164.38524590163934,60165
2015-07-06,34280.14820846906,15.791390728476822,164.94262295081967,60369
2015-07-07,34515.90390879479,15.993377483443709,165.62568306010928,60619
2015-07-08,34526.14820846906,16.00662251655629,165.9262295081967,60729
2015-07-09,34534.516286644954,16.0,165.79781420765028,60682
2015-07-10,34420.84527687296,15.950331125827814,165.8415300546448,60698
2015-07-11,34378.412052117266,15.943708609271523,165.14754098360655,60444
2015-07-12,34307.85179153094,15.917218543046358,164.59016393442624,60240
2015-07-13,34350.61726384365,15.927152317880795,165.20218579234972,60464
2015-07-14,34259.27435064935,15.877887788778878,165.97540983606558,60747
2015-07-15,34312.71266233766,15.983498349834983,166.18579234972677,60824
2015-07-16,34246.11525974026,15.92079207920792,166.1775956284153,60821
2015-07-17,33113.920454545456,15.947194719471947,166.13934426229508,60807
2015-07-18,33063.08603896104,15.927392739273927,165.55737704918033,60594
2015-07-19,32642.96266233766,15.663366336633663,164.9071038251366,60356
2015-07-20,32786.65097402597,15.805280528052805,165.5327868852459,60585
2015-07-21,32703.710355987056,15.756578947368421,166.16666666666666,60817
2015-07-22,32676.31229773463,15.694078947368421,166.20491803278688,60831
2015-07-23,32634.933656957928,15.694078947368421,166.2295081967213,60840
2015-07-24,33146.85922330097,15.924342105263158,166.22131147540983,60837
2015-07-25,33112.95631067961,15.917763157894736,165.63934426229508,60624
2015-07-26,33075.16343042071,15.907894736842104,165.05191256830602,60409
2015-07-27,33211.4644012945,16.075657894736842,165.66120218579235,60632
2015-07-28,33147.00161290322,16.042622950819673,166.33333333333334,60878
2015-07-29,33190.430645161294,16.16393442622951,166.45081967213116,60921
2015-07-30,33152.43387096774,16.137704918032785,166.3169398907104,60872
2015-07-31,33242.014516129035,16.14426229508197,166.65300546448088,60995
2015-08-01,33212.17580645161,16.134426229508197,166.224043715847,60838
2015-08-02,33166.71451612903,16.121311475409836,165.76502732240436,60670
2015-08-03,33255.33387096774,16.147540983606557,166.36338797814207,60889
2015-08-04,33182.41318327974,16.11111111111111,167.02459016393442,61131
2015-08-05,33308.795819935694,16.320261437908496,167.12841530054644,61169
2015-08-06,33286.77974276528,16.31045751633987,167.20218579234972,61196
2015-08-07,33324.602893890675,16.330065359477125,167.19672131147541,61194
2015-08-08,33307.04340836013,16.320261437908496,166.62295081967213,60984
2015-08-09,33392.08225806452,16.37049180327869,166.13661202185793,60806
2015-08-10,33366.28778135048,16.34640522875817,166.7486338797814,61030
2015-08-11,33299.67788461538,16.306188925081432,167.2704918032787,61221
2015-08-12,33329.158653846156,16.299674267100976,167.50819672131146,61308
2015-08-13,33289.508012820515,16.299674267100976,167.36885245901638,61257
2015-08-14,33321.29006410256,16.843648208469055,167.44535519125682,61285
2015-08-15,33244.57852564102,16.84967320261438,166.84699453551912,61066
2015-08-16,33184.392628205125,16.833333333333332,166.37704918032787,60894
2015-08-17,33328.629807692305,16.84640522875817,166.9071038251366,61088
2015-08-18,33290.32108626198,16.81758957654723,167.5737704918033,61332
2015-08-19,33058.79392971246,16.820846905537458,167.70218579234972,61379
2015-08-20,33240.5,16.94788273615635,167.5792349726776,61334
2015-08-21,33210.35942492013,16.95114006514658,167.50819672131146,61308
2015-08-22,33227.94711538462,16.99346405228758,166.99180327868854,61119
2015-08-23,33210.844551282054,16.986928104575163,166.44535519125682,60919
2015-08-24,33245.9983974359,16.944625407166125,167.0601092896175,61144
2015-08-25,33166.17731629393,16.899350649350648,167.70218579234972,61379
2015-08-26,33155.88658146965,16.896103896103895,167.85245901639345,61434
2015-08-27,33165.46805111821,16.899350649350648,167.74590163934425,61395
2015-08-28,33138.14217252396,16.892857142857142,167.8306010928962,61426
2015-08-29,32985.60063897764,16.717532467532468,167.18032786885246,61188
2015-08-30,33054.131410256414,16.7557003257329,166.71584699453553,61018
2015-08-31,33090.6858974359,16.775244299674267,167.43715846994536,61282
2015-09-01,33133.961661341855,16.886363636363637,168.06830601092895,61513
2015-09-02,33133.89808917198,16.915857605177994,168.58743169398906,61703
2015-09-03,34470.75477707006,17.792880258899675,168.4945355191257,61669
2015-09-04,32866.68152866242,17.792880258899675,168.59562841530055,61706
2015-09-05,32830.67834394905,17.766990291262136,167.97540983606558,61479
2015-09-06,32826.94568690096,17.785714285714285,167.27868852459017,61224
2015-09-07,32827.722044728434,17.785714285714285,167.28688524590163,61227
2015-09-08,32904.37261146497,17.880258899676374,167.97814207650273,61480
2015-09-09,32785.1520700637,17.886731391585762,168.16666666666666,61549
2015-09-10,32689.29219745223,17.92556634304207,168.36065573770492,61620
2015-09-11,34008.483280254775,18.63430420711974,168.57650273224044,61699
2015-09-12,33969.18073248408,18.611650485436893,167.97540983606558,61479
2015-09-13,33921.56289808917,18.55987055016181,167.39890710382514,61268
2015-09-14,33953.142515923566,18.576051779935273,168.13114754098362,61536
2015-09-15,33906.043650793654,18.545161290322582,168.89617486338798,61816
2015-09-16,33868.31031746032,18.538709677419355,168.90437158469945,61819
2015-09-17,33824.30079365079,18.532258064516128,168.9672131147541,61842
2015-09-18,34034.18015873016,18.787096774193547,169.02732240437157,61864
2015-09-19,33285.34523809524,18.770967741935483,168.43715846994536,61648
2015-09-20,33224.25,18.751612903225805,167.83333333333334,61427
2015-09-21,33325.80873015873,18.793548387096774,168.2295081967213,61572
2015-09-22,33252.258702531646,18.742765273311896,168.79508196721312,61779
2015-09-23,33070.277689873416,18.4983922829582,168.91256830601094,61822
2015-09-24,33041.685917721516,18.482315112540192,168.88251366120218,61811
2015-09-25,33123.30617088608,18.4983922829582,168.69398907103826,61742
2015-09-26,33186.27222222222,18.551612903225806,168.08743169398906,61520
2015-09-27,33037.288095238095,18.48709677419355,167.55464480874318,61325
2015-09-28,33253.01825396826,18.664516129032258,168.1448087431694,61541
2015-09-29,33292.24365079365,18.683870967741935,168.81147540983608,61785
2015-09-30,33269.60873015873,18.677419354838708,168.96994535519124,61843
2015-10-01,33251.456349206346,18.677419354838708,168.9344262295082,61830
2015-10-02,33695.61507936508,18.741935483870968,169.04371584699453,61870
2015-10-03,33729.01194267516,18.754045307443366,168.48907103825135,61667
2015-10-04,33711.22213375796,18.750809061488674,167.88524590163934,61446
2015-10-05,33724.30493630573,18.766990291262136,168.2622950819672,61584
2015-10-06,33669.15476190476,18.725806451612904,168.92349726775956,61826
2015-10-07,33674.2626984127,18.732258064516127,168.8169398907104,61787
2015-10-08,33647.14523809524,18.748387096774195,168.70765027322403,61747
2015-10-09,33559.043650793654,18.65806451612903,168.7431693989071,61760
2015-10-10,33535.61507936508,18.648387096774194,168.37704918032787,61626
2015-10-11,32934.37181528663,18.13915857605178,167.78688524590163,61410
2015-10-12,32951.59474522293,18.145631067961165,168.37978142076503,61627
2015-10-13,32885.43095238095,18.1,169.12841530054644,61901
2015-10-14,33731.869047619046,18.929032258064517,169.09016393442624,61887
2015-10-15,33754.91984126984,18.925806451612903,168.95081967213116,61836
2015-10-16,33525.05317460318,18.703225806451613,169.0,61854
2015-10-17,33575.91003184713,18.734627831715212,168.44808743169398,61652
2015-10-18,33631.08226837061,18.76948051948052,167.91803278688525,61458
2015-10-19,33648.708466453674,18.77922077922078,168.48907103825135,61667
2015-10-20,33668.5979299363,18.737864077669904,169.1120218579235,61895
2015-10-21,33998.855891719744,19.0,169.34972677595627,61982
2015-10-22,34076.40684713376,19.158576051779935,169.3415300546448,61979
2015-10-23,33973.30175159236,18.954692556634303,169.36612021857923,61988
2015-10-24,33906.686102236425,19.0,168.87158469945356,61807
2015-10-25,33871.74680511182,18.993506493506494,168.32513661202185,61607
2015-10-26,33790.59156050955,18.941747572815533,169.0,61854
2015-10-27,33715.44682539682,18.89032258064516,169.80327868852459,62148
2015-10-28,33607.15158730159,18.66774193548387,169.87704918032787,62175
2015-10-29,33615.881746031744,18.674193548387098,169.7622950819672,62133
2015-10-30,33672.76111111111,18.70967741935484,169.91256830601094,62188
2015-10-31,33660.323015873015,18.70967741935484,169.37158469945356,61990
2015-11-01,32690.8373015873,17.758064516129032,168.8360655737705,61794
2015-11-02,32715.789682539682,17.76451612903226,169.4344262295082,62013
2015-11-03,32658.863132911392,17.717041800643088,170.04644808743168,62237
2015-11-04,32716.647943037973,17.794212218649516,170.10655737704917,62259
2015-11-05,32697.752373417723,17.794212218649516,170.20491803278688,62295
2015-11-06,32687.442246835442,17.794212218649516,170.0983606557377,62256
2015-11-07,32659.125791139242,17.781350482315112,169.6775956284153,62102
2015-11-08,32604.31091772152,17.758842443729904,169.23497267759564,61940
2015-11-09,32576.208990536277,17.721153846153847,169.92349726775956,62192
2015-11-10,32521.095125786163,17.690095846645367,170.76502732240436,62500
2015-11-11,32597.789432176654,17.740384615384617,170.39344262295083,62364
2015-11-12,32536.05424528302,17.702875399361023,170.79508196721312,62511
2015-11-13,32563.47248427673,17.72523961661342,170.69398907103826,62474
2015-11-14,32538.271226415094,17.715654952076676,170.53005464480876,62414
2015-11-15,32499.25,17.737179487179485,170.0737704918033,62247
2015-11-16,32538.37933753943,17.772435897435898,170.64754098360655,62457
2015-11-17,32574.01965408805,17.72523961661342,171.2431693989071,62675
2015-11-18,32571.755503144654,17.722044728434504,171.25409836065575,62679
2015-11-19,32544.19575471698,17.71884984025559,171.14754098360655,62640
2015-11-20,32555.71462264151,17.728434504792332,171.34972677595627,62714
2015-11-21,32531.42216981132,17.71884984025559,170.79781420765028,62512
2015-11-22,32493.32570977918,17.766025641025642,170.1448087431694,62273
2015-11-23,32508.898264984226,17.76923076923077,170.53005464480876,62414
2015-11-24,32596.93003144654,17.73482428115016,171.22677595628414,62669
2015-11-25,32596.81996855346,17.74121405750799,171.0983606557377,62622
2015-11-26,31553.150630914828,16.746794871794872,170.28688524590163,62325
2015-11-27,31545.895110410096,16.746794871794872,169.71311475409837,62115
2015-11-28,31545.895110410096,16.746794871794872,169.70218579234972,62111
2015-11-29,31446.694182389936,16.746794871794872,169.70491803278688,62112
2015-11-30,31526.43317610063,16.715654952076676,170.3551912568306,62350
2015-12-01,31464.039968652036,16.68471337579618,171.0054644808743,62588
2015-12-02,31459.07131661442,16.678343949044585,171.00273224043715,62587
2015-12-03,31981.25313479624,17.15286624203822,170.99180327868854,62583
2015-12-04,32015.591692789967,17.136942675159236,170.95355191256832,62569
2015-12-05,32012.0368338558,17.133757961783438,170.4153005464481,62372
2015-12-06,31991.629310344826,17.12420382165605,169.71311475409837,62115
2015-12-07,32025.309561128528,17.14012738853503,169.85245901639345,62166
2015-12-08,31946.34609375,17.085714285714285,170.44535519125682,62383
2015-12-09,31934.88359375,17.066666666666666,170.54644808743168,62420
2015-12-10,31963.70546875,17.114285714285714,170.46994535519124,62392
2015-12-11,30937.91484375,17.104761904761904,170.40437158469945,62368
2015-12-12,30924.35546875,17.1015873015873,170.36612021857923,62354
2015-12-13,30900.77109375,17.095238095238095,169.8551912568306,62167
2015-12-14,30832.994548286606,17.050632911392405,170.14207650273224,62272
2015-12-15,30769.556677018634,17.006309148264986,170.76502732240436,62500
2015-12-16,31292.339285714286,17.00315457413249,170.6775956284153,62468
2015-12-17,31309.221273291925,17.0,170.59016393442624,62436
2015-12-18,31420.44798136646,17.037854889589905,170.53551912568307,62416
2015-12-19,30663.55841121495,17.085443037974684,169.99180327868854,62217
2015-12-20,30433.78894080997,16.98095238095238,169.43715846994536,62014
2015-12-21,30800.68400621118,17.36392405063291,170.04918032786884,62238
2015-12-22,31099.98839009288,17.817034700315457,170.5191256830601,62410
2015-12-23,31069.774767801857,17.798107255520506,170.52732240437157,62413
2015-12-24,31054.41253869969,17.78864353312303,170.19398907103826,62291
2015-12-25,31120.087732919255,17.835443037974684,169.77868852459017,62139
2015-12-26,31023.740712074305,17.835443037974684,169.78961748633878,62143
2015-12-27,31120.087732919255,17.892063492063492,169.57650273224044,62065
2015-12-28,31183.69427244582,17.974683544303797,170.0655737704918,62244
2015-12-29,31107.059413580246,17.92744479495268,170.64754098360655,62457
2015-12-30,31181.935956790123,17.80441640378549,170.59016393442624,62436
2015-12-31,31133.997685185186,17.78864353312303,170.24590163934425,62310
2016-01-01,31169.951238390095,17.829113924050635,169.827868852459,62157
2016-01-02,31074.510030864196,17.77287066246057,169.84972677595627,62165
2016-01-03,31145.102941176472,17.82278481012658,169.4808743169399,62030
2016-01-04,31145.102941176472,17.82278481012658,169.60655737704917,62076
2016-01-05,31106.87114197531,17.77917981072555,170.29781420765028,62329
2016-01-06,31068.287808641977,17.766561514195583,170.63661202185793,62453
2016-01-07,31046.60262345679,17.741324921135647,170.60382513661202,62441
2016-01-08,31008.559413580246,17.757097791798106,170.67486338797815,62467
2016-01-09,30952.92361111111,17.753943217665615,170.10655737704917,62259
2016-01-10,30832.42361111111,17.71293375394322,169.5655737704918,62061
2016-01-11,30793.35153846154,17.68553459119497,170.21584699453553,62299
2016-01-12,30874.203846153847,17.71698113207547,170.85792349726776,62534
2016-01-13,30860.13923076923,17.71383647798742,170.95355191256832,62569
2016-01-14,30868.028461538463,17.70754716981132,170.84972677595627,62531
2016-01-15,30863.831538461538,17.69811320754717,170.89344262295083,62547
2016-01-16,30789.57,17.666666666666668,170.6830601092896,62470
2016-01-17,30727.87153846154,17.641509433962263,170.03005464480876,62231
2016-01-18,30633.61426380368,17.641509433962263,169.94535519125682,62200
2016-01-19,30855.862730061348,17.90566037735849,170.6584699453552,62461
2016-01-20,31146.040519877675,18.235109717868337,171.2486338797814,62677
2016-01-21,31106.62767584098,18.228840125391848,171.12295081967213,62631
2016-01-22,31154.00993883792,18.244514106583072,171.08196721311475,62616
2016-01-23,31125.025229357798,18.235109717868337,170.8551912568306,62533
2016-01-24,31154.8504601227,18.27358490566038,170.2513661202186,62312
2016-01-25,31382.285168195718,18.238244514106583,170.58196721311475,62433
2016-01-26,32093.172018348625,18.244514106583072,171.37431693989072,62723
2016-01-27,32058.012996941896,18.29153605015674,171.6584699453552,62827
2016-01-28,32333.36467889908,18.28526645768025,171.74043715846994,62857
2016-01-29,32788.30963302752,18.29153605015674,171.89071038251367,62912
2016-01-30,32871.94555214724,18.342767295597483,171.62568306010928,62815
2016-01-31,32906.446923076925,18.37223974763407,171.0054644808743,62588
2016-02-01,32986.82538461538,18.394321766561514,171.51092896174865,62773
2016-02-02,33026.21307692308,18.413249211356465,172.22131147540983,63033
2016-02-03,32440.606923076924,17.974763406940063,172.23497267759564,63038
2016-02-04,32515.056153846155,18.01577287066246,172.19945355191257,63025
2016-02-05,32520.04076923077,18.006309148264986,172.19672131147541,63024
2016-02-06,32598.383487654322,18.060126582278482,172.12021857923497,62996
2016-02-07,32547.315586419754,18.031645569620252,171.6584699453552,62827
2016-02-08,32563.16435185185,18.037974683544302,172.3169398907104,63068
2016-02-09,32608.50385802469,18.063291139240505,172.88251366120218,63275
2016-02-10,32608.028549382718,18.060126582278482,173.08743169398906,63350
2016-02-11,32596.256944444445,18.044303797468356,172.9863387978142,63313
2016-02-12,32569.618055555555,18.03481012658228,172.94535519125682,63298
2016-02-13,32535.23225308642,18.02848101265823,172.62295081967213,63180
2016-02-14,32484.025462962964,18.06984126984127,172.03825136612022,62966
2016-02-15,32484.025462962964,18.06984126984127,171.76502732240436,62866
2016-02-16,32476.702307692307,18.04746835443038,172.5601092896175,63157
2016-02-17,32394.074386503067,17.99684542586751,173.09016393442624,63351
2016-02-18,32372.22162576687,17.914826498422713,172.9808743169399,63311
2016-02-19,32567.641871165644,18.110410094637224,173.09016393442624,63351
2016-02-20,32645.89923076923,18.158227848101266,172.75956284153006,63230
2016-02-21,32013.62846153846,17.582278481012658,172.21857923497268,63032
2016-02-22,32674.674615384614,17.59493670886076,172.5983606557377,63171
2016-02-23,33086.4240797546,17.56782334384858,173.3415300546448,63443
2016-02-24,33476.608128834356,17.652996845425868,173.48360655737704,63495
2016-02-25,33308.47009202454,17.463722397476342,173.65300546448088,63557
2016-02-26,32607.651073619632,17.463722397476342,173.5737704918033,63528
2016-02-27,32587.476226993866,17.463722397476342,173.31147540983608,63432
2016-02-28,31524.678680981597,17.43217665615142,172.7295081967213,63219
2016-02-29,31571.29217791411,17.457413249211356,173.04098360655738,63333
2016-03-01,31595.240030674846,17.47634069400631,173.83333333333334,63623
2016-03-02,31610.476226993866,17.482649842271293,172.00819672131146,62955
2016-03-03,31454.951687116565,17.34384858044164,171.87158469945356,62905
2016-03-04,32665.70935582822,18.123028391167193,171.8879781420765,62911
2016-03-05,32751.643846153846,18.17721518987342,171.7295081967213,62853
2016-03-06,32637.493076923078,18.151898734177216,171.19398907103826,62657
2016-03-07,32879.34846153846,18.379746835443036,171.86612021857923,62903
2016-03-08,32929.56692307692,18.678233438485805,172.47814207650273,63127
2016-03-09,32845.22538461538,18.67192429022082,172.5983606557377,63171
2016-03-10,32806.57923076923,18.675078864353313,172.5054644808743,63137
2016-03-11,32981.09,18.886435331230285,172.34972677595627,63080
2016-03-12,32273.025462962964,18.09493670886076,172.01639344262296,62958
2016-03-13,32186.883487654322,18.1015873015873,171.4863387978142,62764
2016-03-14,32223.297067901236,18.114285714285714,172.05464480874318,62972
2016-03-15,32246.278549382718,18.12063492063492,172.70218579234972,63209
2016-03-16,32211.61188271605,18.095238095238095,172.9071038251366,63284
2016-03-17,32779.49768518518,18.174603174603174,172.99180327868854,63315
2016-03-18,32495.16435185185,18.133333333333333,173.1693989071038,63380
2016-03-19,32574.03173374613,18.18471337579618,172.72131147540983,63216
2016-03-20,31862.827399380803,17.55732484076433,172.224043715847,63034
2016-03-21,31941.03482972136,17.54920634920635,172.63934426229508,63186
2016-03-22,32189.97299382716,17.569620253164558,173.3087431693989,63431
2016-03-23,32147.95138888889,17.553797468354432,173.3415300546448,63443
2016-03-24,32135.889660493827,17.550632911392405,173.39071038251367,63461
2016-03-25,32106.297067901236,17.54746835443038,173.36338797814207,63451
2016-03-26,32046.516203703704,17.518987341772153,172.8879781420765,63277
2016-03-27,31980.624228395063,17.54920634920635,172.36338797814207,63085
2016-03-28,31888.62230769231,17.503164556962027,173.00273224043715,63319
2016-03-29,31950.145384615385,17.53481012658228,173.60655737704917,63540
2016-03-30,31939.048461538463,17.455696202531644,173.6830601092896,63568
2016-03-31,31947.125384615385,17.446202531645568,173.6830601092896,63568
2016-04-01,32018.414615384616,17.544303797468356,173.7486338797814,63592
2016-04-02,31991.433076923076,17.537974683544302,173.4672131147541,63489
2016-04-03,31940.414615384616,17.50632911392405,172.7704918032787,63234
2016-04-04,32382.983846153846,18.085443037974684,173.18032786885246,63384
2016-04-05,32710.113076923077,18.104430379746834,173.83879781420765,63625
2016-04-06,32684.166923076922,18.10126582278481,173.94535519125682,63664
2016-04-07,32723.89,18.126582278481013,173.87704918032787,63639
2016-04-08,32784.85923076923,18.180379746835442,173.87431693989072,63638
2016-04-09,32880.9112654321,18.238095238095237,173.42896174863387,63475
2016-04-10,32840.077932098764,18.228571428571428,172.98360655737704,63312
2016-04-11,32847.994598765436,18.23174603174603,173.63661202185793,63551
2016-04-12,32857.97923076923,18.21518987341772,174.39890710382514,63830
2016-04-13,32889.13615384616,18.234177215189874,174.4344262295082,63843
2016-04-14,32875.80076923077,18.231012658227847,174.5054644808743,63869
2016-04-15,32948.24692307692,18.2626582278481,174.5191256830601,63874
2016-04-16,32894.403846153844,18.25,173.9344262295082,63660
2016-04-17,32879.69923076923,18.3015873015873,173.38524590163934,63459
2016-04-18,32977.32076923077,18.358730158730157,174.15300546448088,63740
2016-04-19,32899.371932515336,18.313291139240505,174.81420765027323,63982
2016-04-20,32944.24923312884,18.32278481012658,174.92896174863387,64024
2016-04-21,32929.61119631902,18.319620253164558,175.0655737704918,64074
2016-04-22,32837.58972392638,18.275316455696203,175.0054644808743,64052
2016-04-23,32795.586656441716,18.25632911392405,174.60109289617486,63904
2016-04-24,32734.724693251534,18.24367088607595,174.0655737704918,63708
2016-04-25,32794.24309815951,18.25632911392405,174.78415300546447,63971
2016-04-26,33038.90874233129,18.259493670886076,175.7513661202186,64325
2016-04-27,33033.03450920245,18.259493670886076,175.86612021857923,64367
2016-04-28,33011.40874233129,18.234177215189874,175.81420765027323,64348
2016-04-29,32981.66641104295,18.231012658227847,175.64754098360655,64287
2016-04-30,32931.05598159509,18.21518987341772,175.01639344262296,64056
2016-05-01,33000.89307692308,18.263492063492063,174.34972677595627,63812
2016-05-02,33031.00692307692,18.276190476190475,175.03551912568307,64063
2016-05-03,33111.21549079755,18.379746835443036,175.79781420765028,64342
2016-05-04,32015.22162576687,18.382911392405063,175.9863387978142,64411
2016-05-05,31960.06901840491,18.370253164556964,175.8087431693989,64346
2016-05-06,32371.246932515336,18.705696202531644,175.86885245901638,64368
2016-05-07,32352.111963190186,18.693037974683545,175.39071038251367,64193
2016-05-08,32304.10889570552,18.73015873015873,174.87704918032787,64005
2016-05-09,32424.753067484664,18.86984126984127,175.61748633879782,64276
2016-05-10,32388.23394495413,18.84493670886076,176.50819672131146,64602
2016-05-11,32588.536697247706,18.984177215189874,176.7295081967213,64683
2016-05-12,31960.928134556576,18.439873417721518,176.78688524590163,64704
2016-05-13,31961.249235474006,18.449367088607595,176.80601092896174,64711
2016-05-14,31925.851681957185,18.436708860759495,176.1912568306011,64486
2016-05-15,31816.579510703363,18.36392405063291,175.48907103825135,64229
2016-05-16,31911.84862385321,18.39240506329114,176.36885245901638,64551
2016-05-17,31966.970948012233,18.420886075949365,177.224043715847,64864
2016-05-18,31267.863914373087,17.61392405063291,177.52459016393442,64974
2016-05-19,31191.181957186545,17.56645569620253,177.52185792349727,64973
2016-05-20,31283.188073394496,17.727848101265824,177.5327868852459,64977
2016-05-21,31363.817484662577,17.78095238095238,176.97540983606558,64773
2016-05-22,31321.909509202455,17.761904761904763,176.34426229508196,64542
2016-05-23,31373.587423312885,17.774603174603175,177.0737704918033,64809
2016-05-24,31398.670245398775,17.784126984126985,177.87158469945356,65101
2016-05-25,31320.564220183485,17.734177215189874,178.55464480874318,65351
2016-05-26,31277.496941896025,17.72151898734177,178.72131147540983,65412
2016-05-27,31852.221712538227,18.268987341772153,178.65027322404373,65386
2016-05-28,31419.707055214723,18.314285714285713,178.03825136612022,65162
2016-05-29,31348.611963190186,18.343949044585987,177.36885245901638,64917
2016-05-30,31252.74770642202,18.285714285714285,177.39890710382514,64928
2016-05-31,31300.579510703363,18.323809523809523,178.03551912568307,65161
2016-06-01,31254.81345565749,18.29206349206349,178.15027322404373,65203
2016-06-02,31357.605504587154,18.368253968253967,178.09562841530055,65183
2016-06-03,31385.538226299694,18.38095238095238,178.06284153005464,65171
2016-06-04,31322.782874617737,18.326984126984126,177.72677595628414,65048
2016-06-05,30825.571865443424,18.193650793650793,177.05737704918033,64803
2016-06-06,30875.22629969419,18.20952380952381,177.79234972677597,65072
2016-06-07,30806.426829268294,18.167721518987342,178.60928961748633,65371
2016-06-08,30785.978658536584,18.15506329113924,178.62295081967213,65376
2016-06-09,30861.826219512193,18.180379746835442,178.5,65331
2016-06-10,30926.594512195123,18.231012658227847,178.36885245901638,65283
2016-06-11,30908.746951219513,18.224683544303797,177.9071038251366,65114
2016-06-12,30815.371951219513,18.193037974683545,177.3169398907104,64898
2016-06-13,30773.550151975684,18.160883280757098,177.9808743169399,65141
2016-06-14,30804.249240121582,18.11635220125786,178.85792349726776,65462
2016-06-15,30487.422492401216,17.569182389937108,178.99726775956285,65513
2016-06-16,30456.70516717325,17.58805031446541,178.95901639344262,65499
2016-06-17,30364.20972644377,17.38050314465409,178.8224043715847,65449
2016-06-18,29369.14285714286,16.437106918238992,178.2622950819672,65244
2016-06-19,29314.088414634145,16.365930599369086,177.60109289617486,65002
2016-06-20,29437.65243902439,16.444794952681388,178.56284153005464,65354
2016-06-21,29393.246200607904,16.42138364779874,179.58743169398906,65729
2016-06-22,29546.869300911854,16.437106918238992,179.5327868852459,65709
2016-06-23,29590.270516717326,16.462264150943398,179.37431693989072,65651
2016-06-24,29599.27659574468,16.47798742138365,179.44262295081967,65676
2016-06-25,29556.17933130699,16.514195583596216,178.89071038251367,65474
2016-06-26,29530.8905775076,16.501577287066247,178.32513661202185,65267
2016-06-27,29639.072948328267,16.548895899053626,178.9945355191257,65512
2016-06-28,29838.531914893618,16.630914826498422,179.90983606557376,65847
2016-06-29,29970.12887537994,16.681388012618296,180.14207650273224,65932
2016-06-30,30276.67294832827,16.709779179810724,180.23224043715848,65965
2016-07-01,30294.56048632219,16.71608832807571,180.172131147541,65943
2016-07-02,30027.5726443769,16.68354430379747,179.57650273224044,65725
2016-07-03,30027.5726443769,16.68354430379747,179.54098360655738,65712
2016-07-04,29937.289090909093,16.68354430379747,179.59016393442624,65730
2016-07-05,29885.351661631423,16.64353312302839,180.28142076502732,65983
2016-07-06,29864.44229607251,16.630914826498422,180.44535519125682,66043
2016-07-07,29664.161329305138,16.441640378548897,180.39890710382514,66026
2016-07-08,29650.656797583084,16.438485804416406,180.39344262295083,66024
2016-07-09,29683.434545454547,16.474683544303797,179.85245901639345,65826
2016-07-10,29636.228484848485,16.50793650793651,179.19398907103826,65585
2016-07-11,29709.34363636364,16.533333333333335,179.87704918032787,65835
2016-07-12,30172.137575757577,16.882539682539683,180.58196721311475,66093
2016-07-13,30173.525454545455,16.895238095238096,180.79508196721312,66171
2016-07-14,30355.48,17.076190476190476,180.66120218579235,66122
2016-07-15,30369.404242424243,17.044444444444444,180.49180327868854,66060
2016-07-16,30358.516363636365,17.04126984126984,179.91803278688525,65850
2016-07-17,30300.57393939394,17.00952380952381,179.3169398907104,65630
2016-07-18,30940.507272727275,17.685714285714287,180.0054644808743,65882
2016-07-19,30996.598181818183,17.6984126984127,180.7486338797814,66154
2016-07-20,31378.15878787879,18.073015873015873,180.77322404371586,66163
2016-07-21,31410.246666666666,18.095238095238095,180.70765027322403,66139
2016-07-22,31418.028484848484,18.098412698412698,180.80054644808743,66173
2016-07-23,31413.613333333335,18.085714285714285,180.18032786885246,65946
2016-07-24,31006.04680851064,17.914012738853504,179.51092896174865,65701
2016-07-25,31081.359878419455,17.936305732484076,180.13387978142077,65929
2016-07-26,31109.423708206687,17.977707006369428,180.87704918032787,66201
2016-07-27,31670.47537993921,18.455414012738853,180.97814207650273,66238
2016-07-28,31632.396352583586,18.43949044585987,180.9016393442623,66210
2016-07-29,31581.20182370821,18.343949044585987,180.79781420765028,66172
2016-07-30,31653.35792682927,18.39297124600639,180.29508196721312,65988
2016-07-31,31548.638414634148,18.364217252396166,179.4808743169399,65690
2016-08-01,31570.376219512196,18.370607028753994,180.03825136612022,65894
2016-08-02,31648.138414634148,18.4185303514377,180.86612021857923,66197
2016-08-03,31779.894512195122,18.40894568690096,180.89344262295083,66207
2016-08-04,32038.47073170732,18.578274760383387,180.87704918032787,66201
2016-08-05,31938.08048780488,18.39297124600639,181.0792349726776,66275
2016-08-06,31920.766463414635,18.38658146964856,180.37978142076503,66019
2016-08-07,31851.848780487806,18.35143769968051,179.76775956284152,65795
2016-08-08,31895.406707317074,18.37380191693291,180.43169398907105,66038
2016-08-09,31825.36595744681,18.328025477707005,181.06284153005464,66269
2016-08-10,32082.359878419455,18.703821656050955,181.20491803278688,66321
2016-08-11,32201.457142857143,18.70700636942675,181.3879781420765,66388
2016-08-12,32300.955623100304,18.761146496815286,181.47814207650273,66421
2016-08-13,32272.685106382978,18.745222929936304,180.84972677595627,66191
2016-08-14,32117.22917933131,18.101910828025478,180.19672131147541,65952
2016-08-15,32156.423708206687,18.063492063492063,180.83333333333334,66185
2016-08-16,32265.32340425532,18.152380952380952,181.5792349726776,66458
2016-08-17,32177.438905775078,18.16190476190476,181.68579234972677,66497
2016-08-18,32152.751975683892,18.146031746031746,181.65300546448088,66485
2016-08-19,32063.818844984802,18.155555555555555,181.65027322404373,66484
2016-08-20,31826.858358662616,18.022222222222222,181.1639344262295,66306
2016-08-21,31785.3811550152,18.00952380952381,180.6584699453552,66121
2016-08-22,31753.816363636364,17.9873417721519,181.36338797814207,66379
2016-08-23,32304.104242424244,18.009493670886076,182.18032786885246,66678
2016-08-24,32313.222424242424,18.0126582278481,182.3087431693989,66725
2016-08-25,32305.713333333333,18.009493670886076,182.28415300546447,66716
2016-08-26,32345.35575757576,18.03481012658228,182.27868852459017,66714
2016-08-27,32420.052887537997,18.085714285714285,181.724043715847,66511
2016-08-28,32378.01641337386,18.130573248407643,181.04644808743168,66263
2016-08-29,32480.580243161094,18.171974522292995,181.7513661202186,66521
2016-08-30,32385.069393939397,18.117460317460317,182.4672131147541,66783
2016-08-31,32476.32696969697,18.165079365079364,182.4863387978142,66790
2016-09-01,32352.313333333335,18.00952380952381,182.5191256830601,66802
2016-09-02,32372.319393939397,18.038095238095238,182.62021857923497,66839
2016-09-03,31022.66787878788,17.191082802547772,182.0191256830601,66619
2016-09-04,30908.228484848485,17.1656050955414,181.4398907103825,66407
2016-09-05,30998.25653495441,17.22044728434505,181.4808743169399,66422
2016-09-06,31071.55878787879,17.286624203821656,182.5983606557377,66831
2016-09-07,31155.443636363638,17.308917197452228,183.3087431693989,67091
2016-09-08,31097.428484848486,17.187898089171973,183.24590163934425,67068
2016-09-09,31276.58,17.20063694267516,183.25409836065575,67071
2016-09-10,31291.70030395137,17.20447284345048,182.72677595628414,66878
2016-09-11,30094.16585365854,16.55128205128205,182.03551912568307,66625
2016-09-12,30120.16585365854,16.564102564102566,182.79781420765028,66904
2016-09-13,30143.406707317074,16.57371794871795,183.54098360655738,67176
2016-09-14,30357.19024390244,16.80128205128205,183.4344262295082,67137
2016-09-15,30471.22987804878,16.96794871794872,183.30327868852459,67089
2016-09-16,30501.531707317074,16.990384615384617,183.41803278688525,67131
2016-09-17,30546.670948012234,17.022508038585208,182.775956284153,66896
2016-09-18,30218.771865443425,16.758842443729904,182.1775956284153,66677
2016-09-19,30243.013455657492,16.771704180064308,182.7622950819672,66891
2016-09-20,30731.68012232416,16.781350482315112,183.58196721311475,67191
2016-09-21,30687.313149847098,16.771704180064308,183.6120218579235,67202
2016-09-22,30701.013455657492,16.771704180064308,183.67486338797815,67225
2016-09-23,30770.90642201835,16.778135048231512,183.68032786885246,67227
2016-09-24,30754.00122324159,16.774919614147908,183.2704918032787,67077
2016-09-25,30639.683180428136,16.803225806451614,182.74590163934425,66885
2016-09-26,30615.79085365854,16.819935691318328,183.34426229508196,67104
2016-09-27,31077.394512195122,17.167202572347268,184.20491803278688,67419
2016-09-28,30880.446341463416,17.0032154340836,184.38524590163934,67485
2016-09-29,30904.903658536587,17.012861736334404,184.39071038251367,67487
2016-09-30,30934.83963414634,17.04501607717042,184.50273224043715,67528
2016-10-01,30864.19024390244,17.032154340836012,183.95355191256832,67327
2016-10-02,30414.25731707317,16.958199356913184,183.29234972677597,67085
2016-10-03,30398.375075987842,16.955128205128204,183.9344262295082,67320
2016-10-04,30569.043768996962,17.067307692307693,184.71857923497268,67607
2016-10-05,30603.82188449848,17.07051282051282,184.9262295081967,67683
2016-10-06,30592.46018237082,17.067307692307693,184.6584699453552,67585
2016-10-07,30616.691185410335,17.09294871794872,184.71584699453553,67606
2016-10-08,30573.922188449847,17.118971061093248,184.33879781420765,67468
2016-10-09,30521.846200607903,17.15483870967742,183.7295081967213,67245
2016-10-10,30591.64255319149,17.22258064516129,184.11748633879782,67387
2016-10-11,30549.695151515152,17.186495176848876,184.8551912568306,67657
2016-10-12,31348.431515151515,17.19935691318328,184.95628415300547,67694
2016-10-13,31325.246666666666,17.186495176848876,184.79781420765028,67636
2016-10-14,31183.655757575758,16.607717041800644,185.0191256830601,67717
2016-10-15,31196.542249240123,16.65483870967742,184.5,67527
2016-10-16,31154.7641337386,16.6957928802589,183.9398907103825,67322
2016-10-17,31073.56181818182,16.651612903225807,184.60109289617486,67564
2016-10-18,31004.4664652568,16.607717041800644,185.33333333333334,67832
2016-10-19,31540.478549848944,16.919614147909968,185.56284153005464,67916
2016-10-20,31435.445317220547,16.909967845659164,185.55464480874318,67913
2016-10-21,31410.717220543807,16.874598070739548,185.44808743169398,67874
2016-10-22,31353.18606060606,16.741935483870968,184.79508196721312,67635
2016-10-23,31257.68606060606,16.74433656957929,184.15027322404373,67399
2016-10-24,31197.496676737162,16.70967741935484,184.94808743169398,67691
2016-10-25,31417.590332326286,16.93548387096774,185.64754098360655,67947
2016-10-26,31454.575226586105,16.954838709677418,185.65027322404373,67948
2016-10-27,31811.970996978853,16.961290322580645,185.5,67893
2016-10-28,31790.55407854985,16.974193548387095,185.70218579234972,67967
2016-10-29,31754.4332326284,17.01294498381877,185.20218579234972,67784
2016-10-30,31693.575226586105,16.977346278317153,184.56284153005464,67550
2016-10-31,31702.25498489426,16.980582524271846,185.25409836065575,67803
2016-11-01,31940.109969788522,17.21359223300971,185.9398907103825,68054
2016-11-02,32890.922658610274,17.233009708737864,186.12021857923497,68120
2016-11-03,32857.850151057406,17.22977346278317,186.16666666666666,68137
2016-11-04,32780.17341389728,17.16504854368932,186.45901639344262,68244
2016-11-05,32876.23454545454,17.214285714285715,185.7568306010929,67987
2016-11-06,32822.39212121212,17.194805194805195,185.26775956284152,67808
2016-11-07,32859.15878787879,17.211038961038962,185.96448087431693,68063
2016-11-08,33278.16787878788,17.5,186.5655737704918,68283
2016-11-09,33506.092121212125,17.967532467532468,186.52732240437157,68269
2016-11-10,33566.93454545455,18.084415584415584,186.3551912568306,68206
2016-11-11,33566.93454545455,18.084415584415584,186.36065573770492,68208
2016-11-12,33527.64363636364,18.064935064935064,185.95081967213116,68058
2016-11-13,33457.592121212125,18.035714285714285,185.35245901639345,67839
2016-11-14,34263.28909090909,18.746753246753247,185.78415300546447,67997
2016-11-15,34184.001208459216,18.699029126213592,186.4344262295082,68235
2016-11-16,34150.97099697885,18.66990291262136,186.52732240437157,68269
2016-11-17,34036.82598187311,18.673139158576053,186.53825136612022,68273
2016-11-18,34049.711933534745,18.689320388349515,186.3415300546448,68201
2016-11-19,34014.07447129909,18.73051948051948,185.7568306010929,67987
2016-11-20,33978.09864048338,18.714285714285715,185.0054644808743,67712
2016-11-21,34019.57900302115,18.73051948051948,185.63387978142077,67942
2016-11-22,33946.742921686746,18.686084142394822,186.28142076502732,68179
2016-11-23,34468.747439759034,19.27508090614887,186.25956284153006,68171
2016-11-24,34390.09410876133,19.314935064935064,185.5327868852459,67905
2016-11-25,34473.27015151515,19.364820846905538,185.02459016393442,67719
2016-11-26,34369.121299093655,19.364820846905538,185.06830601092895,67735
2016-11-27,34473.27015151515,19.4281045751634,185.03825136612022,67724
2016-11-28,35735.819184290034,19.381107491856678,185.78688524590163,67998
2016-11-29,35792.33580060423,19.34090909090909,186.51092896174865,68263
2016-11-30,35747.287462235654,19.334415584415584,186.51639344262296,68265
2016-12-01,35941.28444108761,19.483766233766232,186.4863387978142,68254
2016-12-02,35978.7496978852,19.506493506493506,186.48360655737704,68253
2016-12-03,35459.26329305136,19.0814332247557,186.31967213114754,68193
2016-12-04,35376.211933534745,19.074918566775246,185.67486338797815,67957
2016-12-05,35410.15755287009,19.09771986970684,186.20491803278688,68151
2016-12-06,35558.05181268882,19.133550488599347,186.85792349726776,68390
2016-12-07,35568.5998489426,19.133550488599347,186.95901639344262,68427
2016-12-08,35548.18595166163,19.133550488599347,186.7513661202186,68351
2016-12-09,36186.27054380665,19.289902280130292,186.54644808743168,68276
2016-12-10,36089.68141993958,19.264705882352942,186.33879781420765,68200
2016-12-11,36069.191993957706,19.26143790849673,185.87704918032787,68031
2016-12-12,36252.548489425986,19.486928104575163,186.18852459016392,68145
2016-12-13,36644.013746223565,19.5,186.88524590163934,68400
2016-12-14,36688.73126888218,19.516339869281047,187.0191256830601,68449
2016-12-15,36657.29320241692,19.50653594771242,186.55464480874318,68279
2016-12-16,36117.77356495469,19.516339869281047,186.24043715846994,68164
2016-12-17,36068.12703927493,19.50326797385621,185.78142076502732,67996
2016-12-18,35925.29320241692,19.45751633986928,185.25956284153006,67805
2016-12-19,35840.37665662651,19.403908794788272,185.86338797814207,68026
2016-12-20,35928.7531626506,19.3474025974026,186.55464480874318,68279
2016-12-21,35520.97003012049,18.915584415584416,186.5601092896175,68281
2016-12-22,35308.22003012049,18.568181818181817,186.62021857923497,68303
2016-12-23,35301.97605421687,18.571428571428573,186.37431693989072,68213
2016-12-24,35299.85858433735,18.571428571428573,186.15300546448088,68132
2016-12-25,35299.85858433735,18.571428571428573,186.16120218579235,68135
2016-12-26,35406.50468277946,18.571428571428573,186.172131147541,68139
2016-12-27,35371.13268072289,18.527508090614887,186.80601092896174,68371
2016-12-28,35270.36159638554,18.472491909385113,186.9016393442623,68406
2016-12-29,35261.03027108434,18.472491909385113,186.83333333333334,68381
2016-12-30,35110.88569277109,18.48220064724919,186.91256830601094,68410
2016-12-31,35110.90978915663,18.48220064724919,186.71857923497268,68339
2017-01-01,35006.991141141145,18.42258064516129,186.74043715846994,68347
2017-01-02,35111.68990963855,18.48220064724919,186.81420765027323,68374
2017-01-03,35036.06621621622,18.438709677419354,187.40437158469945,68590
2017-01-04,35016.14386227545,18.414790996784564,188.03825136612022,68822
2017-01-05,35032.18877245509,18.430868167202572,187.90983606557376,68775
2017-01-06,35312.00314371258,18.60128617363344,187.77868852459017,68727
2017-01-07,35271.00613772455,18.65483870967742,187.2486338797814,68533
2017-01-08,35342.36651651652,18.689320388349515,186.60928961748633,68299
2017-01-09,35376.816966966966,18.705501618122977,187.05737704918033,68463
2017-01-10,35401.31846846847,18.715210355987054,187.6775956284153,68690
2017-01-11,35453.328463855425,18.746753246753247,187.05464480874318,68462
2017-01-12,35375.5061746988,18.714285714285715,186.66120218579235,68318
2017-01-13,35915.0031626506,18.993506493506494,186.60655737704917,68298
2017-01-14,35986.54395770393,19.04885993485342,186.05191256830602,68095
2017-01-15,36083.53045454546,19.107843137254903,185.44535519125682,67873
2017-01-16,36084.15772727273,19.107843137254903,185.09016393442624,67743
2017-01-17,36084.15772727273,19.107843137254903,185.28142076502732,67813
2017-01-18,36108.585,19.04560260586319,185.69672131147541,67965
2017-01-19,35900.10015151515,18.778501628664497,185.4207650273224,67864
2017-01-20,35582.400151515154,19.745928338762216,185.33879781420765,67834
2017-01-21,35572.96681818182,19.73941368078176,185.0846994535519,67741
2017-01-22,35486.74863636364,19.700325732899024,184.56284153005464,67550
2017-01-23,35547.21833333334,19.732899022801302,184.93715846994536,67687
2017-01-24,35551.5832326284,19.681818181818183,185.7704918032787,67992
2017-01-25,35293.7252265861,19.68831168831169,185.81967213114754,68010
2017-01-26,34630.652719033234,19.691558441558442,185.672131147541,67956
2017-01-27,35241.589274924474,19.623376623376622,185.5054644808743,67895
2017-01-28,34947.78867069486,19.616883116883116,185.00819672131146,67713
2017-01-29,34567.27893939394,19.664495114006513,184.1830601092896,67411
2017-01-30,34517.38383685801,19.636363636363637,184.6775956284153,67592
2017-01-31,34439.52725903615,19.57928802588997,185.29508196721312,67818
2017-02-01,34443.95798192771,19.60517799352751,185.40983606557376,67860
2017-02-02,34511.23509036145,19.588996763754047,185.18032786885246,67776
2017-02-03,34522.9609939759,19.59546925566343,184.92896174863387,67684
2017-02-04,34445.162801204824,19.550161812297734,184.5054644808743,67529
2017-02-05,34426.060391566265,19.54368932038835,183.99180327868854,67341
2017-02-06,34352.18633633634,19.5,184.22131147540983,67425
2017-02-07,35444.26741741742,19.60322580645161,184.85792349726776,67658
2017-02-08,35464.77792792793,19.612903225806452,184.79234972677597,67634
2017-02-09,35456.01516516517,19.6,184.75409836065575,67620
2017-02-10,35483.72987987988,19.612903225806452,184.7568306010929,67621
2017-02-11,35587.72003012049,19.676375404530745,184.6584699453552,67585
2017-02-12,35578.61762048193,19.676375404530745,184.08743169398906,67376
2017-02-13,35620.18689759036,19.705501618122977,184.6584699453552,67585
2017-02-14,36178.74111445784,20.12258064516129,185.40437158469945,67858
2017-02-15,36091.22837837838,20.067524115755628,185.81420765027323,68008
2017-02-16,36036.672822822824,20.05144694533762,185.85245901639345,68022
2017-02-17,36324.95510510511,20.173633440514468,185.8360655737705,68016
2017-02-18,36278.795945945945,20.163987138263664,185.35792349726776,67841
2017-02-19,36024.255405405405,19.94533762057878,184.69672131147541,67599
2017-02-20,36024.255405405405,19.94533762057878,184.7295081967213,67611
2017-02-21,36081.86651651652,19.977491961414792,185.4863387978142,67888
2017-02-22,35471.59924924925,19.974276527331188,185.62295081967213,67938
2017-02-23,35006.81846846847,19.95176848874598,185.47267759562843,67883
2017-02-24,34749.46411411412,20.012861736334404,185.36338797814207,67843
2017-02-25,34726.89354354355,19.993569131832796,184.95628415300547,67694
2017-02-26,34671.36501501502,19.967845659163988,184.44535519125682,67507
2017-02-27,35054.13078078078,19.971061093247588,184.93715846994536,67687
2017-02-28,35096.172822822824,20.0,185.72131147540983,67974
2017-03-01,35083.65930930931,19.9967845659164,186.10382513661202,68114
2017-03-02,35075.84249249249,19.987138263665596,185.95081967213116,68058
2017-03-03,35285.59624624625,20.19935691318328,186.3415300546448,68201
2017-03-04,35351.308885542174,20.24516129032258,185.8360655737705,68016
2017-03-05,34137.36310240964,19.43548387096774,185.2431693989071,67799
2017-03-06,34114.9475975976,19.414790996784564,185.79508196721312,68001
2017-03-07,35198.961111111115,19.884244372990352,186.5792349726776,68288
2017-03-08,36120.336486486485,19.675241157556272,186.71584699453553,68338
2017-03-09,36093.92807807808,19.321543408360128,186.6775956284153,68324
2017-03-10,36260.522672672676,19.54983922829582,186.75409836065575,68352
2017-03-11,36230.79294294294,19.527331189710612,186.45901639344262,68244
2017-03-12,35978.81996996997,19.29581993569132,185.95628415300547,68060
2017-03-13,35929.34146706587,19.272435897435898,186.09016393442624,68109
2017-03-14,35987.92829341318,19.226837060702877,186.84972677595627,68387
2017-03-15,36033.988173652695,19.252396166134186,186.93169398907105,68417
2017-03-16,36044.392365269465,19.2555910543131,186.86338797814207,68392
2017-03-17,36041.51212574851,19.271565495207668,186.86885245901638,68394
2017-03-18,35431.021107784436,19.233974358974358,186.47267759562843,68249
2017-03-19,35234.898353293414,19.01923076923077,185.672131147541,67956
2017-03-20,35145.52850746269,18.968051118210862,186.19672131147541,68148
2017-03-21,35186.856865671645,18.98083067092652,186.75956284153006,68354
2017-03-22,35278.218059701496,19.073482428115017,186.80054644808743,68369
2017-03-23,35055.227014925375,19.05111821086262,186.81420765027323,68374
2017-03-24,35126.91656716418,19.06709265175719,186.95081967213116,68424
2017-03-25,35123.6628358209,19.06709265175719,186.45081967213116,68241
2017-03-26,35093.07179104478,19.06070287539936,185.92896174863387,68050
2017-03-27,35150.78223880597,19.089456869009584,186.6912568306011,68329
2017-03-28,36034.20014925373,19.11464968152866,187.4945355191257,68623
2017-03-29,36058.83179104478,19.11783439490446,187.52732240437157,68635
2017-03-30,36026.9452238806,19.098726114649683,187.4262295081967,68598
2017-03-31,36008.5780597015,19.127388535031848,187.36612021857923,68576
2017-04-01,35984.363134328356,19.175718849840255,186.98360655737704,68436
2017-04-02,35870.273582089554,19.057507987220447,186.4672131147541,68247
2017-04-03,35889.4228358209,19.063897763578275,186.79781420765028,68368
2017-04-04,35968.87358208955,19.073482428115017,187.53551912568307,68638
2017-04-05,35568.24671641791,18.501597444089455,187.57103825136613,68651
2017-04-06,35659.19,18.654952076677315,187.43169398907105,68600
2017-04-07,35682.60791044776,18.664536741214057,187.31967213114754,68559
2017-04-08,35724.939071856286,18.67948717948718,186.7377049180328,68346
2017-04-09,35638.24745508982,18.608974358974358,186.03551912568307,68089
2017-04-10,35624.30641791045,18.584664536741215,186.7486338797814,68350
2017-04-11,35645.770597014925,18.597444089456868,187.39344262295083,68586
2017-04-12,35644.11089552239,18.600638977635782,187.4398907103825,68603
2017-04-13,35729.955671641794,18.559105431309906,187.20765027322403,68518
2017-04-14,35717.540746268656,18.552715654952078,187.22677595628414,68525
2017-04-15,35675.92582089552,18.533546325878593,186.75409836065575,68352
2017-04-16,35576.10194029851,18.548076923076923,186.1830601092896,68143
2017-04-17,35652.182537313434,18.580128205128204,186.97267759562843,68432
2017-04-18,35674.140746268655,18.527156549520768,187.6584699453552,68683
2017-04-19,35722.46014925373,18.51437699680511,187.5327868852459,68637
2017-04-20,35768.92582089552,18.527156549520768,187.4398907103825,68603
2017-04-21,35735.05417910448,18.52076677316294,187.46174863387978,68611
2017-04-22,35690.69597014925,18.50479233226837,186.71584699453553,68338
2017-04-23,35654.96462686567,18.541666666666668,186.0846994535519,68107
2017-04-24,35698.818358208955,18.560897435897434,186.6584699453552,68317
2017-04-25,35776.364626865674,18.608974358974358,187.3360655737705,68565
2017-04-26,35791.28402985075,18.647435897435898,187.3087431693989,68555
2017-04-27,35600.51388059701,18.66346153846154,187.09016393442624,68475
2017-04-28,35633.85119402985,18.669871794871796,187.11475409836066,68484
2017-04-29,35634.42731343284,18.666666666666668,186.6120218579235,68300
2017-04-30,35619.03328358209,18.65705128205128,186.09562841530055,68111
2017-05-01,35709.69,18.66025641025641,186.78142076502732,68362
2017-05-02,37334.72068452381,18.616613418530353,187.53825136612022,68639
2017-05-03,37333.390327380956,18.619808306709267,187.62841530054644,68672
2017-05-04,37203.11949404762,18.49520766773163,187.45355191256832,68608
2017-05-05,38126.640327380956,19.511182108626198,187.4344262295082,68601
2017-05-06,38089.26830357143,19.557692307692307,186.8169398907104,68375
2017-05-07,37786.71388059702,19.273311897106108,186.19398907103826,68147
2017-05-08,37851.54671641791,19.311897106109324,186.94262295081967,68421
2017-05-09,37898.06014925373,19.272435897435898,187.61748633879782,68668
2017-05-10,37807.633283582094,19.141025641025642,187.60109289617486,68662
2017-05-11,37760.22432835821,19.108974358974358,187.35792349726776,68573
2017-05-12,37691.37656716418,19.099358974358974,188.5737704918033,69018
2017-05-13,37684.857164179106,19.099358974358974,187.88524590163934,68766
2017-05-14,37627.15268656716,19.07371794871795,187.21038251366122,68519
2017-05-15,37691.31089552239,19.118589743589745,187.96174863387978,68794
2017-05-16,37733.91985074627,19.141025641025642,188.6830601092896,69058
2017-05-17,37679.9676119403,19.128205128205128,188.57650273224044,69019
2017-05-18,37641.89895522388,19.112179487179485,188.33333333333334,68930
2017-05-19,37617.678059701495,19.108974358974358,188.16666666666666,68869
2017-05-20,37692.77290419162,19.157556270096464,187.59562841530055,68660
2017-05-21,37671.67612612613,19.038709677419355,186.97267759562843,68432
2017-05-22,37721.1501497006,18.993569131832796,187.65027322404373,68680
2017-05-23,37762.82380239521,19.041800643086816,188.37704918032787,68946
2017-05-24,37997.13517964072,19.292604501607716,188.31967213114754,68925
2017-05-25,38050.89865269461,19.318327974276528,188.224043715847,68890
2017-05-26,38089.59026946108,19.369774919614148,188.1830601092896,68875
2017-05-27,38194.604054054056,19.425806451612903,187.39617486338798,68587
2017-05-28,37592.25870870871,18.85483870967742,186.78415300546447,68363
2017-05-29,37592.25870870871,18.85483870967742,186.81147540983608,68373
2017-05-30,37629.52597597598,18.816720257234728,187.56284153005464,68648
2017-05-31,38009.89234234234,19.305466237942124,188.31147540983608,68922
2017-06-01,37998.02747747748,19.279742765273312,188.47267759562843,68981
2017-06-02,38533.685135135136,19.334405144694532,188.44262295081967,68970
2017-06-03,38403.03348348349,19.228295819935692,187.775956284153,68726
2017-06-04,38449.35286144578,19.26451612903226,187.10928961748633,68482
2017-06-05,38451.19623493976,19.26451612903226,187.52732240437157,68635
2017-06-06,38532.88298192771,19.3,188.29234972677597,68915
2017-06-07,38803.58478915663,19.62258064516129,188.31420765027323,68923
2017-06-08,38978.00948795181,19.635483870967743,188.19945355191257,68881
2017-06-09,38974.61340361446,19.651612903225807,188.28961748633878,68914
2017-06-10,38981.89924471299,19.679611650485437,187.56830601092895,68650
2017-06-11,38873.926435045316,19.6084142394822,186.97814207650273,68434
2017-06-12,38908.14395770393,19.618122977346278,187.71311475409837,68703
2017-06-13,39012.90528700907,19.637540453074433,188.5191256830601,68998
2017-06-14,39020.823716012084,19.63430420711974,188.36065573770492,68940
2017-06-15,39120.04425981873,19.63430420711974,188.275956284153,68909
2017-06-16,39168.90226586103,19.805825242718445,188.21311475409837,68886
2017-06-17,39121.88111782478,19.776699029126213,187.49180327868854,68622
2017-06-18,39045.938519637464,19.7987012987013,186.8551912568306,68389
2017-06-19,39088.2496978852,19.81168831168831,187.53005464480876,68636
2017-06-20,39010.61039156627,19.763754045307444,188.3169398907104,68924
2017-06-21,39134.72786144578,19.964401294498384,188.11475409836066,68850
2017-06-22,39139.98087349398,19.961165048543688,187.87704918032787,68763
2017-06-23,39209.78810240964,20.294498381877023,187.88251366120218,68765
2017-06-24,39124.37846385542,20.262135922330096,187.22131147540983,68523
2017-06-25,39068.31822289157,20.233009708737864,186.5792349726776,68288
2017-06-26,39091.64653614458,20.177419354838708,187.30327868852459,68553
2017-06-27,39135.18870481928,20.203225806451613,188.11748633879782,68851
2017-06-28,39081.40557228916,20.177419354838708,188.31420765027323,68923
2017-06-29,38991.37846385542,20.174193548387098,188.172131147541,68871
2017-06-30,38903.97515060241,20.14516129032258,188.0846994535519,68839
2017-07-01,38646.50075528701,20.145631067961165,187.30327868852459,68553
2017-07-02,38602.990181268884,20.129449838187703,186.69398907103826,68330
2017-07-03,38991.75151057402,20.625806451612902,187.3224043715847,68560
2017-07-04,38991.75151057402,20.692556634304207,187.3169398907104,68558
2017-07-05,39041.12915407855,20.651612903225807,187.88524590163934,68766
2017-07-06,39151.292296072505,20.65483870967742,187.97814207650273,68800
2017-07-07,39243.2832326284,20.761290322580646,188.0191256830601,68815
2017-07-08,39343.76590909091,20.825242718446603,187.35792349726776,68573
2017-07-09,39428.023556231004,20.87987012987013,186.62568306010928,68305
2017-07-10,39347.2053030303,20.831715210355988,187.37978142076503,68581
2017-07-11,39444.09924242424,20.8,188.07650273224044,68836
2017-07-12,39428.59924242424,20.803225806451614,188.10109289617486,68845
2017-07-13,39082.15984848485,20.503225806451614,188.11748633879782,68851
2017-07-14,39085.541666666664,20.503225806451614,187.9863387978142,68803
2017-07-15,38884.74772727273,20.316129032258065,187.36612021857923,68576
2017-07-16,38776.37196969697,20.300970873786408,186.8360655737705,68382
2017-07-17,38910.86893939394,20.346278317152105,187.50819672131146,68628
2017-07-18,38933.20227272727,20.355987055016183,188.30327868852459,68919
2017-07-19,38347.7053030303,19.676375404530745,188.4344262295082,68967
2017-07-20,38391.84166666667,19.71197411003236,188.31420765027323,68923
2017-07-21,38090.88106060606,19.41747572815534,188.46448087431693,68978
2017-07-22,38152.71656534955,19.454545454545453,187.8879781420765,68767
2017-07-23,38087.32142857143,19.425324675324674,187.20491803278688,68517
2017-07-24,38147.038753799396,19.464285714285715,188.0191256830601,68815
2017-07-25,38044.34166666667,19.411003236245953,188.9398907103825,69152
2017-07-26,38050.426515151514,19.433656957928804,188.96174863387978,69160
2017-07-27,38161.365909090906,19.53074433656958,188.8415300546448,69116
2017-07-28,37557.18106060606,18.954692556634303,188.66666666666666,69052
2017-07-29,37555.059848484845,18.95145631067961,188.1448087431694,68861
2017-07-30,37497.708333333336,18.92233009708738,187.53005464480876,68636
2017-07-31,37436.13972809668,18.883870967741935,188.22131147540983,68889
2017-08-01,38308.90407854985,20.061290322580646,188.9808743169399,69167
2017-08-02,38515.00679758308,20.383870967741935,189.0655737704918,69198
2017-08-03,38490.16087613293,20.370967741935484,188.8551912568306,69121
2017-08-04,38784.13066465257,20.674193548387098,188.9016393442623,69138
2017-08-05,38497.93731117825,20.48709677419355,188.29781420765028,68917
2017-08-06,38451.109516616314,20.46451612903226,187.49726775956285,68624
2017-08-07,38553.25453172206,20.583870967741934,188.12568306010928,68854
2017-08-08,39049.10347432024,20.616129032258065,188.94535519125682,69154
2017-08-09,39062.05211480363,20.612903225806452,189.06284153005464,69197
2017-08-10,39116.284743202414,20.670967741935485,189.39344262295083,69318
2017-08-11,38939.96148036254,20.39032258064516,189.5136612021858,69362
2017-08-12,38901.09166666667,20.44012944983819,188.81147540983608,69105
2017-08-13,38741.51590909091,20.372168284789645,188.0136612021858,68813
2017-08-14,38834.09166666667,20.46925566343042,188.775956284153,69092
2017-08-15,38906.37045454545,20.48220064724919,189.4945355191257,69355
2017-08-16,38990.20075757576,20.57928802588997,189.52732240437157,69367
2017-08-17,38960.525,20.540453074433657,189.4262295081967,69330
2017-08-18,38981.440151515155,20.553398058252426,189.26502732240436,69271
2017-08-19,38941.39166666667,20.61038961038961,188.62841530054644,69038
2017-08-20,38874.37954545455,20.648208469055376,188.0191256830601,68815
2017-08-21,38888.33409090909,20.667752442996743,188.35792349726776,68939
2017-08-22,38992.649242424246,20.752442996742673,188.93715846994536,69151
2017-08-23,39314.10681818182,21.185667752442995,188.95355191256832,69157
2017-08-24,38842.191666666666,21.224755700325733,188.89344262295083,69135
2017-08-25,38908.97045454545,21.250814332247558,188.775956284153,69092
2017-08-26,38895.08257575757,21.2442996742671,188.13934426229508,68859
2017-08-27,38840.094696969696,21.281045751633986,187.43169398907105,68600
2017-08-28,38746.31797583082,21.218241042345277,188.09562841530055,68843
2017-08-29,38794.704682779455,21.175324675324674,188.8224043715847,69109
2017-08-30,38719.74697885197,21.1525974025974,188.83879781420765,69115
2017-08-31,39724.38141993958,21.155844155844157,188.84699453551912,69118
2017-09-01,39638.82552870091,21.100649350649352,188.72131147540983,69072
2017-09-02,39741.635606060605,21.1628664495114,188.0792349726776,68837
2017-09-03,39741.71352583587,21.11764705882353,187.46174863387978,68611
2017-09-04,39742.397416413376,21.04885993485342,187.52732240437157,68635
2017-09-05,39771.24240121581,21.061889250814332,188.15573770491804,68865
2017-09-06,39916.66893939394,21.285714285714285,188.89344262295083,69135
2017-09-07,40402.175,21.694805194805195,188.54918032786884,69009
2017-09-08,40464.093181818185,21.824675324675326,188.62295081967213,69036
2017-09-09,40350.79318181818,21.795454545454547,187.9808743169399,68801
2017-09-10,40122.656818181815,21.76948051948052,187.23497267759564,68528
2017-09-11,40688.890483383686,22.388349514563107,187.71857923497268,68705
2017-09-12,40585.201054216865,22.33225806451613,188.36612021857923,68942
2017-09-13,40712.722138554214,22.44516129032258,188.38251366120218,68948
2017-09-14,40739.472138554214,22.45806451612903,188.24043715846994,68896
2017-09-15,40553.23719879518,22.229032258064517,188.3169398907104,68924
2017-09-16,40504.99320241692,22.10355987055016,187.67486338797815,68689
2017-09-17,40449.03247734139,22.071197411003237,186.96994535519124,68431
2017-09-18,40584.81852409639,22.09032258064516,187.7513661202186,68717
2017-09-19,43429.19051204819,22.13225806451613,188.41256830601094,68959
2017-09-20,43794.3109939759,22.125806451612902,188.51092896174865,68995
2017-09-21,43362.90436746988,22.170967741935485,188.43169398907105,68966
2017-09-22,43529.38027108434,22.56451612903226,188.5191256830601,68998
2017-09-23,43616.88897280967,22.627831715210355,187.87978142076503,68764
2017-09-24,43492.59894259819,22.598705501618124,187.21038251366122,68519
2017-09-25,43560.69864048338,22.666666666666668,187.6693989071038,68687
2017-09-26,43821.17900302115,22.929032258064517,188.39617486338798,68953
2017-09-27,43784.811933534744,22.874193548387098,188.59016393442624,69024
2017-09-28,43353.827039274925,22.532258064516128,188.34699453551912,68935
2017-09-29,43391.80589123867,22.538709677419355,188.12295081967213,68853
2017-09-30,43330.41314199396,22.509677419354837,187.93715846994536,68785
2017-10-01,43252.32854984894,22.467741935483872,187.172131147541,68505
2017-10-02,43287.05664652568,22.48709677419355,187.76775956284152,68723
2017-10-03,43320.914652567975,22.51290322580645,188.43715846994536,68968
2017-10-04,43260.585347432025,22.470967741935485,188.45628415300547,68975
2017-10-05,43227.57024169184,22.509677419354837,188.23497267759564,68894
2017-10-06,43207.81495468278,22.506451612903227,188.13387978142077,68857
2017-10-07,43169.70619335347,22.563106796116504,187.75409836065575,68718
2017-10-08,43118.787764350454,22.524271844660195,187.15573770491804,68499
2017-10-09,43150.33761329305,22.467741935483872,187.57103825136613,68651
2017-10-10,43286.12009063444,22.414790996784564,188.28142076502732,68911
2017-10-11,43650.30135951662,22.778135048231512,188.5,68991
2017-10-12,43637.30135951662,22.771704180064308,188.39071038251367,68951
2017-10-13,42886.31344410876,22.855305466237944,188.40437158469945,68956
2017-10-14,43002.75984848485,22.929032258064517,188.03005464480876,68819
2017-10-15,42296.996212121216,22.664516129032258,187.26775956284152,68540
2017-10-16,42239.207703927495,22.662379421221864,187.98907103825135,68804
2017-10-17,42495.672960725075,22.955128205128204,188.68852459016392,69060
2017-10-18,43905.688066465256,22.94871794871795,188.7622950819672,69087
2017-10-19,43897.61555891239,22.94871794871795,188.81147540983608,69105
2017-10-20,43351.40105740181,22.634615384615383,188.71584699453553,69070
2017-10-21,43335.9086102719,22.625,188.11475409836066,68850
2017-10-22,43010.88746223565,22.459807073954984,187.42896174863387,68599
2017-10-23,42915.41189759036,22.42628205128205,188.12568306010928,68854
2017-10-24,42960.54141566265,22.364217252396166,189.01092896174865,69178
2017-10-25,42944.201054216865,22.357827476038338,188.97540983606558,69165
2017-10-26,42786.6046686747,22.159744408945688,188.95628415300547,69158
2017-10-27,42848.469126506025,22.261980830670925,188.97814207650273,69166
2017-10-28,42589.95090634441,22.317307692307693,188.30327868852459,68919
2017-10-29,42557.08383685801,22.291666666666668,187.49726775956285,68624
2017-10-30,43630.41314199396,23.079872204472842,188.15573770491804,68865
2017-10-31,43660.938821752265,23.10223642172524,188.95628415300547,69158
2017-11-01,43706.30438066465,23.162939297124602,189.94535519125682,69520
2017-11-02,43483.50679758308,22.942492012779553,189.8087431693989,69470
2017-11-03,42644.97205438066,23.070287539936103,189.76502732240436,69454
2017-11-04,42633.65181268882,23.063897763578275,189.36612021857923,69308
2017-11-05,42595.99320241692,23.03514376996805,188.62841530054644,69038
2017-11-06,42482.83659638554,22.961783439490446,189.36612021857923,69308
2017-11-07,42502.243222891564,22.97452229299363,190.05191256830602,69559
2017-11-08,43271.33057228916,22.996815286624205,190.19398907103826,69611
2017-11-09,42862.4811746988,22.722929936305732,190.275956284153,69641
2017-11-10,42693.1503021148,22.31629392971246,189.8551912568306,69487
2017-11-11,42587.02341389728,22.246794871794872,189.1693989071038,69236
2017-11-12,42458.74924698795,22.175718849840255,188.9945355191257,69172
2017-11-13,42532.01807228916,22.210862619808307,189.5655737704918,69381
2017-11-14,42687.9156626506,22.24600638977636,190.2295081967213,69624
2017-11-15,42403.46686746988,21.996805111821086,190.08743169398906,69572
2017-11-16,42428.301204819276,22.022364217252395,190.11748633879782,69583
2017-11-17,42461.58734939759,22.031948881789138,190.13114754098362,69588
2017-11-18,42571.47129909365,22.08974358974359,189.70765027322403,69433
2017-11-19,42526.69108761329,22.064102564102566,189.21857923497268,69254
2017-11-20,42549.85271903323,22.003194888178914,189.87431693989072,69494
2017-11-21,42558.14577039275,22.012779552715656,190.46994535519124,69712
2017-11-22,42584.58081570997,22.009584664536742,190.53005464480876,69734
2017-11-23,42683.81287878788,22.064102564102566,189.86885245901638,69492
2017-11-24,42145.025,21.477564102564102,189.38524590163934,69315
2017-11-25,42145.025,21.477564102564102,189.39890710382514,69320
2017-11-26,42017.69864048338,21.40894568690096,189.36612021857923,69308
2017-11-27,42056.92824773414,21.353503184713375,190.11748633879782,69583
2017-11-28,41966.40135542169,21.29206349206349,190.81967213114754,69840
2017-11-29,41084.00075301205,21.742857142857144,190.80054644808743,69833
2017-11-30,41061.759789156626,21.733333333333334,190.7568306010929,69817
2017-12-01,41085.51280120482,21.742857142857144,190.78142076502732,69826
2017-12-02,40858.49472891566,21.574603174603176,190.5327868852459,69735
2017-12-03,40788.94352409639,21.546031746031748,189.8306010928962,69478
2017-12-04,40808.33810240964,21.4873417721519,190.172131147541,69603
2017-12-05,42321.25376506024,22.841772151898734,190.87431693989072,69860
2017-12-06,42356.93448795181,22.838607594936708,190.87704918032787,69861
2017-12-07,42230.97740963855,22.81645569620253,190.85792349726776,69854
2017-12-08,42881.53644578313,22.876582278481013,191.03005464480876,69917
2017-12-09,42881.53644578313,22.876582278481013,190.6448087431694,69776
2017-12-10,42215.98222891566,22.724683544303797,190.21857923497268,69620
2017-12-11,42255.88584337349,22.668769716088327,190.6120218579235,69764
2017-12-12,42282.75331325301,22.690851735015773,191.2377049180328,69993
2017-12-13,42131.08765060241,22.479495268138802,191.08196721311475,69936
2017-12-14,41784.95512048193,22.498422712933753,191.0054644808743,69908
2017-12-15,41761.08162650602,22.49211356466877,190.91256830601094,69874
2017-12-16,41762.37078313253,22.49211356466877,190.94808743169398,69887
2017-12-17,41746.20512048193,22.473186119873816,190.56284153005464,69746
2017-12-18,41774.60271084337,22.517350157728707,191.28688524590163,70011
2017-12-19,41838.73222891566,22.574132492113566,192.0191256830601,70279
2017-12-20,41864.840662650604,22.589905362776026,192.17486338797815,70336
2017-12-21,41789.85271084337,22.586750788643535,192.1120218579235,70313
2017-12-22,41853.13584337349,22.602523659305994,192.01639344262296,70278
2017-12-23,41807.84924471299,22.503164556962027,191.47814207650273,70081
2017-12-24,41802.28429003021,22.496835443037973,191.20491803278688,69981
2017-12-25,41928.139696969694,22.56825396825397,191.19398907103826,69977
2017-12-26,41801.46858006042,22.496835443037973,191.40983606557376,70056
2017-12-27,42242.13885542168,23.20820189274448,191.93169398907105,70247
2017-12-28,42262.35572289157,23.22397476340694,191.79234972677597,70196
2017-12-29,42264.717168674695,23.16403785488959,191.73224043715848,70174
2017-12-30,42254.90993975903,23.154574132492115,191.23497267759564,69992
2017-12-31,42216.34668674698,23.13564668769716,190.6693989071038,69785
2018-01-01,42343.15135951662,23.20886075949367,190.69945355191257,69796
2018-01-02,42368.8084592145,23.22151898734177,191.31147540983608,70020
2018-01-03,42352.0078313253,23.264984227129336,191.91256830601094,70240
2018-01-04,42596.62831325301,23.410094637223974,191.80054644808743,70199
2018-01-05,43248.13734939759,23.41640378548896,191.7431693989071,70178
2018-01-06,43175.68855421687,23.38801261829653,191.18579234972677,69974
2018-01-07,42845.40843373494,23.217665615141957,190.56284153005464,69746
2018-01-08,42870.07409638554,23.160377358490567,191.15027322404373,69961
2018-01-09,42803.923723723725,23.106583072100314,191.87158469945356,70225
2018-01-10,43526.98678678679,23.739811912225704,192.06830601092895,70297
2018-01-11,43524.93873873874,23.74294670846395,192.09562841530055,70307
2018-01-12,43427.63652694611,23.675,192.59016393442624,70488
2018-01-13,43426.31916167665,23.74921630094044,192.53005464480876,70466
2018-01-14,42991.0018018018,23.540880503144653,192.01092896174865,70276
2018-01-15,42862.39101796407,23.46708463949843,192.27322404371586,70372
2018-01-16,43391.50029850746,24.05625,192.89617486338798,70600
2018-01-17,43410.67940298507,24.0625,193.4262295081967,70794
2018-01-18,43427.51223880597,24.078125,193.7622950819672,70917
2018-01-19,43566.613731343285,24.296875,193.78142076502732,70924
2018-01-20,43555.706268656715,24.290625,193.44262295081967,70800
2018-01-21,43496.795820895524,22.978125,192.84699453551912,70582
2018-01-22,43647.162985074625,23.14375,193.28142076502732,70741
2018-01-23,44181.72119402985,23.15625,193.87431693989072,70958
2018-01-24,44131.89731343283,23.128125,193.8551912568306,70951
2018-01-25,44038.479402985075,23.125,193.68852459016392,70890
2018-01-26,44176.709253731344,23.484375,193.65300546448088,70877
2018-01-27,44137.95402985074,23.54858934169279,193.16666666666666,70699
2018-01-28,43476.18388059701,23.53605015673981,192.4863387978142,70450
2018-01-29,43525.41970149254,23.564263322884013,193.01092896174865,70642
2018-01-30,43412.29940476191,23.503125,193.7486338797814,70912
2018-01-31,43385.171428571426,23.478125,193.73224043715848,70906
2018-02-01,43382.58511904762,23.478125,193.70218579234972,70895
2018-02-02,43531.573214285716,23.678125,193.50273224043715,70822
2018-02-03,43419.59107142857,23.675,193.45081967213116,70803
2018-02-04,43401.49285714285,23.66875,193.06830601092895,70663
2018-02-05,43480.433333333334,23.78125,193.37431693989072,70775
2018-02-06,43619.195238095235,23.9125,194.04371584699453,71020
2018-02-07,43907.885714285716,23.959375,194.1775956284153,71069
2018-02-08,42833.73690476191,23.86875,194.2431693989071,71093
2018-02-09,42873.046428571426,23.915625,194.20765027322403,71080
2018-02-10,42832.40357142857,23.903125,193.78688524590163,70926
2018-02-11,42781.094047619044,23.88125,193.0792349726776,70667
2018-02-12,42685.03145400593,23.819314641744548,193.29781420765028,70747
2018-02-13,42707.43204747774,23.82866043613707,193.92896174863387,70978
2018-02-14,42766.449851632045,23.86292834890966,193.8087431693989,70934
2018-02-15,42250.51810089021,23.411214953271028,193.52185792349727,70829
2018-02-16,42456.28367952522,23.439252336448597,193.61475409836066,70863
2018-02-17,42547.11488095238,23.49375,193.13934426229508,70689
2018-02-18,42371.022686567165,23.442006269592476,192.52185792349727,70463
2018-02-19,42371.17791044776,23.442006269592476,192.60655737704917,70494
2018-02-20,42463.342089552236,23.520376175548588,193.16666666666666,70699
2018-02-21,42361.27857142857,23.453125,193.2568306010929,70732
2018-02-22,42333.11041666666,23.434375,192.9672131147541,70626
2018-02-23,42932.52113095238,24.046875,193.10655737704917,70677
2018-02-24,42896.45863095238,24.040625,192.61475409836066,70497
2018-02-25,42722.6818452381,23.86875,191.95628415300547,70256
2018-02-26,42747.4318452381,23.88125,192.31147540983608,70386
2018-02-27,43359.515178571426,23.91875,193.0054644808743,70640
2018-02-28,43119.11041666666,24.128125,192.71038251366122,70532
2018-03-01,43264.58363095238,24.446875,192.77322404371586,70555
2018-03-02,43760.089583333334,24.990625,192.7295081967213,70539
2018-03-03,43745.44970238095,24.98125,192.16666666666666,70333
2018-03-04,43511.13720238095,24.765625,191.20491803278688,69981
2018-03-05,43425.37566765578,24.697819314641745,191.7295081967213,70173
2018-03-06,43464.63382789317,24.71651090342679,192.5054644808743,70457
2018-03-07,43438.04925816024,24.694704049844237,192.43715846994536,70432
2018-03-08,42391.86973293768,24.24922118380062,192.1912568306011,70342
2018-03-09,41627.83709198813,24.66355140186916,192.1584699453552,70330
2018-03-10,41606.676854599405,24.654205607476637,191.724043715847,70171
2018-03-11,41411.6056379822,24.414330218068535,190.9262295081967,69879
2018-03-12,41463.949851632045,24.43613707165109,191.31147540983608,70020
2018-03-13,41517.495845697325,24.45171339563863,191.96994535519124,70261
2018-03-14,41482.92611275964,24.426791277258566,192.10109289617486,70309
2018-03-15,41447.87566765578,24.42367601246106,191.96994535519124,70261
2018-03-16,41422.07744807121,24.404984423676012,192.28961748633878,70378
2018-03-17,41512.854464285716,24.471875,191.87431693989072,70226
2018-03-18,41480.22053571428,24.45,191.20218579234972,69980
2018-03-19,41639.85744047619,24.43302180685358,191.69672131147541,70161
2018-03-20,41652.88720238095,24.445482866043612,192.41803278688525,70425
2018-03-21,41794.64910714285,24.72897196261682,192.45081967213116,70437
2018-03-22,41770.666964285716,24.725856697819314,192.70765027322403,70531
2018-03-23,41635.64613095238,24.60747663551402,192.8306010928962,70576
2018-03-24,41523.05982142857,24.554517133956388,192.52459016393442,70464
2018-03-25,41446.50625,24.53271028037383,191.83879781420765,70213
2018-03-26,41716.94226190476,24.554517133956388,192.42896174863387,70429
2018-03-27,41727.87380952381,24.557632398753896,193.03005464480876,70649
2018-03-28,41683.49880952381,24.53271028037383,192.97814207650273,70630
2018-03-29,41055.40357142857,24.514018691588785,192.87704918032787,70593
2018-03-30,41077.755952380954,24.529595015576323,192.84972677595627,70583
2018-03-31,41049.145833333336,24.59375,192.4945355191257,70453
2018-04-01,40987.51488095238,24.62382445141066,191.89617486338798,70234
2018-04-02,41022.65476190476,24.55625,192.33879781420765,70396
2018-04-03,41181.93452380953,24.659375,193.1830601092896,70705
2018-04-04,41798.017857142855,25.325,195.19398907103826,71441
2018-04-05,42369.5625,25.984375,195.10109289617486,71407
2018-04-06,42414.17857142857,25.98125,195.10382513661202,71408
2018-04-07,42132.480597014925,25.893416927899686,194.67486338797815,71251
2018-04-08,42092.244776119405,25.88087774294671,194.10928961748633,71044
2018-04-09,42034.833333333336,25.8625,194.83333333333334,71309
2018-04-10,42133.919642857145,25.8875,195.5327868852459,71565
2018-04-11,42055.849702380954,25.86875,195.5,71553
2018-04-12,42104.068452380954,25.909375,195.3551912568306,71500
2018-04-13,42395.619047619046,25.928125,195.40437158469945,71518
2018-04-14,42203.354166666664,25.928125,194.89617486338798,71332
2018-04-15,42175.50892857143,25.9125,194.26775956284152,71102
2018-04-16,42235.15178571428,25.971875,195.04918032786884,71388
2018-04-17,42263.44642857143,25.909657320872274,195.74043715846994,71641
2018-04-18,43499.02678571428,25.88785046728972,195.60382513661202,71591
2018-04-19,43505.30952380953,25.894080996884735,195.45901639344262,71538
2018-04-20,43448.08630952381,25.890965732087228,195.45081967213116,71535
2018-04-21,43379.24107142857,25.866043613707166,194.9071038251366,71336
2018-04-22,43352.66369047619,25.856697819314643,194.1693989071038,71066
2018-04-23,43426.88392857143,25.897196261682243,194.74590163934425,71277
2018-04-24,43444.07440476191,25.82608695652174,195.48907103825135,71549
2018-04-25,43442.916666666664,25.819875776397517,195.41256830601094,71521
2018-04-26,44058.62797619047,25.996894409937887,195.26502732240436,71467
2018-04-27,44040.32142857143,25.97826086956522,195.15573770491804,71427
2018-04-28,43993.270833333336,25.959627329192546,194.39617486338798,71149
2018-04-29,44073.02985074627,26.021806853582554,193.78415300546447,70925
2018-04-30,44113.63582089552,26.05919003115265,194.44262295081967,71166
2018-05-01,44140.17910447761,26.065420560747665,195.17486338797815,71434
2018-05-02,44090.701492537315,26.08722741433022,195.08196721311475,71400
2018-05-03,42404.46268656717,26.09657320872274,194.91803278688525,71340
2018-05-04,42487.43880597015,26.090342679127726,194.8169398907104,71303
2018-05-05,42441.4447761194,26.134375,194.20765027322403,71080
2018-05-06,41495.62686567164,25.13125,193.45355191256832,70804
2018-05-07,41511.43880597015,25.062305295950157,194.13114754098362,71052
2018-05-08,41407.8125,24.993788819875775,194.78688524590163,71292
2018-05-09,41375.630952380954,25.009316770186334,194.77322404371586,71287
2018-05-10,41410.755952380954,24.996894409937887,194.70491803278688,71262
2018-05-11,41422.38392857143,25.01552795031056,194.70218579234972,71261
2018-05-12,41408.69047619047,25.012422360248447,194.0655737704918,71028
2018-05-13,41239.306547619046,24.869565217391305,192.12295081967213,70317
2018-05-14,41300.767857142855,24.922360248447205,192.81147540983608,70569
2018-05-15,41561.169642857145,25.183229813664596,193.47540983606558,70812
2018-05-16,41528.65178571428,25.15527950310559,193.41803278688525,70791
2018-05-17,41501.42857142857,25.13975155279503,193.35245901639345,70767
2018-05-18,41482.31547619047,25.13664596273292,193.18032786885246,70704
2018-05-19,41588.23582089552,25.202492211838006,192.56284153005464,70478
2018-05-20,41530.014925373136,25.16822429906542,191.93715846994536,70249
2018-05-21,41442.869047619046,25.10248447204969,192.63661202185793,70505
2018-05-22,41373.69139465875,25.05263157894737,193.43715846994536,70798
2018-05-23,41241.55192878338,25.058823529411764,193.4153005464481,70790
2018-05-24,41244.04154302671,25.046439628482972,193.37158469945356,70774
2018-05-25,41003.718100890204,24.823529411764707,193.4262295081967,70794
2018-05-26,41047.97321428572,24.866459627329192,192.7431693989071,70544
2018-05-27,40995.416666666664,24.81055900621118,192.07650273224044,70300
2018-05-28,40873.76854599406,24.81055900621118,192.12568306010928,70318
2018-05-29,40935.940652818994,24.857142857142858,192.80054644808743,70565
2018-05-30,40832.686390532544,24.792569659442723,193.57103825136613,70847
2018-05-31,40826.76331360947,24.78018575851393,193.5191256830601,70828
2018-06-01,40608.976331360944,24.609907120743035,193.4071038251366,70787
2018-06-02,40694.78931750742,24.67391304347826,192.60655737704917,70494
2018-06-03,40112.142433234425,24.593167701863354,191.86338797814207,70222
2018-06-04,40197.53412462908,24.61801242236025,192.63661202185793,70505
2018-06-05,40126.72189349112,24.560371517027864,193.44808743169398,70802
2018-06-06,40179.281065088755,24.57894736842105,193.69945355191257,70894
2018-06-07,40148.87573964497,24.58204334365325,193.52732240437157,70831
2018-06-08,39879.508875739644,24.275541795665635,193.4153005464481,70790
2018-06-09,39801.353115727004,24.322981366459626,192.71857923497268,70535
2018-06-10,39770.98516320475,24.304347826086957,191.9808743169399,70265
2018-06-11,39681.90976331361,24.24458204334365,192.58196721311475,70485
2018-06-12,39725.72337278107,24.256965944272444,193.31147540983608,70752
2018-06-13,39981.47189349112,24.318885448916408,193.1120218579235,70679
2018-06-14,39897.21449704142,24.312693498452013,192.83879781420765,70579
2018-06-15,39905.474852071005,24.36532507739938,192.97814207650273,70630
2018-06-16,39778.4275147929,24.352941176470587,192.224043715847,70354
2018-06-17,39756.523738872405,24.217391304347824,191.50273224043715,70090
2018-06-18,39781.07270029673,24.226708074534162,192.08196721311475,70302
2018-06-19,39936.40801186943,24.312693498452013,192.8415300546448,70580
2018-06-20,39925.45252225519,24.31578947368421,192.9672131147541,70626
2018-06-21,40096.209198813056,24.377708978328172,192.81967213114754,70572
2018-06-22,40258.65430267062,24.1609907120743,192.73224043715848,70540
2018-06-23,40329.150297619046,24.211180124223603,191.9398907103825,70250
2018-06-24,40064.74179104478,23.934579439252335,191.19398907103826,69977
2018-06-25,40121.5447761194,23.956386292834893,191.92896174863387,70246
2018-06-26,40162.18059701493,23.968847352024923,192.62021857923497,70499
2018-06-27,40156.95671641791,23.97507788161994,192.55191256830602,70474
2018-06-28,40150.89104477612,23.968847352024923,192.2568306010929,70366
2018-06-29,40188.58358208955,23.978193146417446,192.1584699453552,70330
2018-06-30,40081.45820895522,23.90031152647975,191.39890710382514,70052
2018-07-01,40131.08982035928,23.94375,190.63387978142077,69772
2018-07-02,40152.880597014926,23.931464174454828,191.26502732240436,70003
2018-07-03,40216.62985074627,23.981308411214954,191.95081967213116,70254
2018-07-04,39834.51641791045,23.439252336448597,191.327868852459,70026
2018-07-05,39852.72537313433,23.37888198757764,191.8087431693989,70202
2018-07-06,39839.205970149254,23.406832298136646,191.82513661202185,70208
2018-07-07,39811.149700598806,23.46417445482866,191.04098360655738,69921
2018-07-08,39704.99101796407,23.428125,190.3087431693989,69653
2018-07-09,39627.0104477612,23.386292834890966,191.18032786885246,69972
2018-07-10,39844.35565476191,23.506211180124225,191.89617486338798,70234
2018-07-11,39937.87946428572,23.527950310559007,191.89071038251367,70232
2018-07-12,39847.72172619047,23.5,191.75956284153006,70184
2018-07-13,39815.69494047619,23.490683229813666,191.62568306010928,70135
2018-07-14,39701.14732142857,23.437888198757765,190.86885245901638,69858
2018-07-15,39657.14434523809,23.41614906832298,190.1693989071038,69602
2018-07-16,39696.82886904762,23.440993788819874,190.83879781420765,69847
2018-07-17,39707.12648809524,23.377708978328172,191.40983606557376,70056
2018-07-18,39591.11755952381,23.343653250773993,191.53551912568307,70102
2018-07-19,39577.111607142855,23.340557275541794,191.28688524590163,70011
2018-07-20,39574.30803571428,23.352941176470587,191.02732240437157,69916
2018-07-21,39475.87053571428,23.37888198757764,190.38524590163934,69681
2018-07-22,39271.61755952381,23.161490683229815,189.61748633879782,69400
2018-07-23,39222.99851632048,23.13003095975232,190.27322404371586,69640
2018-07-24,39274.10830860534,23.1671826625387,190.87158469945356,69859
2018-07-25,39286.60385756676,23.1671826625387,190.79781420765028,69832
2018-07-26,39294.390207715136,23.1702786377709,190.43169398907105,69698
2018-07-27,39414.36943620178,23.241486068111456,190.54098360655738,69738
2018-07-28,39395.236607142855,23.180124223602483,189.89890710382514,69503
2018-07-29,39315.825892857145,23.108695652173914,189.3879781420765,69316
2018-07-30,39368.49553571428,23.183229813664596,190.0792349726776,69569
2018-07-31,39436.26636904762,23.229813664596275,190.87978142076503,69862
2018-08-01,39393.318452380954,23.214285714285715,190.98360655737704,69900
2018-08-02,38552.67857142857,22.09006211180124,190.72131147540983,69804
2018-08-03,38445.208333333336,21.80745341614907,190.70765027322403,69799
2018-08-04,38391.30357142857,21.773291925465838,190.0792349726776,69569
2018-08-05,37891.32738095238,21.46583850931677,189.39617486338798,69319
2018-08-06,37957.54761904762,21.518633540372672,189.95081967213116,69522
2018-08-07,38032.70238095238,21.549689440993788,190.60109289617486,69760
2018-08-08,39151.005952380954,22.145962732919255,190.64754098360655,69777
2018-08-09,38664.681547619046,22.114906832298136,190.32513661202185,69659
2018-08-10,39235.1875,22.695652173913043,190.23224043715848,69625
2018-08-11,39272.298507462685,22.697819314641745,189.25409836065575,69267
2018-08-12,39118.394029850744,22.64375,188.40437158469945,68956
2018-08-13,39007.42559523809,22.57632398753894,189.1120218579235,69215
2018-08-14,39069.39880952381,22.61682242990654,189.89071038251367,69500
2018-08-15,38998.74702380953,22.538940809968846,189.69945355191257,69430
2018-08-16,38943.09821428572,22.53271028037383,189.63934426229508,69408
2018-08-17,38897.20238095238,22.45482866043614,189.66666666666666,69418
2018-08-18,38934.802985074624,22.475,188.99726775956285,69173
2018-08-19,38867.202985074626,22.440625,188.54371584699453,69007
2018-08-20,38902.57910447761,22.39563862928349,189.0737704918033,69201
2018-08-21,38923.2,22.32919254658385,189.7704918032787,69456
2018-08-22,38956.04286567164,22.332298136645964,190.28688524590163,69645
2018-08-23,38886.95928358209,22.251552795031056,190.1448087431694,69593
2018-08-24,38529.702567164175,21.81366459627329,190.01639344262296,69546
2018-08-25,38567.6268263473,21.822429906542055,189.224043715847,69256
2018-08-26,38459.800479041915,21.781931464174455,188.62295081967213,69036
2018-08-27,38699.12982035928,22.180685358255452,189.21584699453553,69253
2018-08-28,38737.12982035928,22.133540372670808,189.9808743169399,69533
2018-08-29,38732.04898203593,22.13975155279503,190.07650273224044,69568
2018-08-30,38729.983113772454,22.130434782608695,190.02185792349727,69548
2018-08-31,38751.974131736526,22.158385093167702,189.91803278688525,69510
2018-09-01,37866.856936936936,22.221183800623052,189.1912568306011,69244
2018-09-02,37938.28120481927,22.278125,188.5792349726776,69020
2018-09-03,37938.28120481927,22.278125,188.5846994535519,69022
2018-09-04,37884.96204204204,22.230529595015575,189.34972677595627,69302
2018-09-05,37962.968048048046,22.264797507788163,190.00819672131146,69543
2018-09-06,37951.214294294296,22.261682242990656,189.93715846994536,69517
2018-09-07,37749.2203003003,22.043613707165107,189.92896174863387,69514
2018-09-08,37102.98306306306,21.53271028037383,189.15573770491804,69231
2018-09-09,37068.32939759036,21.453125,188.39071038251367,68951
2018-09-10,37105.78120481927,21.475,189.03005464480876,69185
2018-09-11,37192.606506024094,21.55,189.59016393442624,69390
2018-09-12,36548.15469879518,20.9,189.5191256830601,69364
2018-09-13,36557.05228915662,20.9125,189.41256830601094,69325
2018-09-14,36452.8456626506,20.8125,189.25409836065575,69267
2018-09-15,36512.715287009065,20.855799373040753,188.76502732240436,69088
2018-09-16,36457.9267673716,20.84012539184953,188.0846994535519,68839
2018-09-17,36409.74024096385,20.815625,188.71311475409837,69069
2018-09-18,36440.07759036145,20.83125,189.37978142076503,69313
2018-09-19,36243.49626506024,20.7625,189.31420765027323,69289
2018-09-20,33426.7628313253,20.728125,189.14754098360655,69228
2018-09-21,33326.127289156626,20.771875,189.15300546448088,69230
2018-09-22,33376.27268882175,20.78369905956113,188.39890710382514,68954
2018-09-23,33157.91921450151,20.369905956112852,187.66666666666666,68686
2018-09-24,33079.63331325301,20.325,188.2622950819672,68904
2018-09-25,33135.9284939759,20.35,189.0846994535519,69205
2018-09-26,33168.249277108436,20.315625,189.22677595628414,69257
2018-09-27,32958.35168674699,20.009375,189.10928961748633,69214
2018-09-28,33559.18753012048,20.55625,189.00819672131146,69177
2018-09-29,33532.83210843374,20.614420062695924,188.6120218579235,69032
2018-09-30,33485.28993975904,20.595611285266457,188.07103825136613,68834
2018-10-01,33540.06403614458,20.61128526645768,188.18852459016392,68877
2018-10-02,33563.151385542165,20.630094043887148,188.87978142076503,69130
2018-10-03,33566.940542168675,20.630094043887148,189.25409836065575,69267
2018-10-04,33561.4706626506,20.61755485893417,189.11748633879782,69217
2018-10-05,33602.68753012048,20.620689655172413,189.1639344262295,69234
2018-10-06,33567.58386706949,20.537735849056602,188.60928961748633,69031
2018-10-07,33540.14277945619,20.586750788643535,187.94535519125682,68788
2018-10-08,33934.82253776435,21.056603773584907,188.6693989071038,69053
2018-10-09,33941.19716012084,21.059748427672957,189.31967213114754,69291
2018-10-10,33958.655468277946,21.07547169811321,189.38524590163934,69315
2018-10-11,33875.84882175227,21.072327044025158,189.2568306010929,69268
2018-10-12,33502.29897280967,20.666666666666668,189.16666666666666,69235
2018-10-13,33566.10593939394,20.7192429022082,188.54371584699453,69007
2018-10-14,33505.53624242425,20.618296529968454,187.84972677595627,68753
2018-10-15,33921.933413897284,20.57547169811321,188.2486338797814,68899
2018-10-16,34036.555770392755,20.67295597484277,188.89344262295083,69135
2018-10-17,34005.2929305136,20.669811320754718,189.00819672131146,69177
2018-10-18,33803.18114803626,20.330188679245282,188.94808743169398,69155
2018-10-19,32411.05728096677,20.336477987421382,188.87431693989072,69128
2018-10-20,32492.512000000002,20.391167192429023,188.0846994535519,68839
2018-10-21,32485.242303030307,20.384858044164037,187.37704918032787,68580
2018-10-22,32528.327151515154,20.400630914826497,188.0,68808
2018-10-23,32586.29684848485,20.345911949685533,188.73224043715848,69076
2018-10-24,32648.80290909091,20.31761006289308,188.7704918032787,69090
2018-10-25,32604.369575757577,20.30817610062893,188.35792349726776,68939
2018-10-26,33147.90593939394,20.962264150943398,188.19945355191257,68881
2018-10-27,33085.57866666667,20.937106918238992,187.52185792349727,68633
2018-10-28,32960.82109090909,20.873817034700316,186.82513661202185,68378
2018-10-29,33020.608640483384,20.836477987421382,187.5327868852459,68637
2018-10-30,33127.92586102719,20.927672955974842,188.1775956284153,68873
2018-10-31,32468.40320241692,20.528301886792452,188.1448087431694,68861
2018-11-01,32499.46664652568,20.556603773584907,187.91803278688525,68778
2018-11-02,32482.578429003024,20.5188679245283,186.87704918032787,68397
2018-11-03,32565.907454545457,20.574132492113566,186.47540983606558,68250
2018-11-04,32429.32260606061,20.422712933753942,185.8224043715847,68011
2018-11-05,32450.30745454546,20.42902208201893,186.224043715847,68158
2018-11-06,32487.652909090913,20.454258675078865,186.68579234972677,68327
2018-11-07,32487.695333333337,20.457413249211356,186.66120218579235,68318
2018-11-08,32513.498363636365,20.466876971608833,186.45901639344262,68244
2018-11-09,31730.716545454547,20.441640378548897,186.34699453551912,68203
2018-11-10,31819.457325227966,20.496835443037973,185.64754098360655,67947
2018-11-11,31819.457325227966,20.496835443037973,185.45081967213116,67875
2018-11-12,31916.46786585366,20.496835443037973,185.6912568306011,67963
2018-11-13,31942.263597560977,20.509493670886076,186.48360655737704,68253
2018-11-14,31917.275030487806,20.531645569620252,186.31147540983608,68190
2018-11-15,31813.351250000003,20.556962025316455,186.16120218579235,68135
2018-11-16,31564.308567073174,20.370253164556964,186.22677595628414,68159
2018-11-17,31611.098501529053,20.396825396825395,185.724043715847,67975
2018-11-18,31572.804923547403,20.445859872611464,185.0655737704918,67734
2018-11-19,31486.768932926832,20.384126984126983,185.47540983606558,67884
2018-11-20,31513.677469512197,20.4031746031746,186.16120218579235,68135
2018-11-21,31527.818475609758,20.406349206349205,186.0054644808743,68078
2018-11-22,31615.839327217127,20.461783439490446,185.35792349726776,67841
2018-11-23,31643.863374233133,20.51437699680511,184.70765027322403,67603
2018-11-24,31643.863374233133,20.51437699680511,184.70491803278688,67602
2018-11-25,31642.50754601227,20.51437699680511,184.68852459016392,67596
2018-11-26,31557.080917431194,20.45859872611465,185.28961748633878,67816
2018-11-27,31783.478470948015,20.735668789808916,185.9672131147541,68064
2018-11-28,31755.06256880734,20.729299363057326,185.9262295081967,68049
2018-11-29,31875.285810397556,20.914012738853504,185.6448087431694,67946
2018-11-30,31409.616085626913,20.452229299363058,185.59562841530055,67928
2018-12-01,31471.23147239264,20.50479233226837,184.98907103825135,67706
2018-12-02,31414.259079754604,20.47923322683706,184.3360655737705,67467
2018-12-03,31434.21920245399,20.488817891373802,184.54371584699453,67543
2018-12-04,31473.357239263805,20.50479233226837,185.21857923497268,67790
2018-12-05,31521.436993865034,20.527156549520768,185.18579234972677,67778
2018-12-06,30352.102638036813,19.39297124600639,185.04098360655738,67725
2018-12-07,30308.602638036813,19.399361022364218,184.95901639344262,67695
2018-12-08,30379.905261538464,19.44871794871795,184.3224043715847,67462
2018-12-09,29671.532953846156,19.434083601286172,183.55191256830602,67180
2018-12-10,29741.434492307693,19.469453376205788,184.21584699453553,67423
2018-12-11,29865.745261538465,19.491961414790996,184.87158469945356,67663
2018-12-12,29996.283723076926,19.491961414790996,184.75409836065575,67620
2018-12-13,29988.314492307694,19.475884244372992,184.69945355191257,67600
2018-12-14,29982.985261538463,19.482315112540192,184.70491803278688,67602
2018-12-15,30030.281512345682,19.51290322580645,184.23497267759564,67430
2018-12-16,30073.65699690403,19.55663430420712,183.65573770491804,67218
2018-12-17,30115.273095975233,19.60517799352751,183.90437158469945,67309
2018-12-18,30240.328823529413,19.74433656957929,184.5846994535519,67558
2018-12-19,31667.982074303407,20.844660194174757,184.48907103825135,67523
2018-12-20,31616.198792569663,20.802588996763753,184.29508196721312,67452
2018-12-21,31764.074953560375,21.06472491909385,184.0983606557377,67380
2018-12-22,31848.916801242238,21.12987012987013,183.48360655737704,67155
2018-12-23,31841.592554517138,21.16612377850163,182.94808743169398,66959
2018-12-24,31742.705621118017,21.0974025974026,183.0655737704918,67002
2018-12-25,31841.592554517138,21.16612377850163,183.05737704918033,66999
2018-12-26,31760.885745341617,21.11038961038961,183.5,67161
2018-12-27,31795.45096273292,21.12987012987013,183.84426229508196,67287
2018-12-28,31270.705621118017,20.38961038961039,183.93169398907105,67319
2018-12-29,31273.495981308413,20.423452768729643,183.43715846994536,67138
2018-12-30,31216.02557632399,20.39739413680782,182.92896174863387,66952
2018-12-31,31216.02557632399,20.39739413680782,183.0846994535519,67009
2019-01-01,31313.575656250003,20.464052287581698,183.0928961748634,67012
2019-01-02,31312.234299065425,20.44299674267101,183.79508196721312,67269
2019-01-03,31334.36358255452,20.439739413680783,183.65027322404373,67216
2019-01-04,31362.566074766357,20.537459283387623,183.58743169398906,67193
2019-01-05,31078.631495327107,20.371335504885995,183.10655737704917,67017
2019-01-06,30411.117843750002,20.395424836601308,182.41256830601094,66763
2019-01-07,30496.827218750004,20.434640522875817,182.98907103825135,66974
2019-01-08,30939.802218750003,20.473856209150327,183.68852459016392,67230
2019-01-09,31173.080343750004,20.69281045751634,183.62295081967213,67206
2019-01-10,31182.15221875,20.715686274509803,183.63661202185793,67211
2019-01-11,30421.46471875,20.052287581699346,183.56284153005464,67184
2019-01-12,30493.390940438876,20.104918032786884,182.88524590163934,66936
2019-01-13,30459.59156739812,20.098360655737704,182.37978142076503,66751
2019-01-14,30479.930125391853,20.03921568627451,182.88251366120218,66935
2019-01-15,30411.48034375,19.990228013029316,183.48360655737704,67155
2019-01-16,30445.914718750002,20.01628664495114,183.7431693989071,67250
2019-01-17,29787.008468750002,19.332247557003257,183.76502732240436,67258
2019-01-18,29816.733468750004,19.35830618892508,183.88524590163934,67302
2019-01-19,29799.111593750004,19.405228758169933,183.59016393442624,67194
2019-01-20,29628.299093750004,19.176470588235293,182.97267759562843,66968
2019-01-21,29721.177774294672,19.23934426229508,183.0655737704918,67002
2019-01-22,29838.474012539187,19.23934426229508,183.59562841530055,67196
2019-01-23,29883.01006269593,19.095081967213115,183.52185792349727,67169
2019-01-24,29332.680909090912,19.095081967213115,183.51092896174865,67165
2019-01-25,29370.12605015674,19.14426229508197,183.4344262295082,67137
2019-01-26,29352.621347962384,19.134426229508197,183.0846994535519,67009
2019-01-27,29235.862295597486,18.789473684210527,182.38251366120218,66752
2019-01-28,29739.84028301887,19.367213114754097,182.88524590163934,66936
2019-01-29,29745.7270754717,19.37704918032787,183.4808743169399,67154
2019-01-30,29692.189339622644,19.35081967213115,183.36885245901638,67113
2019-01-31,29784.211352201262,19.340983606557376,183.29234972677597,67085
2019-02-01,29774.08556603774,19.337704918032788,183.1639344262295,67038
2019-02-02,29749.856006289312,19.331147540983608,182.775956284153,66896
2019-02-03,29598.738832807572,19.13486842105263,182.18852459016392,66681
2019-02-04,29853.675741324925,19.14144736842105,182.31967213114754,66729
2019-02-05,29910.71044164038,19.161184210526315,182.85792349726776,66926
2019-02-06,29877.74829652997,19.05263157894737,182.85245901639345,66924
2019-02-07,29764.78615141956,18.94078947368421,182.7513661202186,66887
2019-02-08,29446.559022082023,18.87828947368421,182.63934426229508,66846
2019-02-09,29530.912056962028,18.93069306930693,181.89617486338798,66574
2019-02-10,29544.746698412702,18.927152317880793,181.275956284153,66347
2019-02-11,29568.480031746036,18.94039735099338,181.75956284153006,66524
2019-02-12,29797.527650793654,19.264900662251655,182.3879781420765,66754
2019-02-13,30182.38796825397,19.539735099337747,182.20218579234972,66686
2019-02-14,31352.692730158735,20.503311258278146,182.08743169398906,66644
2019-02-15,31350.362571428574,20.443708609271525,182.05191256830602,66631
2019-02-16,31413.354171974526,20.498338870431894,181.69672131147541,66501
2019-02-17,31269.690766773165,20.526666666666667,180.9945355191257,66244
2019-02-18,31170.105764331212,20.526666666666667,180.91803278688525,66216
2019-02-19,31237.975269841274,20.674418604651162,181.5846994535519,66460
2019-02-20,31274.91177777778,20.687707641196013,182.18852459016392,66681
2019-02-21,31186.48955555556,20.60797342192691,182.19398907103826,66683
2019-02-22,31230.343523809526,20.627906976744185,182.55191256830602,66814
2019-02-23,31199.486380952385,20.614617940199334,182.16666666666666,66673
2019-02-24,30518.32447619048,20.02,181.38251366120218,66386
2019-02-25,30550.130825396827,20.03,181.75409836065575,66522
2019-02-26,30617.20701587302,20.066666666666666,182.4016393442623,66759
2019-02-27,30601.108603174605,20.05666666666667,182.18579234972677,66680
2019-02-28,29963.556222222225,20.02,182.37704918032787,66750
2019-03-01,29939.48955555556,19.88,182.72131147540983,66876
2019-03-02,29834.586656050957,19.5752508361204,182.13661202185793,66662
2019-03-03,29360.693961661345,19.033557046979865,181.13387978142077,66295
2019-03-04,29397.639648562305,19.046979865771814,181.6120218579235,66470
2019-03-05,29829.88884984026,19.053691275167786,182.2377049180328,66699
2019-03-06,29807.465527156553,19.053691275167786,182.3360655737705,66735
2019-03-07,29875.97830670927,19.14765100671141,182.0983606557377,66648
2019-03-08,29909.463929712463,19.140939597315437,181.86885245901638,66564
2019-03-09,29882.582140575083,19.130872483221477,181.39071038251367,66389
2019-03-10,29567.88528846154,18.723905723905723,180.63387978142077,66112
2019-03-11,29622.907724358978,18.747474747474747,181.19945355191257,66319
2019-03-12,29630.6096474359,18.757575757575758,181.94808743169398,66593
2019-03-13,29678.47823717949,18.848484848484848,181.86885245901638,66564
2019-03-14,29631.686570512822,18.838383838383837,181.74043715846994,66517
2019-03-15,29878.837211538463,19.084175084175083,181.6830601092896,66496
2019-03-16,29949.97173633441,19.135135135135137,181.52185792349727,66437
2019-03-17,29986.945838709682,19.17966101694915,180.4016393442623,66027
2019-03-18,29942.75951768489,19.152027027027028,180.7377049180328,66150
2019-03-19,29980.17109324759,19.158783783783782,181.3224043715847,66364
2019-03-20,29837.23218649518,19.10472972972973,181.21311475409837,66324
2019-03-21,29837.370450160775,19.094594594594593,180.9207650273224,66217
2019-03-22,29924.83990353698,19.010135135135137,180.86612021857923,66197
2019-03-23,30001.84261290323,19.064406779661017,180.01092896174865,65884
2019-03-24,29967.971645161295,19.044067796610168,179.21311475409837,65592
2019-03-25,30031.36519354839,19.064406779661017,179.50819672131146,65700
2019-03-26,30534.466806451615,19.08135593220339,180.16120218579235,65939
2019-03-27,30299.049064516134,19.115254237288134,180.09562841530055,65915
2019-03-28,30357.987774193552,19.189830508474575,180.0792349726776,65909
2019-03-29,30411.4845483871,19.220338983050848,180.0846994535519,65911
2019-03-30,30235.13012944984,19.214285714285715,179.35245901639345,65643
2019-03-31,30177.389029126218,19.183673469387756,178.7295081967213,65415
2019-04-01,30236.110711974114,19.172881355932205,179.37431693989072,65651
2019-04-02,30276.049223300975,19.131756756756758,180.0054644808743,65882
2019-04-03,30948.615566343044,19.239864864864863,179.96174863387978,65866
2019-04-04,30800.149546925568,19.135135135135137,179.7622950819672,65793
2019-04-05,30178.882556634308,18.489864864864863,177.72131147540983,65046
2019-04-06,29466.830776699033,17.76689189189189,177.20491803278688,64857
2019-04-07,29482.58022727273,17.816949152542374,176.46448087431693,64586
2019-04-08,29421.452135922333,17.77027027027027,176.9945355191257,64780
2019-04-09,29469.371229773467,17.783783783783782,177.6693989071038,65027
2019-04-10,29465.33886731392,17.78716216216216,177.65300546448088,65021
2019-04-11,29448.613948220067,17.841216216216218,177.5054644808743,64967
2019-04-12,29493.38579288026,17.85135135135135,177.38524590163934,64923
2019-04-13,29513.19548701299,17.854237288135593,176.84426229508196,64725
2019-04-14,29283.443680781762,17.887755102040817,176.13114754098362,64464
2019-04-15,29321.463224755702,17.897959183673468,176.6775956284153,64664
2019-04-16,29325.072345276876,17.901360544217688,177.38524590163934,64923
2019-04-17,29313.671693811077,17.887755102040817,176.98907103825135,64778
2019-04-18,29342.427394136812,17.918367346938776,176.8169398907104,64715
2019-04-19,27961.53814332248,17.921768707482993,176.73224043715848,64684
2019-04-20,27931.189609120524,17.908163265306122,176.19672131147541,64488
2019-04-21,27928.71964052288,17.92491467576792,175.5792349726776,64262
2019-04-22,28002.37323529412,18.017064846416382,176.2295081967213,64500
2019-04-23,28042.55624183007,18.034129692832764,176.84426229508196,64725
2019-04-24,28029.760816993465,18.068259385665527,176.93715846994536,64759
2019-04-25,28019.018986928106,18.061433447098977,176.75409836065575,64692
2019-04-26,28056.329444444447,18.12627986348123,176.59016393442624,64632
2019-04-27,27384.851836065576,17.94178082191781,176.03005464480876,64427
2019-04-28,27414.683585526316,17.969072164948454,175.44535519125682,64213
2019-04-29,27507.509243421053,18.02405498281787,176.0928961748634,64450
2019-04-30,27445.015770491806,18.006849315068493,176.63114754098362,64647
2019-05-01,27435.310852459017,17.96917808219178,176.58743169398906,64631
2019-05-02,27412.671508196723,17.96232876712329,176.44808743169398,64580
2019-05-03,27402.673147540987,17.965753424657535,176.42896174863387,64573
2019-05-04,27437.45167763158,18.0,175.82513661202185,64352
2019-05-05,27315.24773026316,17.989690721649485,175.14754098360655,64104
2019-05-06,27352.280625000003,17.938356164383563,175.89617486338798,64378
2019-05-07,27922.642467105266,18.763698630136986,176.5,64599
2019-05-08,28058.97470394737,18.845890410958905,176.45628415300547,64583
2019-05-09,28091.382598684213,18.86986301369863,176.44262295081967,64578
2019-05-10,28126.49773026316,18.839041095890412,176.35245901639345,64545
2019-05-11,28128.948217821784,18.893470790378007,175.7295081967213,64317
2019-05-12,28085.278250825086,18.86254295532646,175.0327868852459,64062
2019-05-13,28215.614884488452,18.95189003436426,175.73224043715848,64318
2019-05-14,28238.664389438945,18.95876288659794,176.31967213114754,64533
2019-05-15,28190.232046204623,18.917525773195877,176.21857923497268,64496
2019-05-16,28555.344257425746,18.7319587628866,176.15027322404373,64471
2019-05-17,29588.849207920794,18.738831615120276,175.95355191256832,64399
2019-05-18,29668.32221854305,18.79655172413793,175.28415300546447,64154
2019-05-19,29648.736125827818,18.782758620689656,174.7295081967213,63951
2019-05-20,29569.136336633666,18.725085910652922,175.4071038251366,64199
2019-05-21,29631.093432343238,18.745704467353953,175.96174863387978,64402
2019-05-22,29792.169339933997,18.982817869415808,175.80601092896174,64345
2019-05-23,29866.08683168317,19.10996563573883,175.54371584699453,64249
2019-05-24,29867.166039603962,19.103092783505154,175.52459016393442,64242
2019-05-25,29819.72379537954,19.06529209621993,174.8551912568306,63997
2019-05-26,29772.377260726073,19.09655172413793,174.11748633879782,63727
2019-05-27,29674.44180921053,19.09655172413793,174.13661202185793,63734
2019-05-28,29799.056940789476,19.148275862068967,174.8879781420765,64009
2019-05-29,29816.61615131579,19.09278350515464,175.5327868852459,64245
2019-05-30,30097.431940789476,19.539518900343644,175.55737704918033,64254
2019-05-31,30150.165493421053,19.577319587628867,175.39344262295083,64194
2019-06-01,30215.321155115515,19.63448275862069,174.6912568306011,63937
2019-06-02,30139.706324503313,19.366782006920417,174.02459016393442,63693
2019-06-03,30357.004323432346,19.306896551724137,174.71038251366122,63944
2019-06-04,30513.19574257426,19.52413793103448,175.25956284153006,64145
2019-06-05,30474.86900990099,19.53103448275862,175.07103825136613,64076
2019-06-06,30500.882211221124,19.53103448275862,174.84699453551912,63994
2019-06-07,30545.00102310231,19.575862068965517,174.5928961748634,63901
2019-06-08,30590.37188741722,19.602076124567475,173.96994535519124,63673
2019-06-09,30641.95451827243,19.649305555555557,173.3224043715847,63436
2019-06-10,30982.991092715234,19.6159169550173,173.95081967213116,63666
2019-06-11,31066.94804635762,19.65051903114187,174.7486338797814,63958
2019-06-12,31100.87354304636,19.636678200692042,174.84426229508196,63993
2019-06-13,31066.15831125828,19.62629757785467,174.62841530054644,63914
2019-06-14,30779.26592715232,19.557093425605537,174.7568306010929,63961
2019-06-15,30756.467913907287,19.54325259515571,174.20218579234972,63758
2019-06-16,30682.06725165563,19.46020761245675,173.40437158469945,63466
2019-06-17,30732.491092715234,19.4878892733564,174.05191256830602,63703
2019-06-18,30746.258448844885,19.43103448275862,174.71038251366122,63944
2019-06-19,30727.664389438945,19.424137931034483,174.91256830601094,64018
2019-06-20,30562.367359735974,19.244827586206895,175.03551912568307,64063
2019-06-21,30561.060429042907,19.244827586206895,174.70491803278688,63942
2019-06-22,30327.20894389439,19.224913494809687,174.06284153005464,63707
2019-06-23,29876.7799009901,19.23263888888889,173.4207650273224,63472
2019-06-24,29862.063519736843,19.311418685121108,174.15027322404373,63739
2019-06-25,29777.22068852459,19.251724137931035,174.81420765027323,63982
2019-06-26,29747.286262295085,19.244827586206895,174.84972677595627,63995
2019-06-27,29765.164950819675,19.317241379310346,174.9808743169399,64043
2019-06-28,29763.158393442623,19.306896551724137,175.03825136612022,64064
2019-06-29,29818.165493421053,19.352941176470587,174.49180327868854,63864
2019-06-30,29812.007623762376,19.385416666666668,173.65573770491804,63558
2019-07-01,29847.179240924095,19.399305555555557,174.37158469945356,63820
2019-07-02,29763.415493421053,19.33217993079585,174.94535519125682,64030
2019-07-03,30136.244440789476,19.273356401384085,174.89071038251367,64010
2019-07-04,30165.222145214524,19.28472222222222,174.18579234972677,63752
2019-07-05,30163.004323432346,19.28472222222222,174.46174863387978,63853
2019-07-06,30242.683145695366,19.337979094076655,173.9672131147541,63672
2019-07-07,30203.044072847682,19.278745644599304,173.37158469945356,63454
2019-07-08,30155.159438943898,19.23611111111111,174.172131147541,63747
2019-07-09,30245.1099339934,19.19377162629758,174.9071038251366,64016
2019-07-10,30574.989471947196,19.173010380622838,174.6912568306011,63937
2019-07-11,30308.012574257427,19.02076124567474,174.68032786885246,63933
2019-07-12,30413.250198019803,19.269896193771626,174.53825136612022,63881
2019-07-13,30508.38678807947,19.32986111111111,174.03825136612022,63698
2019-07-14,30478.10533112583,19.37630662020906,173.44535519125682,63481
2019-07-15,30495.49605960265,19.37979094076655,174.0054644808743,63686
2019-07-16,30615.840430463577,19.480836236933797,174.84972677595627,63995
2019-07-17,30627.916589403976,19.48432055749129,174.84699453551912,63994
2019-07-18,30690.51592715232,19.501742160278745,174.78961748633878,63973
2019-07-19,30754.28745033113,19.522648083623693,174.51639344262296,63873
2019-07-20,30847.61066445183,19.583916083916083,173.9344262295082,63660
2019-07-21,30790.441229235883,19.55944055944056,173.37431693989072,63455
2019-07-22,30855.4246179402,19.50871080139373,174.06830601092895,63709
2019-07-23,30862.195382059803,19.50871080139373,174.7486338797814,63958
2019-07-24,31464.4611627907,19.773519163763066,174.7704918032787,63966
2019-07-25,31431.643887043192,19.742160278745644,174.7486338797814,63958
2019-07-26,31462.17212624585,19.843205574912893,174.54918032786884,63885
2019-07-27,31544.109366666667,19.8986013986014,173.97540983606558,63675
2019-07-28,31319.70936666667,19.76923076923077,173.23497267759564,63404
2019-07-29,31306.756843853815,19.742160278745644,173.89890710382514,63647
2019-07-30,31351.152192691025,19.773519163763066,174.724043715847,63949
2019-07-31,31698.547541528234,20.222996515679444,174.59016393442624,63900
2019-08-01,31691.471129568108,20.205574912891986,174.37704918032787,63822
2019-08-02,31702.623953488375,20.202090592334496,174.30601092896174,63796
2019-08-03,31786.806033333334,20.262237762237763,173.79234972677597,63608
2019-08-04,31761.878963210704,20.294736842105262,173.12021857923497,63362
2019-08-05,31820.818762541807,20.32280701754386,173.83333333333334,63623
2019-08-06,32826.66826086957,21.003508771929823,174.672131147541,63930
2019-08-07,32770.97260869565,20.950877192982457,174.7568306010929,63961
2019-08-08,32753.10638795987,20.919298245614034,174.55464480874318,63887
2019-08-09,31442.334581939802,20.140350877192983,174.45901639344262,63852
2019-08-10,31437.842943143816,20.140350877192983,173.95081967213116,63666
2019-08-11,30734.665685618733,19.46315789473684,173.25956284153006,63413
2019-08-12,30645.803466666668,19.402097902097903,173.8224043715847,63619
2019-08-13,31054.923466666663,20.031358885017422,174.39890710382514,63830
2019-08-14,31121.343466666665,20.073170731707318,174.39344262295083,63828
2019-08-15,31527.763466666664,20.522648083623693,174.12021857923497,63728
2019-08-16,31541.9868,20.51567944250871,174.11748633879782,63727
2019-08-17,31630.240936454848,20.58041958041958,173.4262295081967,63474
2019-08-18,31652.02697986577,20.614035087719298,172.73224043715848,63220
2019-08-19,31602.809498327755,20.566433566433567,173.34972677595627,63446
2019-08-20,31643.31117056856,20.58041958041958,173.8879781420765,63643
2019-08-21,31638.50515050167,20.55944055944056,173.96448087431693,63671
2019-08-22,32198.478394648828,20.56993006993007,173.82513661202185,63620
2019-08-23,32169.202943143813,20.54895104895105,173.54918032786884,63519
2019-08-24,32239.166711409394,20.621052631578948,173.0737704918033,63345
2019-08-25,32213.096241610736,20.610526315789475,172.51092896174865,63139
2019-08-26,32195.223010033445,20.545454545454547,173.0846994535519,63349
2019-08-27,32217.340066889632,20.555944055944057,173.62568306010928,63547
2019-08-28,32275.216321070235,20.38111888111888,173.6120218579235,63542
2019-08-29,32232.223010033445,20.356643356643357,173.28142076502732,63421
2019-08-30,32653.206287625417,20.423076923076923,173.04644808743168,63335
2019-08-31,32711.351275167784,20.477192982456142,172.36338797814207,63085
2019-09-01,32763.93494949495,20.496478873239436,171.7568306010929,62863
2019-09-02,32763.93494949495,20.496478873239436,171.78688524590163,62874
2019-09-03,32711.69355704698,20.45263157894737,172.33333333333334,63074
2019-09-04,32634.577525083612,20.39160839160839,173.05737704918033,63339
2019-09-05,32670.249765886285,20.46153846153846,172.87158469945356,63271
2019-09-06,32634.37016722408,20.447552447552447,172.89071038251367,63278
2019-09-07,32725.170067114093,20.50877192982456,172.2486338797814,63043
2019-09-08,32656.384832214764,20.510563380281692,171.53005464480876,62780
2019-09-09,32703.035838926175,20.524647887323944,172.27868852459017,63054
2019-09-10,32603.968829431436,20.45964912280702,172.80601092896174,63247
2019-09-11,33166.072508361205,20.50526315789474,172.80601092896174,63247
2019-09-12,33126.406956521736,20.428070175438595,172.7295081967213,63219
2019-09-13,33264.47719063545,20.54385964912281,172.63387978142077,63184
2019-09-14,33233.64775919732,20.512280701754385,172.0601092896175,62974
2019-09-15,33178.55946488294,20.487719298245615,171.45081967213116,62751
2019-09-16,34544.387599999995,20.437062937062937,171.86885245901638,62904
2019-09-17,34580.920933333335,20.45104895104895,172.34972677595627,63080
2019-09-18,34600.544266666664,20.48951048951049,172.37158469945356,63088
2019-09-19,34577.927599999995,20.475524475524477,172.21038251366122,63029
2019-09-20,34544.53093333333,20.47902097902098,172.11475409836066,62994
2019-09-21,34629.37551839465,20.54385964912281,171.80601092896174,62881
2019-09-22,34309.18822742475,20.487719298245615,171.13661202185793,62636
2019-09-23,34200.20093333333,20.41958041958042,171.81420765027323,62884
2019-09-24,34206.91426666667,20.423076923076923,172.4153005464481,63104
2019-09-25,34256.27093333333,20.447552447552447,173.0327868852459,63330
2019-09-26,34336.60093333333,20.58041958041958,172.84972677595627,63263
2019-09-27,34264.4026,20.566433566433567,172.62568306010928,63181
2019-09-28,34323.704949832776,20.61754385964912,172.0,62952
2019-09-29,33733.37174496644,20.056338028169016,171.3360655737705,62709
2019-09-30,33744.35496644295,19.985964912280703,171.64754098360655,62823
2019-10-01,33757.22073825503,19.996491228070177,172.1912568306011,63022
2019-10-02,33709.67375838926,19.985964912280703,172.19945355191257,63025
2019-10-03,34398.50261744966,20.589473684210525,172.03005464480876,62963
2019-10-04,34452.838187919464,20.642105263157895,171.60382513661202,62807
2019-10-05,34420.07644295302,20.628070175438598,171.2568306010929,62680
2019-10-06,34356.64020134228,20.68661971830986,170.55737704918033,62424
2019-10-07,35433.56448160535,21.726315789473684,171.18032786885246,62652
2019-10-08,35470.2233444816,21.674825174825173,171.88251366120218,62909
2019-10-09,35050.15645484949,21.087412587412587,171.82513661202185,62888
2019-10-10,35057.10294314381,21.094405594405593,171.64207650273224,62821
2019-10-11,35030.37819397993,21.066433566433567,171.55464480874318,62789
2019-10-12,35089.08751677853,21.12280701754386,170.94808743169398,62567
2019-10-13,35140.35717171717,21.179577464788732,170.21857923497268,62300
2019-10-14,35032.82912751678,21.105263157894736,170.70765027322403,62479
2019-10-15,35084.22510067114,21.133333333333333,171.4016393442623,62733
2019-10-16,34523.906308724836,21.112280701754386,171.38524590163934,62727
2019-10-17,34401.406308724836,21.010526315789473,171.23497267759564,62672
2019-10-18,34514.88617449664,20.989473684210527,170.98360655737704,62580
2019-10-19,34570.52215488216,21.04225352112676,170.29781420765028,62329
2019-10-20,34535.90936026936,21.031690140845072,169.65573770491804,62094
2019-10-21,34763.81234899329,21.694736842105264,170.26775956284152,62318
2019-10-22,34836.25530201342,21.803508771929824,170.87704918032787,62541
2019-10-23,34822.047248322146,21.796491228070174,170.9016393442623,62550
2019-10-24,35385.906308724836,22.44561403508772,170.68032786885246,62469
2019-10-25,35326.859328859064,22.51578947368421,170.49726775956285,62402
2019-10-26,35444.727542087545,22.595070422535212,169.98360655737704,62214
2019-10-27,34820.90262626263,21.848591549295776,169.37978142076503,61993
2019-10-28,34850.33696969697,21.8556338028169,169.78142076502732,62140
2019-10-29,34896.1298989899,21.796491228070174,170.42349726775956,62375
2019-10-30,34766.2830976431,21.814035087719297,170.3306010928962,62341
2019-10-31,34683.407676767674,21.71578947368421,170.27868852459017,62322
2019-11-01,34274.2931986532,21.270175438596493,170.11748633879782,62263
2019-11-02,34320.63878378378,21.288732394366196,169.69672131147541,62109
2019-11-03,34279.08810810811,21.335689045936395,169.0655737704918,61878
2019-11-04,34174.41777777778,21.264084507042252,169.45901639344262,62022
2019-11-05,34196.508686868685,21.278169014084508,169.9672131147541,62208
2019-11-06,34187.55245791246,21.274647887323944,169.9398907103825,62198
2019-11-07,34176.63326599327,21.260563380281692,169.9398907103825,62198
2019-11-08,34275.08107744108,21.320422535211268,169.79234972677597,62144
2019-11-09,34222.340336700334,21.37102473498233,169.2431693989071,61943
2019-11-10,34306.6995945946,21.43262411347518,168.51639344262296,61677
2019-11-11,34306.6995945946,21.43262411347518,168.67486338797815,61735
2019-11-12,34226.26626262626,21.374558303886925,169.31147540983608,61968
2019-11-13,34145.731812080536,21.323943661971832,169.8415300546448,62162
2019-11-14,34139.75194630872,21.323943661971832,169.52732240437157,62047
2019-11-15,34222.100939597316,21.380281690140844,169.56830601092895,62062
2019-11-16,34162.802281879194,21.31338028169014,169.17486338797815,61918
2019-11-17,33975.61643097643,21.098939929328623,168.48907103825135,61667
2019-11-18,33874.63449664429,21.031690140845072,168.827868852459,61791
2019-11-19,33881.681476510064,20.96140350877193,169.39344262295083,61998
2019-11-20,33951.82912751678,21.021052631578947,169.52459016393442,62046
2019-11-21,33947.87275167785,21.014035087719297,169.3551912568306,61984
2019-11-22,33946.281308724836,21.024561403508773,169.34972677595627,61982
2019-11-23,33834.1064548495,20.95104895104895,169.37158469945356,61990
2019-11-24,33721.3261,20.95104895104895,169.36065573770492,61986
2019-11-25,33681.34162790698,20.993031358885016,170.0054644808743,62222
2019-11-26,33728.677176079735,21.013937282229964,170.52732240437157,62413
2019-11-27,33747.89312292359,21.013937282229964,170.4153005464481,62372
2019-11-28,33613.612766666665,20.783216783216783,169.70765027322403,62113
2019-11-29,33601.722766666666,20.776223776223777,168.9945355191257,61852
2019-11-30,33430.67276666667,20.566433566433567,168.53551912568307,61684
2019-12-01,33518.58137123746,20.63157894736842,167.86612021857923,61439
2019-12-02,33432.3761,20.566433566433567,168.44808743169398,61652
2019-12-03,33454.20276666667,20.576923076923077,169.07103825136613,61880
2019-12-04,33457.7261,20.576923076923077,169.31967213114754,61971
2019-12-05,33424.34943333334,20.562937062937063,169.09562841530055,61889
2019-12-06,33366.419433333336,20.53846153846154,168.95901639344262,61839
2019-12-07,32962.80276666667,20.283216783216783,168.89890710382514,61817
2019-12-08,33043.27702341137,20.326315789473686,168.24590163934425,61578
2019-12-09,33876.066100000004,21.076923076923077,168.78961748633878,61777
2019-12-10,33922.75943333333,21.020905923344948,169.27868852459017,61956
2019-12-11,33875.4211,20.993031358885016,169.26775956284152,61952
2019-12-12,34220.8711,20.968641114982578,169.10928961748633,61894
2019-12-13,34292.4711,20.979094076655052,169.1639344262295,61914
2019-12-14,34269.794433333336,20.972125435540068,168.56284153005464,61694
2019-12-15,34241.10776666667,21.03146853146853,167.89617486338798,61450
2019-12-16,34136.49943521595,20.965156794425088,168.3169398907104,61604
2019-12-17,34046.45804635761,20.895833333333332,169.0191256830601,61861
2019-12-18,34029.044139072845,20.84722222222222,169.14754098360655,61908
2019-12-19,33897.03420529801,20.697916666666668,168.9153005464481,61823
2019-12-20,32504.911688741722,19.68402777777778,168.86885245901638,61806
2019-12-21,32597.735315614616,19.735191637630663,168.28688524590163,61593
2019-12-22,32492.5111,19.493006993006993,167.77322404371586,61405
2019-12-23,32392.054252491696,19.428571428571427,168.29781420765028,61597
2019-12-24,32284.795794701986,19.36111111111111,168.45355191256832,61654
2019-12-25,32392.054252491696,19.428571428571427,168.33333333333334,61610
2019-12-26,32284.795794701986,19.36111111111111,168.5792349726776,61700
2019-12-27,32506.991158940396,19.583333333333332,168.6775956284153,61736
2019-12-28,32578.011063122925,19.630662020905923,168.12568306010928,61534
2019-12-29,32622.817766666667,19.62937062937063,167.52459016393442,61314
2019-12-30,32525.765215946845,19.574912891986063,167.98360655737704,61482
2019-12-31,32523.95458471761,19.574912891986063,168.22677595628414,61571
2020-01-01,32632.367766666666,19.643356643356643,168.03825136612022,61502
2020-01-02,32523.95458471761,19.574912891986063,168.4207650273224,61642
2020-01-03,32655.20707641196,19.717770034843205,168.4808743169399,61664
2020-01-04,32601.712059800666,19.70731707317073,168.01639344262296,61494
2020-01-05,32557.5711,19.541958041958043,167.4016393442623,61269
2020-01-06,32581.947766666668,19.55944055944056,167.99180327868854,61485
2020-01-07,32499.33996677741,19.505226480836235,168.51639344262296,61677
2020-01-08,32425.187142857143,19.470383275261323,168.45081967213116,61653
2020-01-09,31954.25026578073,19.428571428571427,168.27322404371586,61588
2020-01-10,31744.788471760796,19.198606271777003,168.28415300546447,61592
2020-01-11,31665.90142857143,19.153310104529616,167.55191256830602,61324
2020-01-12,31636.5592358804,19.206293706293707,166.99180327868854,61119
2020-01-13,31554.348774834438,19.149825783972126,167.5737704918033,61332
2020-01-14,37189.21301324503,19.149825783972126,168.2513661202186,61580
2020-01-15,37172.06731788079,19.142857142857142,168.13387978142077,61537
2020-01-16,37143.66996688742,19.125435540069688,167.93715846994536,61465
2020-01-17,37140.415,19.11149825783972,168.1120218579235,61529
2020-01-18,37233.027674418605,19.17132867132867,167.88524590163934,61446
2020-01-19,37303.3211,19.203508771929826,167.05191256830602,61141
2020-01-20,37428.08137123746,19.203508771929826,167.03825136612022,61136
2020-01-21,37475.85394648829,19.210526315789473,167.79234972677597,61412
2020-01-22,37362.73443333333,19.15034965034965,168.23497267759564,61574
2020-01-23,37234.1161,19.15034965034965,168.11475409836066,61530
2020-01-24,38731.76276666667,19.146853146853147,168.22677595628414,61571
2020-01-25,38849.521170568565,19.2,168.03825136612022,61502
2020-01-26,38928.85177852349,19.211267605633804,167.43715846994536,61282
2020-01-27,38967.730973154365,19.221830985915492,167.71311475409837,61383
2020-01-28,38866.965986622075,19.164912280701753,168.53825136612022,61685
2020-01-29,38378.11648829431,18.49122807017544,168.5737704918033,61698
2020-01-30,38372.00612040134,18.480701754385965,168.3415300546448,61613
2020-01-31,38394.792073578596,18.48421052631579,168.41803278688525,61641
2020-02-01,38278.47100334448,18.480701754385965,168.06830601092895,61513
2020-02-02,38261.22685618729,18.473684210526315,167.5846994535519,61336
2020-02-03,38267.70177257525,18.480701754385965,167.9945355191257,61486
2020-02-04,38217.6761,18.43006993006993,168.71584699453553,61750
2020-02-05,37997.17943333333,18.447552447552447,168.82513661202185,61790
2020-02-06,38063.792073578596,18.49122807017544,168.29781420765028,61597
2020-02-07,38010.029531772576,18.480701754385965,167.83879781420765,61429
2020-02-08,38101.28802013423,18.517605633802816,167.54371584699453,61321
2020-02-09,38209.54824915825,18.575971731448764,166.97814207650273,61114
2020-02-10,38104.848422818795,18.52112676056338,168.02185792349727,61496
2020-02-11,37986.14993311037,18.46315789473684,168.81967213114754,61788
2020-02-12,38040.062976588626,18.50526315789474,168.97267759562843,61844
2020-02-13,37801.61147157191,18.16140350877193,168.7377049180328,61758
2020-02-14,37417.4810367893,17.873684210526317,168.78142076502732,61774
2020-02-15,36159.30377926421,16.842105263157894,168.6830601092896,61738
2020-02-16,36048.33053511706,16.835087719298247,168.07103825136613,61514
2020-02-17,36048.33053511706,16.835087719298247,168.15300546448088,61544
2020-02-18,36047.682766666665,16.821678321678323,169.10382513661202,61892
2020-02-19,36060.7161,16.770034843205575,169.51639344262296,62043
2020-02-20,35886.95276666667,16.54355400696864,169.15300546448088,61910
2020-02-21,35909.59276666667,16.574912891986063,168.9808743169399,61847
2020-02-22,35909.816100000004,16.571428571428573,168.52185792349727,61679
2020-02-23,35837.4461,16.54355400696864,167.84699453551912,61432
2020-02-24,35915.78943333333,16.588850174216027,168.28688524590163,61593
2020-02-25,35951.7661,16.54513888888889,169.12021857923497,61898
2020-02-26,35937.042766666666,16.54513888888889,169.27322404371586,61954
2020-02-27,35866.612766666665,16.506944444444443,168.99726775956285,61853
2020-02-28,35902.339433333334,16.510416666666668,169.1775956284153,61919
2020-02-29,35886.2361,16.506944444444443,168.39071038251367,61631
2020-03-01,35756.402766666666,16.416666666666668,167.6775956284153,61370
2020-03-02,35692.45790697674,16.387543252595155,168.01092896174865,61492
2020-03-03,35618.065662251654,16.358620689655172,168.68579234972677,61739
2020-03-04,35659.56897350994,16.417241379310344,168.97540983606558,61845
2020-03-05,35238.287516556295,16.427586206896553,168.83333333333334,61793
2020-03-06,37397.78420529801,16.424137931034483,168.70765027322403,61747
2020-03-07,37282.80241721855,16.306896551724137,168.21584699453553,61567
2020-03-08,37312.994451827246,16.34948096885813,167.68579234972677,61373
2020-03-09,37350.8715282392,16.366782006920417,168.27868852459017,61590
2020-03-10,37246.375264900664,16.320689655172412,168.82513661202185,61790
2020-03-11,37229.265993377485,16.306896551724137,168.86612021857923,61805
2020-03-12,37229.944801324506,16.3,168.60382513661202,61709
2020-03-13,37161.94149006622,16.20344827586207,168.4808743169399,61664
2020-03-14,37150.53089403974,16.252595155709344,168.06830601092895,61513
2020-03-15,36869.358708609274,15.986159169550174,167.57103825136613,61331
2020-03-16,36805.59844884488,15.986206896551725,167.672131147541,61368
2020-03-17,36685.16884868421,15.93127147766323,167.99726775956285,61487
2020-03-18,36667.05700657895,15.945017182130584,167.74590163934425,61395
2020-03-19,36628.78398026316,15.938144329896907,167.40437158469945,61270
2020-03-20,36598.941875,15.927835051546392,166.95901639344262,61107
2020-03-21,36705.1397029703,15.979310344827587,166.50273224043715,60940
2020-03-22,36561.34546357616,15.795847750865052,165.89617486338798,60718
2020-03-23,36479.42353135314,15.796551724137931,166.15573770491804,60813
2020-03-24,36511.065445544555,15.810344827586206,166.46174863387978,60925
2020-03-25,36478.2799669967,15.806896551724138,166.1693989071038,60818
2020-03-26,36821.684257425746,15.789655172413793,165.79508196721312,60681
2020-03-27,36838.88491749175,15.775862068965518,165.47267759562843,60563
2020-03-28,36765.22155115511,15.696551724137931,164.86338797814207,60340
2020-03-29,36817.40109271523,15.716262975778546,164.15573770491804,60081
2020-03-30,36824.76280528052,15.862068965517242,164.51639344262296,60213
2020-03-31,36832.13904290429,15.86896551724138,164.82513661202185,60326
2020-04-01,36956.34366336633,15.817241379310344,164.42349726775956,60179
2020-04-02,36915.61429042904,15.793103448275861,164.06830601092895,60049
2020-04-03,36190.76280528052,15.672413793103448,163.7486338797814,59932
2020-04-04,36165.54168316831,15.66551724137931,163.2568306010929,59752
2020-04-05,36094.75785478547,15.582758620689654,162.73224043715848,59560
2020-04-06,36686.08128712871,15.582758620689654,162.9398907103825,59636
2020-04-07,36594.64680921052,15.529209621993127,163.35792349726776,59789
2020-04-08,36560.83430921052,15.515463917525773,163.02732240437157,59668
2020-04-09,36545.99549342105,15.518900343642612,162.60655737704917,59514
2020-04-10,36483.43299342105,15.450171821305842,162.15027322404373,59347
2020-04-11,36511.01858085808,15.420689655172414,161.54644808743168,59126
2020-04-12,36570.42261589404,15.44636678200692,161.01639344262296,58932
2020-04-13,36463.563135313525,15.39655172413793,161.4153005464481,59078
2020-04-14,36389.64351973684,15.371134020618557,161.7486338797814,59200
2020-04-15,36925.88365131579,15.951890034364261,161.64207650273224,59161
2020-04-16,36932.22904605263,15.958762886597938,161.28415300546447,59030
2020-04-17,36879.10404605263,15.907216494845361,160.9945355191257,58924
2020-04-18,36818.79154605263,15.855670103092784,160.4153005464481,58712
2020-04-19,36885.1604950495,15.89655172413793,159.8360655737705,58500
2020-04-20,36907.41462046204,15.903448275862068,160.10655737704917,58599
2020-04-21,36815.077730263154,15.8659793814433,160.45628415300547,58727
2020-04-22,36745.094177631574,15.77319587628866,160.14207650273224,58612
2020-04-23,36717.577730263154,15.766323024054984,159.97540983606558,58551
2020-04-24,36648.42444078947,15.687285223367697,159.5327868852459,58389
2020-04-25,36640.513256578946,15.683848797250858,158.9672131147541,58182
2020-04-26,36548.13496710526,15.604810996563574,158.4945355191257,58009
2020-04-27,36443.501737704915,15.561643835616438,158.86065573770492,58143
2020-04-28,36360.016437908496,15.559726962457338,159.2486338797814,58285
2020-04-29,36270.153692810454,15.505119453924914,159.14207650273224,58246
2020-04-30,36265.70924836601,15.474402730375427,158.9863387978142,58189
2020-05-01,36237.97068627451,15.47098976109215,158.63114754098362,58059
2020-05-02,36231.477222222224,15.47098976109215,158.02732240437157,57838
2020-05-03,36315.03780327868,15.493150684931507,157.45355191256832,57628
2020-05-04,36230.28931372549,15.443686006825939,157.8087431693989,57758
2020-05-05,36462.89388888889,15.450511945392492,158.30054644808743,57938
2020-05-06,36446.47232026143,15.450511945392492,157.97540983606558,57819
2020-05-07,35879.83833333333,14.627986348122867,157.6775956284153,57710
2020-05-08,35739.47232026143,14.542662116040956,157.28415300546447,57566
2020-05-09,35802.40501639344,14.558219178082192,156.63114754098362,57327
2020-05-10,35849.185953947366,14.580756013745704,155.99180327868854,57093
2020-05-11,35754.63452459016,14.537671232876713,156.40983606557376,57246
2020-05-12,35775.359114754094,14.551369863013699,156.8224043715847,57397
2020-05-13,35653.66075409836,14.469178082191782,156.5136612021858,57284
2020-05-14,35639.89026229508,14.469178082191782,156.3360655737705,57219
2020-05-15,35641.98534426229,14.462328767123287,156.0928961748634,57130
2020-05-16,34992.39845901639,14.40893470790378,155.4672131147541,56901
2020-05-17,34042.639901315786,14.434482758620689,154.96994535519124,56719
2020-05-18,33945.72632786885,14.395189003436426,155.39617486338798,56875
2020-05-19,33947.9066557377,14.395189003436426,155.84426229508196,57039
2020-05-20,33971.66403278688,14.40893470790378,155.6912568306011,56983
2020-05-21,33930.06731147541,14.395189003436426,155.47814207650273,56905
2020-05-22,33740.086983606554,14.147766323024054,155.21038251366122,56807
2020-05-23,33717.76161184211,14.037931034482758,154.67486338797815,56611
2020-05-24,33796.06445544554,14.069204152249135,154.03005464480876,56375
2020-05-25,33906.70374172185,14.118055555555555,154.01639344262296,56370
2020-05-26,33909.442152317875,14.069204152249135,154.4344262295082,56523
2020-05-27,33937.26003311258,14.024137931034483,154.8224043715847,56665
2020-05-28,33865.40572847682,14.041379310344828,154.45628415300547,56531
2020-05-29,33987.822947019864,14.272413793103448,154.1830601092896,56431
2020-05-30,33747.51671096345,13.820069204152249,153.4808743169399,56174
2020-05-31,33786.451766666665,13.815972222222221,152.86885245901638,55950
2020-06-01,33711.822358803984,13.778546712802768,153.66120218579235,56240
2020-06-02,33611.53817880795,13.73793103448276,154.50819672131146,56550
2020-06-03,33391.37923841059,13.779310344827586,154.43715846994536,56524
2020-06-04,33256.97195364238,13.579310344827586,154.34972677595627,56492
2020-06-05,33218.09778145695,13.555172413793104,154.10382513661202,56402
2020-06-06,33248.240963455144,13.581314878892734,153.51639344262296,56187
2020-06-07,33253.25176666666,13.5625,152.95901639344262,55983
2020-06-08,33166.71936877076,13.53287197231834,153.42896174863387,56155
2020-06-09,33065.99844370861,13.489655172413793,154.05464480874318,56384
2020-06-10,32643.879238410595,13.462068965517242,153.9071038251366,56330
2020-06-11,32741.95539735099,13.424137931034483,153.59562841530055,56216
2020-06-12,32739.558046357615,13.455172413793104,153.28961748633878,56104
2020-06-13,32725.236854304632,13.498269896193772,152.75409836065575,55908
2020-06-14,32795.5349833887,13.534722222222221,152.0655737704918,55656
2020-06-15,32859.02667774086,13.64236111111111,152.4863387978142,55810
2020-06-16,32860.12302325581,13.64236111111111,152.91803278688525,55968
2020-06-17,32880.62468438538,13.746527777777779,152.74043715846994,55903
2020-06-18,32775.28249169435,13.739583333333334,152.50273224043715,55816
2020-06-19,32875.73676666666,13.78397212543554,151.94535519125682,55612
2020-06-20,32978.12050167224,13.832167832167832,151.05464480874318,55286
2020-06-21,33055.50681208054,13.863157894736842,150.5928961748634,55117
2020-06-22,33062.775268456375,13.814685314685315,151.06284153005464,55289
2020-06-23,33109.42291946308,13.766550522648084,151.5327868852459,55461
2020-06-24,33051.97996644295,13.623693379790941,151.28961748633878,55372
2020-06-25,33083.86587248322,13.641114982578397,151.08743169398906,55298
2020-06-26,33071.711510067114,13.634146341463415,150.71311475409837,55161
2020-06-27,33007.7316442953,13.547038327526133,149.8879781420765,54859
2020-06-28,32990.0705704698,13.54006968641115,149.18032786885246,54600
2020-06-29,32889.21414715719,13.506944444444445,149.5846994535519,54748
2020-06-30,32791.42343333333,13.46712802768166,150.1448087431694,54953
2020-07-01,32767.5101,13.456747404844291,149.87158469945356,54853
2020-07-02,32772.5901,13.470588235294118,149.66666666666666,54778
2020-07-03,32236.686766666666,13.460207612456747,149.13661202185793,54584
2020-07-04,32236.686766666666,13.460207612456747,149.13114754098362,54582
2020-07-05,32344.501772575248,13.506944444444445,148.82513661202185,54470
2020-07-06,32260.273433333332,13.474048442906575,149.28142076502732,54637
2020-07-07,32324.15343333333,13.498269896193772,149.80054644808743,54827
2020-07-08,32281.313433333333,13.480968858131488,149.4863387978142,54712
2020-07-09,32221.063433333333,13.480968858131488,149.23224043715848,54619
2020-07-10,31843.8301,13.46712802768166,148.89071038251367,54494
2020-07-11,31738.24343333333,13.40484429065744,148.20491803278688,54243
2020-07-12,31589.980033444815,13.15625,147.5983606557377,54021
2020-07-13,31598.5601,13.117647058823529,147.90437158469945,54133
2020-07-14,31620.710099999997,13.082758620689654,148.32513661202185,54287
2020-07-15,31607.023433333332,13.079310344827586,148.28142076502732,54271
2020-07-16,31492.51343333333,12.982758620689655,147.94262295081967,54147
2020-07-17,31499.7601,13.041379310344828,147.6830601092896,54052
2020-07-18,31530.311137123743,13.058823529411764,147.10655737704917,53841
2020-07-19,31553.352449664428,13.072916666666666,146.54644808743168,53636
2020-07-20,31457.69575250836,13.03114186851211,147.0191256830601,53809
2020-07-21,31511.250936454846,13.103806228373703,147.775956284153,54086
2020-07-22,31446.949933110365,13.086505190311419,147.6584699453552,54043
2020-07-23,31516.21414715719,13.089965397923875,147.45901639344262,53970
2020-07-24,31060.62217391304,12.92733564013841,147.49726775956285,53984
2020-07-25,31138.58063758389,12.961805555555555,146.85245901639345,53748
2020-07-26,31027.68466442953,12.86411149825784,146.31147540983608,53550
2020-07-27,30945.12719063545,12.82638888888889,146.76775956284152,53717
2020-07-28,30992.88638795987,12.89236111111111,147.3306010928962,53923
2020-07-29,30929.364648829436,12.864583333333334,147.20765027322403,53878
2020-07-30,31051.842909699,13.034722222222221,146.78688524590163,53724
2020-07-31,30655.434882943147,12.527777777777779,146.54371584699453,53635
2020-08-01,30689.04036912752,12.536585365853659,145.95081967213116,53418
2020-08-02,30772.01693602694,12.576923076923077,145.25409836065575,53163
2020-08-03,30692.38936241611,12.533101045296167,145.6120218579235,53294
2020-08-04,30606.341237458197,12.496527777777779,146.17486338797815,53500
2020-08-05,30560.74257525084,12.475694444444445,145.93715846994536,53413
2020-08-06,29649.52518394649,11.850694444444445,145.60109289617486,53290
2020-08-07,29658.675685618735,11.86111111111111,145.36612021857923,53204
2020-08-08,29687.99338926175,11.898954703832752,144.90983606557376,53037
2020-08-09,29727.14747474748,11.916083916083917,144.3415300546448,52829
2020-08-10,29982.022895622897,11.982517482517483,144.79234972677597,52994
2020-08-11,30119.383164983166,12.013986013986013,145.40437158469945,53218
2020-08-12,30149.894949494952,12.017482517482517,145.40983606557376,53220
2020-08-13,29745.834343434344,11.325174825174825,145.4262295081967,53226
2020-08-14,29696.090235690237,11.283216783216783,145.0601092896175,53092
2020-08-15,29311.55337837838,10.824561403508772,144.52459016393442,52896
2020-08-16,29369.70779661017,10.852112676056338,143.97814207650273,52696
2020-08-17,29273.604054054056,10.814035087719299,144.43715846994536,52864
2020-08-18,29243.43367003367,10.797202797202797,144.9808743169399,53063
2020-08-19,29231.723232323235,10.839160839160838,144.85792349726776,53018
2020-08-20,29203.096969696973,10.828671328671328,144.87704918032787,53025
2020-08-21,29184.65925925926,10.821678321678322,144.61748633879782,52930
2020-08-22,28599.01952861953,10.807692307692308,144.05464480874318,52724
2020-08-23,28571.501010101012,10.804195804195805,143.49726775956285,52520
2020-08-24,28542.549664429534,10.801393728222996,144.01092896174865,52708
2020-08-25,28552.80134228188,10.80836236933798,144.47814207650273,52879
2020-08-26,28493.546308724835,10.843205574912892,144.39344262295083,52848
2020-08-27,28476.94899328859,10.832752613240418,144.4398907103825,52865
2020-08-28,28169.51946308725,10.564459930313589,144.2431693989071,52793
2020-08-29,28260.026262626267,10.601398601398602,143.78961748633878,52627
2020-08-30,27815.659259259257,10.520979020979022,143.29234972677597,52445
2020-08-31,27826.257718120803,10.515679442508711,143.78688524590163,52626
2020-09-01,27828.60635451505,10.48611111111111,144.42896174863387,52861
2020-09-02,27747.861,10.449826989619377,144.9153005464481,53039
2020-09-03,27693.271,10.422145328719724,144.8306010928962,53008
2020-09-04,27688.374333333333,10.418685121107266,144.47267759562843,52877
2020-09-05,27585.54433333333,10.36111111111111,143.89890710382514,52667
2020-09-06,27626.054515050168,10.372822299651569,143.15300546448088,52394
2020-09-07,27626.054515050168,10.372822299651569,143.1830601092896,52405
2020-09-08,27677.753511705683,10.35763888888889,143.7295081967213,52605
2020-09-09,27658.066220735785,10.36111111111111,143.53551912568307,52534
2020-09-10,29413.902341137127,11.118055555555555,143.5,52521
2020-09-11,28848.019397993314,11.0625,143.22677595628414,52421
2020-09-12,28887.891946308726,11.094076655052264,142.71857923497268,52235
2020-09-13,28800.406734006738,11.0,142.16120218579235,52031
2020-09-14,28820.945454545457,11.0,142.5054644808743,52157
2020-09-15,28845.059932659937,11.01048951048951,142.8551912568306,52285
2020-09-16,27358.026262626263,10.98951048951049,142.64207650273224,52207
2020-09-17,27370.66936026936,10.975524475524475,142.49726775956285,52154
2020-09-18,27399.517845117844,10.94055944055944,142.26502732240436,52069
2020-09-19,27480.979054054053,10.975438596491228,141.7377049180328,51876
2020-09-20,27446.36418918919,10.98943661971831,141.1448087431694,51659
2020-09-21,27360.453872053873,10.95438596491228,141.3360655737705,51729
2020-09-22,27416.29898989899,10.982456140350877,141.80327868852459,51900
2020-09-23,27426.433670033668,10.985964912280702,141.69672131147541,51861
2020-09-24,27444.608754208755,11.0,141.60928961748633,51829
2020-09-25,27397.32255892256,10.96140350877193,140.83333333333334,51545
2020-09-26,27251.224915824914,10.8,140.16120218579235,51299
2020-09-27,27212.127272727274,10.816901408450704,139.58196721311475,51087
2020-09-28,27191.908724832214,10.807017543859649,140.0601092896175,51262
2020-09-29,27120.741806020065,10.776223776223777,140.55464480874318,51443
2020-09-30,27251.691638795986,10.793706293706293,140.51092896174865,51427
2020-10-01,27269.072909698996,10.793706293706293,140.42349726775956,51395
2020-10-02,27311.41404682274,10.8006993006993,140.30054644808743,51350
2020-10-03,26599.253511705683,10.178321678321678,140.02732240437157,51250
2020-10-04,26502.447491638795,10.140350877192983,139.4945355191257,51055
2020-10-05,26558.64816053512,10.157894736842104,139.78142076502732,51160
2020-10-06,26637.591304347825,10.146853146853147,140.43169398907105,51398
2020-10-07,25480.43076923077,9.062937062937063,140.327868852459,51360
2020-10-08,25494.002675585285,9.062937062937063,140.14754098360655,51294
2020-10-09,25506.10635451505,9.076923076923077,139.92896174863387,51214
2020-10-10,25577.64697986577,9.098245614035088,139.46448087431693,51044
2020-10-11,25636.053198653197,9.123239436619718,138.9016393442623,50838
2020-10-12,25606.858389261743,9.126315789473685,139.4071038251366,51023
2020-10-13,25528.484280936453,9.094405594405595,139.9945355191257,51238
2020-10-14,25649.0127090301,9.108391608391608,140.22677595628414,51323
2020-10-15,25617.808695652173,9.087412587412587,139.95901639344262,51225
2020-10-16,25688.066220735785,9.087412587412587,139.8879781420765,51199
2020-10-17,25767.975838926173,9.112280701754386,139.78142076502732,51160
2020-10-18,25697.706397306396,9.091549295774648,139.19672131147541,50946
2020-10-19,25756.089932885905,9.119298245614035,139.70218579234972,51131
2020-10-20,25814.855033557047,9.12982456140351,140.27868852459017,51342
2020-10-21,25503.561409395974,8.417543859649124,140.20218579234972,51314
2020-10-22,25443.31308724832,8.319298245614036,139.99726775956285,51239
2020-10-23,25436.33489932886,8.322807017543859,139.7704918032787,51156
2020-10-24,24891.810774410773,7.690140845070423,139.24043715846994,50962
2020-10-25,24843.514478114477,7.609154929577465,138.71857923497268,50771
2020-10-26,24778.774496644295,7.5964912280701755,139.3360655737705,50997
2020-10-27,24792.56644295302,7.603508771929825,139.90437158469945,51205
2020-10-28,24886.808053691275,7.67719298245614,140.05737704918033,51261
2020-10-29,25269.141946308726,8.150877192982456,139.9672131147541,51228
2020-10-30,25235.00100671141,8.101754385964913,139.80601092896174,51169
2020-10-31,25282.570033670032,8.126760563380282,139.34426229508196,51000
2020-11-01,25315.744256756756,8.102473498233216,138.86612021857923,50825
2020-11-02,25260.2569023569,8.088028169014084,139.05737704918033,50895
2020-11-03,25391.25016835017,8.263157894736842,139.63114754098362,51105
2020-11-04,25410.16936026936,8.273684210526316,139.6639344262295,51117
2020-11-05,25463.51616161616,8.385964912280702,139.57650273224044,51085
2020-11-06,26434.71818181818,8.382456140350877,139.36612021857923,51008
2020-11-07,26404.142424242422,8.368421052631579,138.78415300546447,50795
2020-11-08,26377.53141891892,8.334507042253522,138.24043715846994,50596
2020-11-09,26457.1125,8.449122807017543,138.775956284153,50792
2020-11-10,26393.721548821548,8.426573426573427,139.29508196721312,50982
2020-11-11,26305.15201342282,8.397212543554007,139.4344262295082,51033
2020-11-12,26322.880201342283,8.404181184668989,139.45628415300547,51041
2020-11-13,26304.61845637584,8.386759581881533,139.20491803278688,50949
2020-11-14,26282.205704697986,8.372822299651569,138.89617486338798,50836
2020-11-15,26145.73255033557,8.254355400696864,138.2486338797814,50599
2020-11-16,26191.61845637584,8.29965156794425,138.5928961748634,50725
2020-11-17,26155.141471571907,8.288194444444445,139.31420765027323,50989
2020-11-18,26162.60635451505,8.288194444444445,139.1775956284153,50939
2020-11-19,26173.529431438128,8.29513888888889,139.28961748633878,50980
2020-11-20,26132.215050167222,8.23611111111111,139.01639344262296,50880
2020-11-21,26104.770234113712,8.250871080139373,138.69945355191257,50764
2020-11-22,26065.203344481604,8.255244755244755,138.1912568306011,50578
2020-11-23,26135.912374581938,8.29020979020979,138.64754098360655,50745
2020-11-24,26159.236789297658,8.275261324041812,139.22131147540983,50955
2020-11-25,26114.327090301,8.170731707317072,139.0327868852459,50886
2020-11-26,26067.317056856187,8.149825783972126,138.47814207650273,50683
2020-11-27,26035.571237458193,8.167832167832168,138.04644808743168,50525
2020-11-28,25948.786,8.167832167832168,138.05464480874318,50528
2020-11-29,25948.365999999998,8.167832167832168,138.04644808743168,50525
2020-11-30,25976.814333333332,8.174825174825175,138.67486338797815,50755
2020-12-01,25913.741860465114,8.167247386759582,139.1639344262295,50934
2020-12-02,25925.303322259137,8.181184668989546,139.08743169398906,50906
2020-12-03,25917.004318936877,8.174216027874564,138.9945355191257,50872
2020-12-04,25919.020930232557,8.181184668989546,138.69398907103826,50762
2020-12-05,25909.63222591362,8.177700348432056,138.3224043715847,50626
2020-12-06,25980.217666666667,8.195804195804195,137.74043715846994,50413
2020-12-07,26034.591,8.22027972027972,137.71584699453553,50404
2020-12-08,25951.00099667774,8.19163763066202,138.22131147540983,50589
2020-12-09,25623.515946843854,8.034843205574912,138.20218579234972,50582
2020-12-10,25622.270099667774,8.031358885017422,138.26502732240436,50605
2020-12-11,25599.208637873755,8.020905923344948,138.0601092896175,50530
2020-12-12,25121.780066445182,8.020905923344948,137.63387978142077,50374
2020-12-13,24948.342666666667,8.020979020979022,137.01092896174865,50146
2020-12-14,25003.076,8.076923076923077,137.4398907103825,50303
2020-12-15,25025.912666666667,8.059233449477352,138.0054644808743,50510
2020-12-16,25218.396,8.306620209059233,137.97814207650273,50500
2020-12-17,25201.345999999998,8.306620209059233,137.77322404371586,50425
2020-12-18,25201.082666666665,8.313588850174217,137.50819672131146,50328
2020-12-19,25283.490969899663,8.342657342657343,137.28415300546447,50246
2020-12-20,25199.96241610738,8.154385964912281,136.71038251366122,50036
2020-12-21,25193.353846153845,8.1993006993007,137.10928961748633,50182
2020-12-22,25114.632666666665,8.174216027874564,137.61475409836066,50367
2020-12-23,25116.59933333333,8.174216027874564,137.40437158469945,50290
2020-12-24,25119.362666666668,8.174216027874564,137.50819672131146,50328
2020-12-25,25119.362666666668,8.174216027874564,137.50273224043715,50326
2020-12-26,25203.373913043477,8.202797202797203,137.26502732240436,50239
2020-12-27,24959.370568561873,7.992982456140351,136.74043715846994,50047
2020-12-28,24917.749333333333,8.034965034965035,137.16666666666666,50203
2020-12-29,24838.68704318937,8.006968641114982,137.55464480874318,50345
2020-12-30,24858.750166112957,8.020905923344948,137.5136612021858,50330
2020-12-31,24923.275083056476,8.069686411149826,137.54098360655738,50340
2021-01-01,24840.747682119203,8.069686411149826,137.55464480874318,50345
2021-01-02,24923.275083056476,8.097902097902098,137.1775956284153,50207
2021-01-03,24771.719333333334,7.933333333333334,136.36338797814207,49909
2021-01-04,24859.339333333333,8.007017543859648,136.81420765027323,50074
2021-01-05,24787.015946843854,7.989510489510489,137.275956284153,50243
2021-01-06,24779.776744186045,7.9825174825174825,137.15573770491804,50199
2021-01-07,24771.62392026578,7.979020979020979,137.06830601092895,50167
2021-01-08,24767.776744186045,7.972027972027972,137.04644808743168,50159
2021-01-09,24850.336,8.0,136.50819672131146,49962
2021-01-10,24867.260200668894,8.007042253521126,135.92349726775956,49748
2021-01-11,24879.45752508361,8.017605633802816,136.37978142076503,49915
2021-01-12,24893.00602006689,7.992982456140351,136.80327868852459,50070
2021-01-13,24889.056187290968,7.992982456140351,136.6830601092896,50026
2021-01-14,19252.892307692306,8.014035087719298,136.51639344262296,49965
2021-01-15,19265.835451505016,8.021052631578947,136.41256830601094,49927
2021-01-16,19265.835451505016,8.049295774647888,136.0928961748634,49810
2021-01-17,19232.153177257525,8.063604240282686,135.37431693989072,49547
2021-01-18,19232.153177257525,8.063604240282686,135.18032786885246,49476
2021-01-19,19239.376,8.123239436619718,135.75409836065575,49686
2021-01-20,19183.683720930232,8.101754385964913,135.95901639344262,49761
2021-01-21,19158.055813953488,8.098245614035088,135.61475409836066,49635
2021-01-22,19450.407973421927,8.480701754385965,135.45355191256832,49576
2021-01-23,19515.242666666665,8.51056338028169,135.0136612021858,49415
2021-01-24,17802.32933333333,8.482394366197184,134.3360655737705,49167
2021-01-25,17747.407973421927,8.452631578947368,134.39617486338798,49189
2021-01-26,17696.188079470197,8.423076923076923,134.85792349726776,49358
2021-01-27,17657.787417218544,8.412587412587413,134.827868852459,49347
2021-01-28,17646.64834437086,8.961538461538462,134.52185792349727,49235
2021-01-29,17654.717880794702,8.954545454545455,134.18852459016392,49113
2021-01-30,17655.61523178808,8.954545454545455,133.96174863387978,49030
2021-01-31,17628.913245033113,8.947552447552448,133.35792349726776,48809
2021-02-01,17629.443046357614,8.947552447552448,133.5136612021858,48866
2021-02-02,17630.572185430465,8.947552447552448,133.9344262295082,49020
2021-02-03,17624.0059602649,8.94055944055944,133.82513661202185,48980
2021-02-04,17594.711258278145,9.517482517482517,133.6584699453552,48919
2021-02-05,17568.303973509934,9.496503496503497,133.4016393442623,48825
2021-02-06,17510.322772277228,9.496503496503497,133.4945355191257,48859
2021-02-07,17568.303973509934,9.529824561403508,133.44808743169398,48842
2021-02-08,17510.322772277228,9.496503496503497,133.55191256830602,48880
2021-02-09,17494.594736842104,9.477351916376307,134.0191256830601,49051
2021-02-10,17510.92697368421,9.477351916376307,133.60382513661202,48899
2021-02-11,17536.60789473684,9.473867595818815,133.29234972677597,48785
2021-02-12,17462.6375,9.428571428571429,132.7295081967213,48579
2021-02-13,17459.831578947367,9.428571428571429,132.30054644808743,48422
2021-02-14,17462.06204620462,9.444055944055943,131.70765027322403,48205
2021-02-15,17519.883443708608,9.47719298245614,131.3169398907104,48062
2021-02-16,17527.701324503312,9.47719298245614,131.7295081967213,48213
2021-02-17,17594.49108910891,9.454545454545455,132.15300546448088,48368
2021-02-18,17497.03894389439,9.412587412587413,131.9016393442623,48276
2021-02-19,17486.69900990099,9.405594405594405,131.68852459016392,48198
2021-02-20,17485.31287128713,9.405594405594405,131.45901639344262,48114
2021-02-21,17425.068646864685,9.36013986013986,130.8360655737705,47886
2021-02-22,17476.976237623763,9.402097902097902,131.21311475409837,48024
2021-02-23,17525.441584158416,9.423076923076923,131.78961748633878,48235
2021-02-24,17518.933333333334,9.405594405594405,131.75956284153006,48224
2021-02-25,17976.025742574257,9.797202797202797,131.39344262295083,48090
2021-02-26,18009.62310231023,9.825174825174825,131.20218579234972,48020
2021-02-27,18009.62310231023,9.825174825174825,130.9808743169399,47939
2021-02-28,17963.540594059406,9.818181818181818,130.32513661202185,47699
2021-03-01,18013.563696369638,9.846153846153847,130.84426229508196,47889
2021-03-02,18177.837623762374,10.104895104895105,131.32513661202185,48065
2021-03-03,18143.260066006602,10.094405594405595,131.21311475409837,48024
2021-03-04,18120.06204620462,10.08041958041958,131.14754098360655,48000
2021-03-05,18057.84092409241,10.013986013986013,130.775956284153,47864
2021-03-06,18090.923178807945,10.031578947368422,130.3169398907104,47696
2021-03-07,15959.135548172757,10.059859154929578,129.71311475409837,47475
2021-03-08,16086.8,10.102112676056338,130.18032786885246,47646
2021-03-09,16102.383443708608,10.136842105263158,130.68579234972677,47831
2021-03-10,16099.70132450331,10.175438596491228,130.53825136612022,47777
2021-03-11,16116.429801324502,10.185964912280701,130.54098360655738,47778
2021-03-12,16690.53907284768,10.680701754385964,130.31967213114754,47697
2021-03-13,16737.324916943522,10.714788732394366,130.08743169398906,47612
2021-03-14,16752.406,10.731448763250883,129.61475409836066,47439
2021-03-15,16776.502666666667,10.70774647887324,129.93169398907105,47555
2021-03-16,16795.576,10.71830985915493,130.37978142076503,47719
2021-03-17,16756.726,10.661971830985916,130.33333333333334,47702
2021-03-18,16793.409333333333,10.693661971830986,130.54371584699453,47779
2021-03-19,16765.334333333332,10.644366197183098,130.57103825136613,47789
2021-03-20,16765.334333333332,10.644366197183098,130.6912568306011,47833
2021-03-21,16765.394333333334,10.644366197183098,130.52185792349727,47771
2021-03-22,16733.675415282392,10.621052631578948,131.03825136612022,47960
2021-03-23,17622.91821192053,10.601398601398602,131.7568306010929,48223
2021-03-24,17609.368543046356,10.55944055944056,132.11475409836066,48354
2021-03-25,17863.943046357614,10.55944055944056,132.31147540983608,48426
2021-03-26,17840.903311258277,10.548951048951048,132.4262295081967,48468
2021-03-27,17036.059136212625,10.585964912280701,132.0846994535519,48343
2021-03-28,16960.076411960134,10.540350877192983,131.78142076502732,48232
2021-03-29,16993.086378737542,10.550877192982457,132.2486338797814,48403
2021-03-30,16940.082781456953,10.517482517482517,132.72677595628414,48578
2021-03-31,16830.98344370861,10.325174825174825,132.90983606557376,48645
2021-04-01,17105.029801324505,10.496503496503497,133.10928961748633,48718
2021-04-02,20176.139072847684,10.979020979020978,133.18032786885246,48744
2021-04-03,20243.169435215947,11.017543859649123,132.98360655737704,48672
2021-04-04,20243.169435215947,11.017543859649123,132.68032786885246,48561
2021-04-05,21161.671096345515,11.52280701754386,132.9262295081967,48651
2021-04-06,21210.9634551495,11.526315789473685,133.6639344262295,48921
2021-04-07,20629.049833887042,11.536842105263158,133.96994535519124,49033
2021-04-08,20655.425249169435,11.592982456140351,134.1830601092896,49111
2021-04-09,20688.538205980065,11.614035087719298,134.2486338797814,49135
2021-04-10,20722.646666666667,11.633802816901408,133.96174863387978,49030
2021-04-11,20783.46822742475,11.671378091872791,133.70491803278688,48936
2021-04-12,20741.656666666666,11.633802816901408,134.33333333333334,49166
2021-04-13,20720.23588039867,11.610526315789473,135.13934426229508,49461
2021-04-14,20718.80066445183,11.610526315789473,135.3087431693989,49523
2021-04-15,20738.823920265782,11.592982456140351,135.47267759562843,49583
2021-04-16,20193.531561461794,11.0,135.55464480874318,49613
2021-04-17,20182.30564784053,11.028169014084508,135.24043715846994,49498
2021-04-18,20248.28,11.06713780918728,134.9808743169399,49403
2021-04-19,20937.463333333333,11.084805653710248,135.54371584699453,49609
2021-04-20,20889.295681063122,11.056338028169014,136.24590163934425,49866
2021-04-21,21281.225913621263,11.109154929577464,136.45355191256832,49942
2021-04-22,21432.451827242527,11.116197183098592,136.67486338797815,50023
2021-04-23,21476.478405315615,11.154929577464788,136.7513661202186,50051
2021-04-24,21534.56333333333,11.183745583038869,136.275956284153,49877
2021-04-25,21606.585284280936,11.22340425531915,136.02185792349727,49784
2021-04-26,21648.478260869564,11.23049645390071,136.5191256830601,49966
2021-04-27,21713.528428093647,11.308510638297872,137.07650273224044,50170
2021-04-28,21717.14381270903,11.301418439716311,137.20765027322403,50218
2021-04-29,21716.658862876255,11.26241134751773,137.31147540983608,50256
2021-04-30,21768.127090301005,11.28014184397163,137.29508196721312,50250
2021-05-01,21817.392617449663,11.306049822064058,136.87978142076503,50098
2021-05-02,21879.814814814814,11.346428571428572,136.57650273224044,49987
2021-05-03,21907.88888888889,11.364285714285714,137.1693989071038,50204
2021-05-04,21858.906040268455,11.327402135231317,137.77868852459017,50427
2021-05-05,21870.734899328858,11.338078291814947,137.98907103825135,50504
2021-05-06,21636.271812080537,11.334519572953736,138.1120218579235,50549
2021-05-07,21649.107382550337,11.352313167259787,138.09016393442624,50541
2021-05-08,21649.107382550337,11.352313167259787,137.7568306010929,50419
2021-05-09,21636.389261744967,11.345195729537366,137.52185792349727,50333
2021-05-10,21719.735785953177,11.460992907801419,138.06284153005464,50531
2021-05-11,21698.9,11.469964664310954,138.5737704918033,50718
2021-05-12,21734.966666666667,11.480565371024735,138.75956284153006,50786
2021-05-13,21748.95,11.508833922261484,138.8169398907104,50807
2021-05-14,22254.846666666668,11.918727915194346,139.11475409836066,50916
2021-05-15,22244.416666666668,11.911660777385158,138.71584699453553,50770
2021-05-16,22296.6889632107,11.943262411347519,138.3087431693989,50621
2021-05-17,22310.133779264215,11.908127208480565,138.9398907103825,50852
2021-05-18,22246.763333333332,11.866197183098592,139.50273224043715,51058
2021-05-19,22480.565,12.27112676056338,139.54644808743168,51074
2021-05-20,22805.108333333334,12.338028169014084,139.72131147540983,51138
2021-05-21,22781.778333333332,12.338028169014084,139.60382513661202,51095
2021-05-22,22836.172240802676,12.374558303886927,139.19672131147541,50946
2021-05-23,22902.36409395973,12.414893617021276,138.83333333333334,50813
2021-05-24,22901.901337792642,12.416961130742049,139.40983606557376,51024
2021-05-25,23996.268333333333,13.20774647887324,140.04644808743168,51257
2021-05-26,24084.54318936877,13.52280701754386,140.57650273224044,51451
2021-05-27,24081.795681063122,13.52280701754386,140.58196721311475,51453
2021-05-28,24214.729235880397,13.589473684210526,140.55191256830602,51442
2021-05-29,24157.23754152824,13.566901408450704,140.14207650273224,51292
2021-05-30,24017.556478405317,13.320422535211268,139.7486338797814,51148
2021-05-31,23938.028145695363,13.273684210526316,139.827868852459,51177
2021-06-01,23911.01815181518,13.244755244755245,140.78415300546447,51527
2021-06-02,24100.143564356436,13.493006993006993,140.55191256830602,51442
2021-06-03,24110.58910891089,13.493006993006993,140.33879781420765,51364
2021-06-04,24359.364686468645,13.8006993006993,140.09562841530055,51275
2021-06-05,24339.09405940594,13.783216783216783,139.63934426229508,51108
2021-06-06,24401.435430463574,13.821052631578947,139.28688524590163,50979
2021-06-07,24366.889438943894,13.77972027972028,139.86065573770492,51189
2021-06-08,24362.02467105263,13.825783972125436,140.45355191256832,51406
2021-06-09,24483.620065789473,13.909407665505226,140.63661202185793,51473
2021-06-10,24530.988486842107,13.940766550522648,140.56284153005464,51446
2021-06-11,24532.143092105263,13.937282229965156,140.6639344262295,51483
2021-06-12,24351.113486842107,13.937282229965156,140.1775956284153,51305
2021-06-13,24368.163366336634,13.951048951048952,139.8169398907104,51173
2021-06-14,24383.05115511551,13.905923344947736,140.35245901639345,51369
2021-06-15,24544.504934210527,13.868055555555555,140.9672131147541,51594
2021-06-16,24486.534539473683,13.760416666666666,141.0136612021858,51611
2021-06-17,24542.708881578947,13.774305555555555,141.1830601092896,51673
2021-06-18,24553.08415841584,13.689895470383275,140.94535519125682,51586
2021-06-19,24542.536303630364,13.734265734265735,140.52459016393442,51432
2021-06-20,24542.536303630364,13.734265734265735,140.30327868852459,51351
2021-06-21,24509.146381578947,13.70034843205575,140.83879781420765,51547
2021-06-22,24440.290163934427,13.65625,141.46994535519124,51778
2021-06-23,24471.509836065572,13.67013888888889,141.53825136612022,51803
2021-06-24,24442.316393442623,13.677083333333334,141.672131147541,51852
2021-06-25,24439.762295081968,13.684027777777779,141.59562841530055,51824
2021-06-26,24395.54262295082,13.707317073170731,141.13114754098362,51654
2021-06-27,24374.96229508197,13.696864111498257,140.78415300546447,51527
2021-06-28,24838.8868852459,14.337979094076655,141.33333333333334,51728
2021-06-29,24857.126229508198,14.344947735191637,141.9262295081967,51945
2021-06-30,24869.519672131148,14.331010452961673,142.00819672131146,51975
2021-07-01,24882.231147540984,14.337979094076655,141.9398907103825,51950
2021-07-02,24880.29344262295,14.337979094076655,141.90983606557376,51939
2021-07-03,24942.705592105263,14.374125874125873,141.53005464480876,51800
2021-07-04,25025.02475247525,14.424561403508772,141.47540983606558,51780
2021-07-05,25025.02475247525,14.424561403508772,141.5327868852459,51801
2021-07-06,25009.958881578947,14.391608391608392,142.07650273224044,52000
2021-07-07,25085.935855263157,14.55944055944056,142.10655737704917,52011
2021-07-08,25037.11677631579,14.541958041958042,142.13114754098362,52020
2021-07-09,25275.215460526317,14.898601398601398,142.16120218579235,52031
2021-07-10,25328.33498349835,14.926315789473684,141.6693989071038,51851
2021-07-11,25327.130363036304,14.926315789473684,141.37158469945356,51742
2021-07-12,25505.628712871287,15.035087719298245,141.89344262295083,51933
2021-07-13,25428.10032894737,14.98951048951049,142.43169398907105,52130
2021-07-14,25406.379934210527,15.08041958041958,142.58743169398906,52187
2021-07-15,25452.504934210527,15.153846153846153,142.79781420765028,52264
2021-07-16,25448.208881578947,15.153846153846153,142.64754098360655,52209
2021-07-17,25441.060855263157,15.15034965034965,142.13114754098362,52020
2021-07-18,25378.050986842107,15.05944055944056,141.7295081967213,51873
2021-07-19,25336.250819672132,15.02787456445993,142.28961748633878,52078
2021-07-20,25253.452614379086,14.975694444444445,142.8415300546448,52280
2021-07-21,25253.429738562092,14.972222222222221,142.9153005464481,52307
2021-07-22,25231.61274509804,14.902777777777779,142.72131147540983,52236
2021-07-23,25256.20751633987,14.913194444444445,142.5928961748634,52189
2021-07-24,25174.168300653593,14.909722222222221,142.11748633879782,52015
2021-07-25,24952.11928104575,14.815331010452962,141.4016393442623,51753
2021-07-26,24950.78013029316,14.815972222222221,141.9945355191257,51970
2021-07-27,24970.812703583062,14.77508650519031,142.65027322404373,52210
2021-07-28,25056.969055374593,14.785467128027681,142.71311475409837,52233
2021-07-29,25037.64006514658,14.73356401384083,142.78688524590163,52260
2021-07-30,27493.144951140064,16.705882352941178,142.62568306010928,52201
2021-07-31,27329.66938110749,16.505190311418684,142.20765027322403,52048
2021-08-01,27406.769607843136,16.538194444444443,141.827868852459,51909
2021-08-02,27345.421824104236,16.4878892733564,142.26775956284152,52070
2021-08-03,27260.784090909092,16.43103448275862,142.86885245901638,52290
2021-08-04,27278.6737012987,16.43448275862069,143.05464480874318,52358
2021-08-05,27284.219155844155,16.43448275862069,143.0737704918033,52365
2021-08-06,27282.946428571428,16.43103448275862,143.0983606557377,52374
2021-08-07,27279.64983713355,16.439446366782008,142.60382513661202,52193
2021-08-08,27339.410130718956,16.479166666666668,142.1639344262295,52032
2021-08-09,27256.998371335503,16.422145328719722,142.69945355191257,52228
2021-08-10,27248.11038961039,16.47241379310345,143.2486338797814,52429
2021-08-11,27022.012987012986,16.420689655172414,143.27322404371586,52438
2021-08-12,26917.217532467534,16.406896551724138,143.2431693989071,52427
2021-08-13,26929.613636363636,16.489655172413794,143.1584699453552,52396
2021-08-14,27008.43973941368,16.53979238754325,142.53551912568307,52168
2021-08-15,27073.875816993463,16.59375,142.21857923497268,52052
2021-08-16,27220.609120521174,16.844290657439448,142.70218579234972,52229
2021-08-17,27169.577922077922,16.810344827586206,143.39617486338798,52483
2021-08-18,27192.454545454544,16.820689655172412,143.5327868852459,52533
2021-08-19,27148.035714285714,16.810344827586206,143.68852459016392,52590
2021-08-20,27136.863636363636,16.751724137931035,143.73497267759564,52607
2021-08-21,27125.33116883117,16.748275862068965,143.14207650273224,52390
2021-08-22,27197.60260586319,16.80622837370242,142.78688524590163,52260
2021-08-23,27233.328990228012,16.823529411764707,143.36065573770492,52470
2021-08-24,27258.84364820847,16.84083044982699,143.84426229508196,52647
2021-08-25,27307.27687296417,16.955017301038062,143.95901639344262,52689
2021-08-26,27331.461726384365,16.961937716262977,144.01092896174865,52708
2021-08-27,27316.84609120521,16.92733564013841,143.86612021857923,52655
2021-08-28,27311.4161237785,16.92733564013841,143.25409836065575,52431
2021-08-29,27290.08713355049,16.92387543252595,142.90437158469945,52303
2021-08-30,27235.32711038961,16.889655172413793,143.46174863387978,52507
2021-08-31,27245.4862012987,16.896551724137932,144.10109289617486,52741
2021-09-01,27158.950487012986,16.868965517241378,144.2295081967213,52788
2021-09-02,27111.22483766234,16.896551724137932,144.10655737704917,52743
2021-09-03,27114.85470779221,16.9,144.01639344262296,52710
2021-09-04,27112.195616883117,16.958477508650518,143.5601092896175,52543
2021-09-05,27085.62094155844,16.951557093425606,143.18579234972677,52406
2021-09-06,27085.62094155844,16.951557093425606,143.21311475409837,52416
2021-09-07,27053.10436893204,16.910344827586208,143.8415300546448,52646
2021-09-08,27072.339516129032,16.855670103092784,144.39890710382514,52850
2021-09-09,27058.423387096773,16.852233676975946,144.4863387978142,52882
2021-09-10,27056.46370967742,16.848797250859107,144.39071038251367,52847
2021-09-11,25435.038025889968,16.148275862068967,143.86612021857923,52655
2021-09-12,25398.326051779935,16.19031141868512,143.51092896174865,52525
2021-09-13,25365.834677419356,16.19655172413793,143.94808743169398,52685
2021-09-14,25335.192122186494,16.15807560137457,144.54098360655738,52902
2021-09-15,25367.01848874598,16.20274914089347,144.76775956284152,52985
2021-09-16,25413.430064308683,16.240549828178693,144.9398907103825,53048
2021-09-17,25410.542604501607,16.243986254295532,145.18579234972677,53138
2021-09-18,25364.468649517687,16.24742268041237,144.8306010928962,53008
2021-09-19,25259.217845659165,16.20274914089347,144.43715846994536,52864
2021-09-20,25212.739583333332,16.164383561643834,144.9672131147541,53058
2021-09-21,25239.252403846152,16.12627986348123,145.4863387978142,53248
2021-09-22,25317.739583333332,16.204778156996586,145.6639344262295,53313
2021-09-23,25301.034455128207,16.187713310580204,145.6639344262295,53313
2021-09-24,25290.066506410258,16.18088737201365,145.59562841530055,53288
2021-09-25,25265.71394230769,16.16382252559727,145.08196721311475,53100
2021-09-26,25240.297275641027,16.21232876712329,144.67486338797815,52951
2021-09-27,25283.35176282051,16.232876712328768,145.14207650273224,53122
2021-09-28,25339.76201923077,16.20136518771331,145.7431693989071,53342
2021-09-29,25614.21394230769,16.92150170648464,145.81147540983608,53367
2021-09-30,25687.55048076923,16.92150170648464,145.89617486338798,53398
2021-10-01,25555.547275641027,16.90443686006826,145.9016393442623,53400
2021-10-02,25608.22106109325,16.95205479452055,145.4262295081967,53226
2021-10-03,25636.54758064516,16.99656357388316,144.9344262295082,53046
2021-10-04,25655.531451612904,17.00343642611684,145.11475409836066,53112
2021-10-05,25729.799193548388,16.958904109589042,145.69398907103826,53324
2021-10-06,25678.399193548386,16.945205479452056,145.76502732240436,53350
2021-10-07,25729.983064516127,17.143835616438356,145.78142076502732,53356
2021-10-08,25723.24112903226,17.14041095890411,145.68579234972677,53321
2021-10-09,25675.573387096774,17.116438356164384,145.16120218579235,53129
2021-10-10,25647.64435483871,17.095890410958905,144.75409836065575,52980
2021-10-11,25605.37540192926,17.0580204778157,145.27322404371586,53170
2021-10-12,25555.88701923077,17.023809523809526,145.8551912568306,53383
2021-10-13,25535.39983974359,17.0,145.98360655737704,53430
2021-10-14,25560.31971153846,17.020408163265305,146.03005464480876,53447
2021-10-15,25467.614583333332,17.03061224489796,145.78142076502732,53356
2021-10-16,25528.886655948554,17.081911262798634,145.33879781420765,53194
2021-10-17,25448.163183279743,17.081911262798634,144.82513661202185,53006
2021-10-18,25388.85176282051,17.034013605442176,144.8360655737705,53010
2021-10-19,26323.676517571887,17.735593220338984,145.47267759562843,53243
2021-10-20,26207.04712460064,17.691525423728812,145.53005464480876,53264
2021-10-21,27276.36980830671,17.684745762711863,145.49726775956285,53252
2021-10-22,27264.15734824281,17.667796610169493,145.5054644808743,53255
2021-10-23,27269.888977635783,17.664406779661018,145.10109289617486,53107
2021-10-24,27244.63498402556,17.710884353741495,144.65573770491804,52944
2021-10-25,27158.970541401275,17.654237288135594,145.21584699453553,53149
2021-10-26,27506.53423566879,18.38305084745763,145.84699453551912,53380
2021-10-27,28358.438694267516,19.216949152542373,145.82513661202185,53372
2021-10-28,28374.817675159236,19.227118644067797,145.81420765027323,53368
2021-10-29,28309.989649681527,19.223728813559323,145.78415300546447,53357
2021-10-30,27903.82404458599,18.812925170068027,145.21311475409837,53148
2021-10-31,27980.155750798724,18.87713310580205,144.75956284153006,52982
2021-11-01,28049.601114649682,18.86394557823129,145.38251366120218,53210
2021-11-02,28025.888095238097,18.847457627118644,146.03825136612022,53450
2021-11-03,28020.123015873014,18.84406779661017,146.23224043715848,53521
2021-11-04,27924.799206349206,18.654237288135594,146.30327868852459,53547
2021-11-05,27917.00873015873,18.64406779661017,146.21857923497268,53516
2021-11-06,27933.22213375796,18.58503401360544,145.72131147540983,53334
2021-11-07,27000.913216560508,18.58503401360544,145.3306010928962,53191
2021-11-08,27008.42595541401,18.58503401360544,145.94808743169398,53417
2021-11-09,26949.713492063493,18.528813559322035,146.51639344262296,53625
2021-11-10,26894.89126984127,18.396610169491524,146.45901639344262,53604
2021-11-11,26956.244426751593,18.452380952380953,146.18579234972677,53504
2021-11-12,26964.50238853503,18.462585034013607,146.37158469945356,53572
2021-11-13,27000.48801916933,18.501706484641637,145.70765027322403,53329
2021-11-14,27071.691506410258,18.55821917808219,145.20765027322403,53146
2021-11-15,27089.58253205128,18.561643835616437,145.62021857923497,53297
2021-11-16,27151.33573717949,18.589041095890412,146.20218579234972,53510
2021-11-17,27109.784455128207,18.544520547945204,146.28415300546447,53540
2021-11-18,27376.620993589742,19.068493150684933,146.09562841530055,53471
2021-11-19,27379.10176282051,19.065068493150687,146.05737704918033,53457
2021-11-20,27361.903044871793,19.120274914089347,145.37158469945356,53206
2021-11-21,27323.74919871795,19.182758620689654,144.93169398907105,53045
2021-11-22,27346.32612179487,19.13745704467354,145.19945355191257,53143
2021-11-23,27760.233173076922,19.78082191780822,145.78688524590163,53358
2021-11-24,27705.16266025641,19.75,145.87704918032787,53391
2021-11-25,27771.82234726688,19.804123711340207,145.27868852459017,53172
2021-11-26,27834.770161290322,19.862068965517242,144.87978142076503,53026
2021-11-27,27924.228964401296,19.930795847750865,144.9672131147541,53058
2021-11-28,28014.892045454544,19.930795847750865,144.93169398907105,53045
2021-11-29,29092.17775974026,20.306896551724137,145.65573770491804,53310
2021-11-30,29126.74594155844,20.320689655172412,146.36338797814207,53569
2021-12-01,29115.75405844156,20.317241379310346,146.26775956284152,53534
2021-12-02,29117.57224025974,20.30344827586207,146.4262295081967,53592
2021-12-03,29448.935876623378,20.755172413793105,147.14207650273224,53854
2021-12-04,29531.665309446253,20.823529411764707,146.58743169398906,53651
2021-12-05,29599.948529411766,20.87847222222222,146.06284153005464,53459
2021-12-06,29634.647875816994,20.881944444444443,146.4016393442623,53583
2021-12-07,29607.082247557002,20.844290657439448,146.9672131147541,53790
2021-12-08,29727.818403908794,20.847750865051903,147.10382513661202,53840
2021-12-09,29742.9161237785,20.858131487889274,147.18579234972677,53870
2021-12-10,29236.821661237784,20.252595155709344,147.25409836065575,53895
2021-12-11,29287.81454248366,20.30902777777778,146.71584699453553,53698
2021-12-12,29284.07924836601,20.30902777777778,146.28688524590163,53541
2021-12-13,29452.38316993464,20.520833333333332,146.672131147541,53682
2021-12-14,30178.101791530946,20.53979238754325,147.2568306010929,53896
2021-12-15,30140.74674267101,20.4878892733564,147.37704918032787,53940
2021-12-16,30153.9161237785,20.491349480968857,147.41256830601094,53953
2021-12-17,30030.935667752445,20.273356401384085,147.28688524590163,53907
2021-12-18,30123.09885620915,20.34027777777778,146.78142076502732,53722
2021-12-19,30095.216503267973,20.32986111111111,146.39890710382514,53582
2021-12-20,30138.75977198697,20.515570934256054,146.50819672131146,53622
2021-12-21,30049.909902597403,20.444827586206898,147.00819672131146,53805
2021-12-22,30045.53327922078,20.448275862068964,147.07650273224044,53830
2021-12-23,30050.41314935065,20.444827586206898,146.88524590163934,53760
2021-12-24,30139.03013029316,20.5121107266436,146.55737704918033,53640
2021-12-25,30234.81454248366,20.583333333333332,146.29508196721312,53544
2021-12-26,30234.81454248366,20.583333333333332,146.30601092896174,53548
2021-12-27,30195.456840390878,20.525951557093425,146.5737704918033,53646
2021-12-28,30201.365635179154,20.455172413793104,146.8415300546448,53744
2021-12-29,30182.47312703583,20.389655172413793,146.6830601092896,53686
2021-12-30,30242.90960912052,20.413793103448278,146.55464480874318,53639
2021-12-31,30212.131107491856,20.45674740484429,146.16666666666666,53497
2022-01-01,30247.392973856207,20.479166666666668,145.87431693989072,53390
2022-01-02,30346.56475409836,20.479166666666668,145.88251366120218,53393
2022-01-03,30422.647875816994,20.567474048442907,146.34699453551912,53563
2022-01-04,30329.978013029315,20.49655172413793,146.8360655737705,53742
2022-01-05,30303.74022801303,20.44137931034483,146.95355191256832,53785
2022-01-06,30689.098534201956,21.02758620689655,147.02185792349727,53810
2022-01-07,30675.688110749186,21.017241379310345,146.99726775956285,53801
2022-01-08,30758.73611111111,21.079584775086506,146.672131147541,53682
2022-01-09,30846.42704918033,21.15277777777778,146.18032786885246,53502
2022-01-10,30792.441993464054,21.100346020761247,146.71038251366122,53696
2022-01-11,30709.391693811074,21.03448275862069,147.29508196721312,53910
2022-01-12,30710.47964169381,21.02758620689655,147.34426229508196,53928
2022-01-13,30729.964983713355,21.02758620689655,147.57650273224044,54013
2022-01-14,30730.47964169381,21.086206896551722,147.5928961748634,54019
2022-01-15,30776.13480392157,21.13840830449827,147.05464480874318,53822
2022-01-16,30860.05655737705,21.20486111111111,146.57650273224044,53647
2022-01-17,30860.05655737705,21.131487889273355,146.70218579234972,53693
2022-01-18,30915.823770491803,21.082758620689656,147.2295081967213,53886
2022-01-19,30852.881535947712,21.0446735395189,147.6830601092896,54052
2022-01-20,31708.741013071896,21.721649484536083,147.5846994535519,54016
2022-01-21,31744.07434640523,21.735395189003437,147.70491803278688,54060
2022-01-22,31826.612295081966,21.806896551724137,147.47540983606558,53976
2022-01-23,31630.193256578947,21.498269896193772,146.9945355191257,53800
2022-01-24,31557.474590163936,21.43793103448276,147.4398907103825,53963
2022-01-25,31942.602459016394,21.589655172413792,148.02185792349727,54176
2022-01-26,32011.317213114755,21.66896551724138,148.29234972677597,54275
2022-01-27,32107.19918032787,21.80344827586207,148.36338797814207,54301
2022-01-28,32134.923770491805,21.824137931034482,148.27868852459017,54270
2022-01-29,32116.972950819672,21.27241379310345,147.78415300546447,54089
2022-01-30,32168.22615131579,21.342560553633216,147.4398907103825,53963
2022-01-31,32203.21957236842,21.34948096885813,147.775956284153,54086
2022-02-01,32267.109375,21.37370242214533,148.3306010928962,54289
2022-02-02,32315.46134868421,21.41176470588235,148.53005464480876,54362
2022-02-03,32330.964638157893,21.42560553633218,148.5792349726776,54380
2022-02-04,32370.145559210527,21.44636678200692,148.57650273224044,54379
2022-02-05,32429.4100660066,20.93402777777778,148.2431693989071,54257
2022-02-06,32514.636589403974,21.00348432055749,147.77868852459017,54087
2022-02-07,32597.510761589405,20.961805555555557,148.2568306010929,54262
2022-02-08,33724.37706270627,21.259515570934255,148.9016393442623,54498
2022-02-09,33815.60478547855,21.37370242214533,149.16120218579235,54593
2022-02-10,33779.93811881188,21.363321799307958,149.13387978142077,54583
2022-02-11,33781.77310231023,21.377162629757784,148.98360655737704,54528
2022-02-12,33859.12665562914,21.447916666666668,148.72677595628414,54434
2022-02-13,33967.931063122924,21.51219512195122,148.52459016393442,54360
2022-02-14,34051.98754152824,21.571428571428573,149.08743169398906,54566
2022-02-15,33945.57036423841,21.49652777777778,149.69945355191257,54790
2022-02-16,34009.58828382838,21.633217993079583,150.38524590163934,55041
2022-02-17,34013.67079207921,21.633217993079583,150.4808743169399,55076
2022-02-18,34535.54537953795,22.252595155709344,150.4863387978142,55078
2022-02-19,34628.954470198674,22.32638888888889,149.77868852459017,54819
2022-02-20,34741.41943521595,22.40418118466899,149.30601092896174,54646
2022-02-21,34747.86129568106,22.40418118466899,149.5191256830601,54724
2022-02-22,34794.615448504985,22.425087108013937,150.06284153005464,54923
2022-02-23,34740.65531561462,22.38327526132404,150.23224043715848,54985
2022-02-24,34725.23338870432,22.407665505226483,150.25409836065575,54993
2022-02-25,34679.08056478405,22.39721254355401,150.74043715846994,55171
2022-02-26,34297.0375,22.06993006993007,150.4207650273224,55054
2022-02-27,34244.3775,22.108771929824563,149.99180327868854,54897
2022-02-28,34245.3175,22.108771929824563,150.3415300546448,55025
2022-03-01,34276.434166666666,22.12280701754386,150.90983606557376,55233
2022-03-02,34233.00083333333,22.098245614035086,150.92349726775956,55238
2022-03-03,34086.9475,21.84561403508772,150.8306010928962,55204
2022-03-04,34794.49083333334,22.529824561403508,150.82513661202185,55202
2022-03-05,34890.13461538462,22.595070422535212,150.224043715847,54982
2022-03-06,34988.65855704698,22.6678445229682,149.7568306010929,54811
2022-03-07,34883.60618729097,22.595070422535212,150.15027322404373,54955
2022-03-08,34793.0675,22.526315789473685,150.80327868852459,55194
2022-03-09,34672.4275,22.49122807017544,150.90983606557376,55233
2022-03-10,34623.8975,22.43859649122807,150.9672131147541,55254
2022-03-11,34591.244166666664,22.385964912280702,150.94808743169398,55247
2022-03-12,34670.663043478264,22.443661971830984,150.39344262295083,55044
2022-03-13,34049.33528428094,22.014134275618375,149.9016393442623,54864
2022-03-14,33975.8775,21.950704225352112,150.224043715847,54982
2022-03-15,33920.063953488374,21.891228070175437,150.83333333333334,55205
2022-03-16,34894.286544850496,22.880701754385964,151.0054644808743,55268
2022-03-17,34879.35631229236,22.873684210526317,150.98360655737704,55260
2022-03-18,34917.04401993356,22.919298245614034,151.0792349726776,55295
2022-03-19,34879.83471760798,22.887719298245614,150.5191256830601,55090
2022-03-20,34872.13870431894,22.964788732394368,150.16666666666666,54961
2022-03-21,34881.48754152824,23.035211267605632,150.39071038251367,55043
2022-03-22,34887.982558139534,23.035211267605632,150.87431693989072,55220
2022-03-23,34871.41112956811,23.024647887323944,150.95355191256832,55249
2022-03-24,33927.457641196015,23.010563380281692,150.70218579234972,55157
2022-03-25,33964.93936877076,23.024647887323944,150.65027322404373,55138
2022-03-26,33789.925833333335,23.091872791519435,150.13934426229508,54951
2022-03-27,33780.505833333336,23.166666666666668,149.66120218579235,54776
2022-03-28,33722.40780730897,23.109540636042404,150.21584699453553,54979
2022-03-29,33731.80647840531,23.11660777385159,150.76775956284152,55181
2022-03-30,33707.45099667774,23.113074204946997,150.83333333333334,55205
2022-03-31,33724.43438538206,23.11660777385159,150.97267759562843,55256
2022-04-01,33948.04568106312,23.16254416961131,151.10109289617486,55303
2022-04-02,33777.8825,23.06382978723404,150.5928961748634,55117
2022-04-03,30602.377090301005,22.651245551601424,150.12841530054644,54947
2022-04-04,30500.5525,22.570921985815602,150.54918032786884,55101
2022-04-05,30547.437833333333,22.581560283687942,151.22131147540983,55347
2022-04-06,29649.5545,22.117021276595743,151.47540983606558,55440
2022-04-07,29667.24783333333,22.138297872340427,151.37431693989072,55403
2022-04-08,29694.717833333332,22.159574468085108,151.2486338797814,55357
2022-04-09,29638.621166666664,22.102836879432623,150.62568306010928,55129
2022-04-10,29604.347833333333,22.081560283687942,150.29234972677597,55007
2022-04-11,29784.921428571426,22.243816254416963,150.6830601092896,55150
2022-04-12,29735.650165562914,22.22887323943662,151.2622950819672,55362
2022-04-13,29709.395198675495,22.232394366197184,151.1693989071038,55328
2022-04-14,29682.842218543046,22.22887323943662,150.89071038251367,55226
2022-04-15,29934.236258278146,22.225352112676056,150.83333333333334,55205
2022-04-16,29867.948178807947,22.214788732394368,150.4398907103825,55061
2022-04-17,29931.276910299002,22.28268551236749,149.90437158469945,54865
2022-04-18,29999.41976744186,22.22887323943662,150.48907103825135,55079
2022-04-19,29982.643543046357,22.305263157894736,151.06284153005464,55289
2022-04-20,29306.974668874172,22.294736842105262,151.03825136612022,55280
2022-04-21,29299.825662251653,22.29122807017544,150.84426229508196,55209
2022-04-22,28888.51440397351,22.231578947368423,150.7622950819672,55179
2022-04-23,28708.52764900662,22.20701754385965,150.172131147541,54963
2022-04-24,28660.464735099336,22.246478873239436,149.7431693989071,54806
2022-04-25,28708.42689768977,22.301754385964912,150.23224043715848,54985
2022-04-26,28667.711677631578,22.251748251748253,150.80327868852459,55194
2022-04-27,28638.162335526315,22.244755244755243,150.8879781420765,55225
2022-04-28,28640.580098684208,22.1993006993007,150.97540983606558,55257
2022-04-29,28674.24457236842,22.237762237762237,151.0191256830601,55273
2022-04-30,28639.981414473685,22.223776223776223,150.55191256830602,55102
2022-05-01,28681.18927392739,22.28421052631579,150.04098360655738,54915
2022-05-02,28644.25444078947,22.234265734265733,150.6775956284153,55148
2022-05-03,28558.319180327868,22.1602787456446,151.32513661202185,55385
2022-05-04,28545.35524590164,22.146341463414632,151.28415300546447,55370
2022-05-05,28531.997868852457,22.146341463414632,151.20491803278688,55341
2022-05-06,28510.6362295082,22.142857142857142,151.1584699453552,55324
2022-05-07,28600.121875,22.216783216783217,150.5792349726776,55112
2022-05-08,28569.88503289474,22.18881118881119,150.1912568306011,54970
2022-05-09,28615.48700657895,22.237762237762237,150.64754098360655,55137
2022-05-10,28634.54950657895,22.244755244755243,151.20218579234972,55340
2022-05-11,28508.187664473688,22.094405594405593,151.34972677595627,55394
2022-05-12,28468.38503289474,22.05944055944056,151.43715846994536,55426
2022-05-13,28447.868585526317,22.055944055944057,151.36065573770492,55398
2022-05-14,28411.763322368424,22.013986013986013,150.9016393442623,55230
2022-05-15,27996.80874587459,21.67719298245614,150.20491803278688,54975
2022-05-16,28018.97706270627,21.68421052631579,150.80601092896174,55195
2022-05-17,28128.631743421054,21.874125874125873,151.46448087431693,55436
2022-05-18,28138.477138157898,21.874125874125873,151.5136612021858,55454
2022-05-19,28157.858717105264,21.888111888111887,151.5601092896175,55471
2022-05-20,27975.758388157898,21.552447552447553,151.56284153005464,55472
2022-05-21,27742.114026402644,21.56140350877193,150.95628415300547,55250
2022-05-22,27814.846192052984,21.616197183098592,150.55464480874318,55103
2022-05-23,28501.787293729376,22.37543859649123,151.12021857923497,55310
2022-05-24,28429.883388157898,22.304195804195803,151.79781420765028,55558
2022-05-25,28408.07417763158,22.314685314685313,151.9398907103825,55610
2022-05-26,27327.47549342105,21.566433566433567,151.84426229508196,55575
2022-05-27,27184.04457236842,21.223776223776223,151.7568306010929,55543
2022-05-28,27273.760891089107,21.29824561403509,151.3306010928962,55387
2022-05-29,27113.978712871285,21.228070175438596,150.9398907103825,55244
2022-05-30,27113.978712871285,21.153846153846153,150.98360655737704,55260
2022-05-31,27119.945709570955,21.157342657342657,151.62295081967213,55494
2022-06-01,27843.843399339938,21.96153846153846,152.18032786885246,55698
2022-06-02,27816.147029702974,21.958041958041957,151.8360655737705,55572
2022-06-03,27589.651980198018,21.6993006993007,151.84699453551912,55576
2022-06-04,27568.305445544553,21.692307692307693,151.22677595628414,55349
2022-06-05,27312.332947019866,21.410526315789475,150.87431693989072,55220
2022-06-06,27327.68725165563,21.428070175438595,151.54918032786884,55467
2022-06-07,27279.427557755775,21.377622377622377,152.30601092896174,55744
2022-06-08,27298.925907590758,21.388111888111887,152.49726775956285,55814
2022-06-09,27243.07112211221,21.304195804195803,152.5327868852459,55827
2022-06-10,27201.645379537953,21.272727272727273,152.40983606557376,55782
2022-06-11,27234.932284768212,21.312280701754386,151.88524590163934,55590
2022-06-12,27303.799169435217,21.383802816901408,151.31967213114754,55383
2022-06-13,27319.69617940199,21.3943661971831,151.87158469945356,55585
2022-06-14,27253.766721854303,21.32982456140351,152.36885245901638,55767
2022-06-15,27249.140894039734,21.32982456140351,152.327868852459,55752
2022-06-16,27021.27003311258,21.319298245614036,152.34699453551912,55759
2022-06-17,27029.448841059602,21.326315789473686,152.36338797814207,55765
2022-06-18,26971.80976821192,21.312280701754386,151.78688524590163,55554
2022-06-19,26971.80976821192,21.312280701754386,151.5,55449
2022-06-20,26971.80976821192,21.312280701754386,151.75956284153006,55544
2022-06-21,26997.206435643562,21.363636363636363,152.3415300546448,55757
2022-06-22,28599.58267326733,21.3986013986014,152.30601092896174,55744
2022-06-23,28637.104125412545,21.412587412587413,152.27868852459017,55734
2022-06-24,28750.051320132017,21.524475524475523,152.36612021857923,55766
2022-06-25,28733.5595709571,21.517482517482517,151.76502732240436,55546
2022-06-26,28710.93580858086,21.506993006993007,151.36885245901638,55401
2022-06-27,28738.35165016502,21.442508710801395,151.95081967213116,55614
2022-06-28,28792.196534653467,21.494773519163765,152.5792349726776,55844
2022-06-29,28331.67178217822,20.857142857142858,152.5601092896175,55837
2022-06-30,28330.75099009901,20.86759581881533,152.52185792349727,55823
2022-07-01,28330.75099009901,20.871080139372822,152.46174863387978,55801
2022-07-02,28399.962086092717,20.93006993006993,151.97540983606558,55623
2022-07-03,28483.905481727576,21.0,151.5191256830601,55456
2022-07-04,28483.905481727576,21.0,151.52185792349727,55457
2022-07-05,28406.293211920532,20.93006993006993,151.99180327868854,55629
2022-07-06,28785.236138613865,21.303135888501743,152.63661202185793,55865
2022-07-07,28726.140429042905,21.29616724738676,152.71038251366122,55892
2022-07-08,28633.579372937296,21.16724738675958,152.83333333333334,55937
2022-07-09,28619.747689768978,21.1602787456446,152.28142076502732,55735
2022-07-10,28392.038118811884,20.801393728222997,151.81147540983608,55563
2022-07-11,28323.215625,20.756944444444443,152.35792349726776,55763
2022-07-12,28616.153125,21.225694444444443,152.9398907103825,55976
2022-07-13,28438.468914473688,21.118055555555557,152.96174863387978,55984
2022-07-14,28456.77648026316,21.114583333333332,152.98907103825135,55994
2022-07-15,28774.94753289474,21.52777777777778,152.9153005464481,55967
2022-07-16,28801.706435643566,21.519163763066203,152.27322404371586,55732
2022-07-17,28897.076324503312,21.594405594405593,151.92896174863387,55606
2022-07-18,28897.288245033116,21.594405594405593,152.47267759562843,55805
2022-07-19,28900.513410596028,21.594405594405593,153.05464480874318,56018
2022-07-20,28872.86440397351,21.58041958041958,153.0846994535519,56029
2022-07-21,29046.268377483448,21.615384615384617,153.17486338797815,56062
2022-07-22,29041.407450331128,21.615384615384617,153.16120218579235,56057
2022-07-23,29106.588205980068,21.687719298245614,152.60109289617486,55852
2022-07-24,29177.41016666667,21.753521126760564,152.15573770491804,55689
2022-07-25,29209.323500000002,21.760563380281692,152.6912568306011,55885
2022-07-26,29247.363500000003,21.70175438596491,153.15300546448088,56054
2022-07-27,29169.9635,21.649122807017545,153.0792349726776,56027
2022-07-28,29523.11016666667,22.333333333333332,153.01092896174865,56002
2022-07-29,29449.210166666668,22.32280701754386,153.07650273224044,56026
2022-07-30,29519.789464882946,22.387323943661972,152.44262295081967,55794
2022-07-31,26970.39816053512,20.366197183098592,152.0792349726776,55661
2022-08-01,26996.040301003344,20.3943661971831,152.73224043715848,55900
2022-08-02,26927.130166666666,20.347368421052632,153.34699453551912,56125
2022-08-03,26928.910166666665,20.350877192982455,153.55191256830602,56200
2022-08-04,26942.270166666665,20.354385964912282,153.48360655737704,56175
2022-08-05,26948.2735,20.38245614035088,153.44808743169398,56162
2022-08-06,27016.08712374582,20.447183098591548,152.8360655737705,55938
2022-08-07,27094.67466442953,20.51590106007067,152.3415300546448,55757
2022-08-08,27037.505183946487,20.450704225352112,152.96994535519124,55987
2022-08-09,27067.35683333333,20.49122807017544,153.58196721311475,56211
2022-08-10,27072.150166666666,20.49473684210526,153.5737704918033,56208
2022-08-11,26991.965166666665,20.389473684210525,153.51092896174865,56185
2022-08-12,27020.430166666665,20.389473684210525,153.45355191256832,56164
2022-08-13,27081.665719063545,20.443661971830984,152.8551912568306,55945
2022-08-14,27028.501839464883,20.348591549295776,152.3879781420765,55774
2022-08-15,26993.110166666665,20.308771929824562,152.91803278688525,55968
2022-08-16,26928.94368770764,20.255244755244757,153.39890710382514,56144
2022-08-17,26707.368936877076,19.947552447552447,153.41803278688525,56151
2022-08-18,26692.448671096347,19.947552447552447,153.23224043715848,56083
2022-08-19,26870.814119601328,20.164335664335663,153.14754098360655,56052
2022-08-20,26938.276833333333,20.224561403508773,152.45901639344262,55800
2022-08-21,26994.86973244147,20.288732394366196,151.91803278688525,55602
2022-08-22,27028.498494983276,20.31338028169014,152.44262295081967,55794
2022-08-23,26961.430166666665,20.256140350877192,152.9945355191257,55996
2022-08-24,26960.3935,20.249122807017542,153.0928961748634,56032
2022-08-25,26959.310166666666,20.23859649122807,153.10655737704917,56037
2022-08-26,27002.19683333333,20.11578947368421,152.92349726775956,55970
2022-08-27,26967.264333333333,20.172535211267604,152.39071038251367,55775
2022-08-28,27041.65652173913,20.236749116607776,152.05464480874318,55652
2022-08-29,27120.603010033443,20.30388692579505,152.60655737704917,55854
2022-08-30,27279.773578595315,20.36042402826855,153.12568306010928,56044
2022-08-31,27480.753511705683,20.60070671378092,153.2704918032787,56097
2022-09-01,27487.59297658863,20.597173144876326,153.29234972677597,56105
2022-09-02,27614.90066889632,20.81625441696113,153.10655737704917,56037
2022-09-03,27661.162080536913,20.854609929078013,152.59016393442624,55848
2022-09-04,27738.39494949495,20.92526690391459,152.15573770491804,55689
2022-09-05,27832.105743243243,20.92526690391459,152.1584699453552,55690
2022-09-06,27891.200337837836,20.99288256227758,152.78415300546447,55919
2022-09-07,27918.389527027026,20.929078014184398,153.35792349726776,56129
2022-09-08,27881.105743243243,20.929078014184398,153.33333333333334,56120
2022-09-09,27833.21722972973,20.99290780141844,153.275956284153,56099
2022-09-10,27795.56858108108,20.97517730496454,152.60655737704917,55854
2022-09-11,27863.973898305085,21.035587188612098,152.13387978142077,55681
2022-09-12,28091.63277027027,21.30496453900709,152.7431693989071,55904
2022-09-13,28137.4875,21.233215547703182,153.25409836065575,56091
2022-09-14,28119.90304054054,21.176678445229683,153.36065573770492,56130
2022-09-15,28125.55168918919,21.197879858657245,153.40983606557376,56148
2022-09-16,28128.44358108108,21.190812720848058,153.39344262295083,56142
2022-09-17,28063.642905405406,21.151943462897528,152.89344262295083,55959
2022-09-18,28062.359121621623,21.148409893992934,152.3169398907104,55748
2022-09-19,28344.5347972973,21.487632508833922,152.81420765027323,55930
2022-09-20,28364.20371621622,21.498233215547703,153.51092896174865,56185
2022-09-21,28388.88614864865,21.498233215547703,153.5846994535519,56212
2022-09-22,28987.396283783786,22.166077738515902,153.62021857923497,56225
2022-09-23,29197.676689189193,22.257950530035334,153.54644808743168,56198
2022-09-24,29258.095932203392,22.326241134751772,153.0655737704918,56022
2022-09-25,29254.024745762716,22.326241134751772,152.55464480874318,55835
2022-09-26,29267.594237288136,22.336879432624112,153.0846994535519,56029
2022-09-27,29290.85525423729,22.26501766784452,153.65300546448088,56237
2022-09-28,29662.265423728815,22.261484098939928,153.78961748633878,56287
2022-09-29,29628.526440677968,22.243816254416963,153.72677595628414,56264
2022-09-30,29283.136610169495,21.48409893992933,153.6830601092896,56248
2022-10-01,29284.80034013606,21.5531914893617,153.0983606557377,56034
2022-10-02,29380.509556313995,21.629893238434164,152.6120218579235,55856
2022-10-03,29298.024829931976,21.55673758865248,153.05191256830602,56017
2022-10-04,29340.424745762713,21.498233215547703,153.71038251366122,56258
2022-10-05,29336.224745762713,21.49469964664311,153.71038251366122,56258
2022-10-06,29269.170508474577,21.491166077738516,153.50819672131146,56184
2022-10-07,29272.841694915256,21.491166077738516,153.4207650273224,56152
2022-10-08,29138.621355932206,21.261484098939928,152.7622950819672,55911
2022-10-09,29209.58265306123,21.31560283687943,152.37431693989072,55769
2022-10-10,29263.13367346939,21.368794326241133,152.87158469945356,55951
2022-10-11,29297.501020408166,21.407801418439718,153.4153005464481,56150
2022-10-12,29281.45680272109,21.393617021276597,153.46448087431693,56168
2022-10-13,29311.766326530615,21.45744680851064,153.4672131147541,56169
2022-10-14,29302.82755102041,21.46808510638298,153.31420765027323,56113
2022-10-15,29300.691496598643,21.45744680851064,152.69398907103826,55886
2022-10-16,29365.844027303756,21.508896797153024,152.2568306010929,55726
2022-10-17,29279.49421768708,21.45035460992908,152.79781420765028,55924
2022-10-18,29336.27653061225,21.48936170212766,153.39617486338798,56143
2022-10-19,29390.443197278913,21.53191489361702,153.58743169398906,56213
2022-10-20,28322.07925170068,20.74822695035461,153.4808743169399,56174
2022-10-21,28322.218707482996,20.76950354609929,153.44808743169398,56162
2022-10-22,27124.225510204084,20.76595744680851,152.89617486338798,55960
2022-10-23,27196.789419795223,20.83274021352313,152.37978142076503,55771
2022-10-24,27215.611945392495,20.843416370106763,152.96174863387978,55984
2022-10-25,27228.659726962458,20.77304964539007,153.60382513661202,56219
2022-10-26,27273.601706484646,20.80851063829787,153.63387978142077,56230
2022-10-27,26921.77576791809,20.04964539007092,153.724043715847,56263
2022-10-28,25989.86791808874,19.163120567375888,153.57103825136613,56207
2022-10-29,26047.182534246578,19.2135231316726,153.00273224043715,55999
2022-10-30,26080.093814432992,19.20357142857143,152.4398907103825,55793
2022-10-31,26097.121305841927,19.1423487544484,153.01639344262296,56004
2022-11-01,26054.21678082192,19.106382978723403,153.63387978142077,56230
2022-11-02,25886.079794520552,19.0531914893617,153.39344262295083,56142
2022-11-03,25864.676883561646,19.02836879432624,153.34972677595627,56126
2022-11-04,25878.563869863014,19.04255319148936,153.26502732240436,56095
2022-11-05,25936.98505154639,19.10320284697509,152.60655737704917,55854
2022-11-06,26004.502241379312,19.167857142857144,152.11748633879782,55675
2022-11-07,25952.163745704467,19.131672597864767,152.67486338797815,55879
2022-11-08,25969.476460481103,19.1423487544484,153.21584699453553,56077
2022-11-09,25969.648281786944,19.14590747330961,153.13661202185793,56048
2022-11-10,25954.68264604811,19.14590747330961,153.07103825136613,56024
2022-11-11,26022.502241379312,19.207142857142856,152.78142076502732,55918
2022-11-12,25933.077835051547,19.207142857142856,152.52732240437157,55825
2022-11-13,26013.560862068967,19.265232974910393,152.05191256830602,55651
2022-11-14,26107.648281786944,19.40357142857143,152.68579234972677,55883
2022-11-15,26168.868664383564,19.391459074733095,153.2622950819672,56094
2022-11-16,26161.711130136988,19.387900355871885,153.19398907103826,56069
2022-11-17,26131.08441780822,19.395017793594306,153.1912568306011,56068
2022-11-18,26136.358390410962,19.398576512455517,153.00819672131146,56001
2022-11-19,25798.899486301372,18.90357142857143,152.47540983606558,55806
2022-11-20,25775.307020547945,18.9,152.06284153005464,55655
2022-11-21,26058.604965753428,19.2135231316726,152.5983606557377,55851
2022-11-22,26147.361815068496,19.23758865248227,153.2513661202186,56090
2022-11-23,26550.42345890411,19.75531914893617,153.22131147540983,56079
2022-11-24,26197.885395189005,19.08896797153025,152.60928961748633,55855
2022-11-25,26273.16775862069,19.15357142857143,152.15027322404373,55687
2022-11-26,26182.88195876289,19.085409252669038,152.15300546448088,55688
2022-11-27,26182.88195876289,19.085409252669038,152.12021857923497,55676
2022-11-28,26126.08441780822,19.02482269503546,152.6584699453552,55873
2022-11-29,26076.937372013654,19.014134275618375,153.1830601092896,56065
2022-11-30,24976.254778157,18.6113074204947,153.04644808743168,56015
2022-12-01,24949.811092150172,18.60070671378092,152.84699453551912,55942
2022-12-02,24983.606313993176,18.607773851590107,152.8087431693989,55928
2022-12-03,25043.30359589041,18.666666666666668,152.1584699453552,55690
2022-12-04,24740.369931271478,18.245551601423486,150.85245901639345,55212
2022-12-05,24696.66318493151,18.23758865248227,151.37158469945356,55402
2022-12-06,24631.474914675768,18.180212014134277,151.89890710382514,55595
2022-12-07,24599.724061433448,18.176678445229683,152.10928961748633,55672
2022-12-08,24919.42372013652,18.57243816254417,152.19672131147541,55704
2022-12-09,24966.393003412966,18.56183745583039,152.24590163934425,55722
2022-12-10,25033.027910958903,18.617021276595743,151.6448087431694,55502
2022-12-11,24936.58270547945,18.56382978723404,151.09562841530055,55301
2022-12-12,25045.952730375426,18.773851590106005,151.7431693989071,55538
2022-12-13,25082.236006825937,18.80565371024735,152.28415300546447,55736
2022-12-14,24940.464675767915,18.618374558303888,152.40983606557376,55782
2022-12-15,24120.935665529007,18.57243816254417,152.45901639344262,55800
2022-12-16,24335.925426621157,18.62897526501767,152.50273224043715,55816
2022-12-17,24381.95941780822,18.680851063829788,151.8879781420765,55591
2022-12-18,24387.588144329897,18.71174377224199,151.45081967213116,55431
2022-12-19,24335.955993150685,18.656028368794328,152.02732240437157,55642
2022-12-20,24349.363527397258,18.659574468085108,152.68852459016392,55884
2022-12-21,24921.26078767123,19.166666666666668,152.87704918032787,55953
2022-12-22,24930.64092465753,19.177304964539008,152.76502732240436,55912
2022-12-23,24855.77448630137,19.099290780141843,152.44262295081967,55794
2022-12-24,24930.605326460478,19.16725978647687,152.0792349726776,55661
2022-12-25,24930.605326460478,19.16725978647687,152.05737704918033,55653
2022-12-26,24845.22654109589,19.16725978647687,152.12021857923497,55676
2022-12-27,24773.71040955631,19.106382978723403,152.46994535519124,55804
2022-12-28,24746.481740614334,19.117021276595743,152.81420765027323,55930
2022-12-29,24790.15409556314,19.163120567375888,153.0054644808743,56000
2022-12-30,24795.64556313993,19.170212765957448,153.0928961748634,56032
2022-12-31,24813.185445205476,19.2135231316726,152.81420765027323,55930
2023-01-01,24898.454123711337,19.2135231316726,152.77868852459017,55917
2023-01-02,24898.454123711337,19.2135231316726,152.86338797814207,55948
2023-01-03,24956.603253424655,19.180851063829788,153.4398907103825,56159
2023-01-04,24791.527910958903,19.02482269503546,153.6830601092896,56248
2023-01-05,24858.945719178082,19.141843971631207,153.79781420765028,56290
2023-01-06,24915.955993150685,19.21631205673759,153.80601092896174,56293
2023-01-07,24584.412886597936,18.669039145907472,153.2622950819672,56094
2023-01-08,24665.679827586206,18.735714285714284,152.8415300546448,55940
2023-01-09,24598.97302405498,18.679715302491104,153.4153005464481,56150
2023-01-10,24770.64092465753,18.68439716312057,154.04644808743168,56381
2023-01-11,24732.21969178082,18.670212765957448,153.97814207650273,56356
2023-01-12,24742.360102739724,18.680851063829788,154.05737704918033,56385
2023-01-13,24737.39092465753,18.68439716312057,154.07103825136613,56390
2023-01-14,24703.031335616437,18.680851063829788,153.38524590163934,56139
2023-01-15,24683.216267123287,18.609929078014183,152.9071038251366,55964
2023-01-16,24598.973208191124,18.609929078014183,153.19945355191257,56071
2023-01-17,24636.139965986393,18.664310954063605,153.8087431693989,56294
2023-01-18,24664.49370748299,18.681978798586574,154.224043715847,56446
2023-01-19,24632.97670068027,18.69611307420495,154.21584699453553,56443
2023-01-20,25077.975,19.243816254416963,154.0601092896175,56386
2023-01-21,24196.69846416382,18.52482269503546,153.57103825136613,56207
2023-01-22,24151.346928327643,18.569395017793596,153.02185792349727,56006
2023-01-23,24095.08044217687,18.52127659574468,153.41256830601094,56149
2023-01-24,24056.659830508474,18.487632508833922,153.89071038251367,56324
2023-01-25,24069.137796610168,18.501766784452297,154.05464480874318,56384
2023-01-26,23680.26661016949,18.34982332155477,154.01639344262296,56370
2023-01-27,23651.893728813557,18.30388692579505,153.71311475409837,56259
2023-01-28,23625.1212585034,18.23049645390071,153.1830601092896,56065
2023-01-29,23676.544880546073,18.274021352313166,152.67486338797815,55879
2023-01-30,23699.89641638225,18.28825622775801,153.172131147541,56061
2023-01-31,23651.464795918364,18.23404255319149,153.78415300546447,56285
2023-02-01,23678.2675170068,18.23404255319149,153.95355191256832,56347
2023-02-02,23625.26581632653,18.21276595744681,153.84972677595627,56309
2023-02-03,23748.861054421766,18.46099290780142,153.78688524590163,56286
2023-02-04,23729.762414965986,18.4468085106383,153.27868852459017,56100
2023-02-05,23689.085544217683,18.425531914893618,152.78415300546447,55919
2023-02-06,23621.536101694914,18.37102473498233,153.01092896174865,56002
2023-02-07,23546.270777027024,18.306338028169016,153.5327868852459,56193
2023-02-08,23484.399155405405,18.281690140845072,153.60109289617486,56218
2023-02-09,22270.94307432432,17.933098591549296,153.55464480874318,56201
2023-02-10,22206.73699324324,17.820422535211268,153.49180327868854,56178
2023-02-11,22275.49881355932,17.879858657243815,152.97540983606558,55989
2023-02-12,22308.64676870748,17.918439716312058,152.51639344262296,55821
2023-02-13,22243.288644067794,17.862190812720847,152.8306010928962,55936
2023-02-14,22197.642398648648,17.81338028169014,153.39344262295083,56142
2023-02-15,22117.328209459458,17.753521126760564,153.4016393442623,56145
2023-02-16,22149.699831081078,17.799295774647888,153.29508196721312,56106
2023-02-17,22004.578209459458,17.595070422535212,152.97814207650273,55990
2023-02-18,22066.973389830506,17.657243816254418,152.44808743169398,55796
2023-02-19,21402.929322033895,17.074468085106382,151.83879781420765,55573
2023-02-20,21402.929322033895,17.074468085106382,152.1448087431694,55685
2023-02-21,21388.311317567564,17.0565371024735,152.72677595628414,55898
2023-02-22,21445.581587837834,17.127208480565372,153.21857923497268,56078
2023-02-23,21427.55118243243,17.13427561837456,152.91803278688525,55968
2023-02-24,21429.534290540538,17.13427561837456,152.48907103825135,55811
2023-02-25,21394.682939189188,17.08833922261484,151.84972677595627,55577
2023-02-26,21441.312372881355,17.131205673758867,150.84699453551912,55210
2023-02-27,21416.274155405405,17.07773851590106,151.31420765027323,55381
2023-02-28,23220.311317567564,18.253521126760564,151.83333333333334,55571
2023-03-01,23254.804560810808,18.285211267605632,152.13387978142077,55681
2023-03-02,23248.159290540538,18.31338028169014,152.03825136612022,55646
2023-03-03,23256.314695945945,18.327464788732396,151.83879781420765,55573
2023-03-04,23314.427627118643,18.385159010600706,151.38524590163934,55407
2023-03-05,22651.228401360542,17.74113475177305,150.9016393442623,55230
2023-03-06,22591.502203389828,17.681978798586574,151.6584699453552,55507
2023-03-07,22562.247128378378,17.654929577464788,152.19398907103826,55703
2023-03-08,22684.639020270268,17.8943661971831,152.3415300546448,55757
2023-03-09,22675.699831081078,17.890845070422536,152.2622950819672,55728
2023-03-10,22686.291047297294,17.908450704225352,152.13387978142077,55681
2023-03-11,22742.061525423727,17.954063604240282,151.56284153005464,55472
2023-03-12,22739.36661016949,18.01418439716312,151.0655737704918,55290
2023-03-13,22735.287668918918,17.954063604240282,151.54918032786884,55467
2023-03-14,22767.081587837834,17.908450704225352,152.01092896174865,55636
2023-03-15,22785.682939189188,17.922535211267604,151.94262295081967,55611
2023-03-16,22740.59172297297,17.908450704225352,151.87158469945356,55585
2023-03-17,21761.686317567564,17.06338028169014,151.81420765027323,55564
2023-03-18,21831.292033898302,17.120141342756185,151.23497267759564,55352
2023-03-19,21772.85474576271,17.074204946996467,150.60655737704917,55122
2023-03-20,21841.949661016948,17.130742049469966,151.13387978142077,55315
2023-03-21,21881.064915254236,17.18661971830986,151.84426229508196,55575
2023-03-22,21893.925932203387,17.137323943661972,151.8224043715847,55567
2023-03-23,21897.336101694913,17.14788732394366,151.81147540983608,55563
2023-03-24,21918.505593220336,17.158450704225352,151.74043715846994,55537
2023-03-25,21914.59033898305,17.154929577464788,151.275956284153,55367
2023-03-26,21924.745408163264,17.187279151943464,150.724043715847,55165
2023-03-27,21888.36661016949,17.16549295774648,151.30327868852459,55377
2023-03-28,21920.380169491524,17.133333333333333,151.87978142076503,55588
2023-03-29,21872.237796610167,17.112280701754386,151.9016393442623,55596
2023-03-30,21908.315762711863,17.126315789473683,151.8306010928962,55570
2023-03-31,21966.45474576271,17.224561403508773,151.67486338797815,55513
2023-04-01,22020.42908163265,17.278169014084508,151.05191256830602,55285
2023-04-02,21845.048293515356,17.28268551236749,150.4153005464481,55052
2023-04-03,21818.173979591837,17.257042253521128,150.95081967213116,55248
2023-04-04,21753.376779661015,17.2,151.52185792349727,55457
2023-04-05,21794.800508474575,17.235087719298246,151.60109289617486,55486
2023-04-06,21758.18152542373,17.231578947368423,151.4207650273224,55420
2023-04-07,21845.944372881357,17.27719298245614,151.21857923497268,55346
2023-04-08,21851.729897959183,17.31338028169014,150.56830601092895,55108
2023-04-09,21810.04282312925,17.281690140845072,150.02459016393442,54909
2023-04-10,21845.682278911565,17.320422535211268,150.54371584699453,55099
2023-04-11,21874.746904761905,17.348591549295776,151.15573770491804,55323
2023-04-12,21607.876156462586,17.130281690140844,151.28415300546447,55370
2023-04-13,21566.82513605442,17.080985915492956,151.2486338797814,55357
2023-04-14,22628.26051020408,18.595070422535212,151.17486338797815,55330
2023-04-15,22684.073686006825,18.646643109540637,150.63387978142077,55132
2023-04-16,22412.124880546075,18.646643109540637,150.13114754098362,54948
2023-04-17,22490.435460750854,18.69611307420495,150.5737704918033,55110
2023-04-18,22740.376156462586,18.661971830985916,151.04098360655738,55281
2023-04-19,22682.644863945578,18.640845070422536,151.01092896174865,55270
2023-04-20,22632.488401360544,18.503521126760564,150.91803278688525,55236
2023-04-21,22643.155068027212,18.503521126760564,150.96174863387978,55252
2023-04-22,22705.82795221843,18.56183745583039,150.51639344262296,55089
2023-04-23,22703.616348122865,18.56183745583039,150.0928961748634,54934
2023-04-24,23706.210204778155,18.565371024734983,150.65027322404373,55138
2023-04-25,23732.271638225255,18.524647887323944,151.16666666666666,55327
2023-04-26,23647.841604095564,18.443661971830984,151.4153005464481,55418
2023-04-27,23630.02590443686,18.433098591549296,151.3415300546448,55391
2023-04-28,24046.162423208192,18.816901408450704,151.22677595628414,55349
2023-04-29,23977.13170648464,18.785211267605632,150.5792349726776,55112
2023-04-30,24004.621883561642,18.809187279151942,150.0601092896175,54922
2023-05-01,24075.067089041095,18.862190812720847,150.66666666666666,55144
2023-05-02,23993.189726962457,18.795774647887324,151.29234972677597,55373
2023-05-03,23934.237508532424,18.767605633802816,151.20765027322403,55342
2023-05-04,23958.978122866894,18.79225352112676,151.0928961748634,55300
2023-05-05,23991.844266211603,18.809859154929576,150.98360655737704,55260
2023-05-06,24062.9225,18.872791519434628,150.48360655737704,55077
2023-05-07,24120.211924398624,18.929078014184398,150.0054644808743,54902
2023-05-08,24056.218047945204,18.869257950530034,150.51639344262296,55089
2023-05-09,24113.937226027396,18.946996466431095,151.10109289617486,55303
2023-05-10,24084.505719178083,18.901060070671377,151.23497267759564,55352
2023-05-11,24094.26256849315,18.918727915194346,151.32513661202185,55385
2023-05-12,24081.85160958904,18.925795053003533,151.05191256830602,55285
2023-05-13,24153.029793814432,18.97872340425532,150.44535519125682,55063
2023-05-14,24196.336793103448,19.03202846975089,149.91256830601094,54868
2023-05-15,24217.52644827586,19.04626334519573,150.56284153005464,55106
2023-05-16,24164.552130584194,18.99645390070922,151.2513661202186,55358
2023-05-17,24191.187869415808,19.01063829787234,151.38251366120218,55406
2023-05-18,24005.31501718213,18.74468085106383,151.25409836065575,55359
2023-05-19,24008.655223367696,18.75886524822695,151.05737704918033,55287
2023-05-20,24059.750586206897,18.81138790035587,150.48360655737704,55077
2023-05-21,24076.337958477507,18.8,150.00273224043715,54901
2023-05-22,24014.660931034483,18.73665480427046,150.48360655737704,55077
2023-05-23,24259.7583161512,18.677304964539008,151.05464480874318,55286
2023-05-24,23454.76862542955,17.833333333333332,151.01092896174865,55270
2023-05-25,23494.53494845361,17.886524822695037,151.05191256830602,55285
2023-05-26,23459.44560137457,17.836879432624112,150.7295081967213,55167
2023-05-27,23462.029896551725,17.818505338078293,150.20491803278688,54975
2023-05-28,23519.11650519031,17.864285714285714,149.71857923497268,54797
2023-05-29,23438.016103448277,17.864285714285714,149.7622950819672,54813
2023-05-30,23468.074724137932,17.882142857142856,150.45355191256832,55066
2023-05-31,23584.585068965516,17.928571428571427,151.19945355191257,55339
2023-06-01,23675.15748275862,18.082142857142856,151.02459016393442,55275
2023-06-02,22949.585068965516,17.275,150.90437158469945,55231
2023-06-03,22924.198862068966,17.260714285714286,150.28688524590163,55005
2023-06-04,22924.198862068966,17.260714285714286,149.71584699453553,54796
2023-06-05,22958.26093103448,17.285714285714285,150.23224043715848,54985
2023-06-06,23189.301271477663,17.526690391459073,150.95081967213116,55248
2023-06-07,23182.077903780068,17.516014234875446,151.0737704918033,55293
2023-06-08,23175.242852233678,17.523131672597867,150.89344262295083,55227
2023-06-09,23135.971374570447,17.526690391459073,150.81420765027323,55198
2023-06-10,23195.18506896552,17.57857142857143,150.172131147541,54963
2023-06-11,23166.03346020761,17.56989247311828,149.65300546448088,54773
2023-06-12,23133.929896551723,17.53214285714286,150.3224043715847,55018
2023-06-13,23097.462783505154,17.487544483985765,150.88524590163934,55224
2023-06-14,23109.397491408934,17.498220640569397,150.89890710382514,55229
2023-06-15,23092.067594501717,17.494661921708186,150.80601092896174,55195
2023-06-16,23090.644914089346,17.494661921708186,150.96174863387978,55252
2023-06-17,23154.24024137931,17.557142857142857,150.30601092896174,55012
2023-06-18,23220.66321799308,17.612903225806452,149.827868852459,54837
2023-06-19,23301.290520833332,17.676258992805757,150.04644808743168,54917
2023-06-20,23585.52134948097,17.93548387096774,150.64754098360655,55137
2023-06-21,23598.895051903113,17.87857142857143,151.12295081967213,55311
2023-06-22,23534.56979238754,17.775,151.12021857923497,55310
2023-06-23,21925.42446366782,17.942857142857143,151.10382513661202,55304
2023-06-24,21949.898159722223,17.989247311827956,150.48907103825135,55079
2023-06-25,21790.484965277778,17.924460431654676,149.88524590163934,54858
2023-06-26,22103.9259375,18.26618705035971,150.57650273224044,55111
2023-06-27,22159.759270833332,18.29136690647482,151.17486338797815,55330
2023-06-28,22150.401631944445,18.298561151079138,151.26775956284152,55364
2023-06-29,22120.793993055555,18.258992805755394,151.15027322404373,55321
2023-06-30,22144.502326388887,18.280575539568346,151.09016393442624,55299
2023-07-01,22202.831602787457,18.32851985559567,150.51639344262296,55089
2023-07-02,22181.180034843204,18.32490974729242,150.11475409836066,54942
2023-07-03,22107.040520833332,18.258992805755394,150.46994535519124,55072
2023-07-04,22107.040520833332,18.258992805755394,150.50273224043715,55084
2023-07-05,22037.912352941177,18.197132616487455,151.00819672131146,55269
2023-07-06,22045.84314878893,18.211469534050178,151.14207650273224,55318
2023-07-07,21558.728961937715,17.759856630824373,150.88524590163934,55224
2023-07-08,21624.7696875,17.81294964028777,150.28688524590163,55005
2023-07-09,21692.706167247386,17.823104693140795,149.67486338797815,54781
2023-07-10,21699.34379790941,17.826714801444044,150.18579234972677,54968
2023-07-11,21703.413484320557,17.84476534296029,150.71857923497268,55163
2023-07-12,21703.465749128918,17.819494584837546,150.83879781420765,55207
2023-07-13,21415.60512195122,17.346570397111915,150.97267759562843,55256
2023-07-14,21588.18700348432,17.689530685920577,150.92349726775956,55238
2023-07-15,21637.437657342656,17.75,150.36612021857923,55034
2023-07-16,21277.270771929823,17.28,149.89344262295083,54861
2023-07-17,21211.948146853145,17.221014492753625,150.68032786885246,55149
2023-07-18,21162.65912891986,17.162454873646208,151.21038251366122,55343
2023-07-19,21172.899547038327,17.166064981949457,151.2295081967213,55350
2023-07-20,21197.97968641115,17.1913357400722,151.28961748633878,55372
2023-07-21,21185.345540069688,17.184115523465703,151.1830601092896,55333
2023-07-22,21076.31527972028,17.21014492753623,150.53825136612022,55097
2023-07-23,21071.150944055942,17.21014492753623,150.06284153005464,54923
2023-07-24,21053.55808362369,17.180505415162454,150.66666666666666,55144
2023-07-25,21000.136006944445,17.12589928057554,151.29234972677597,55373
2023-07-26,20976.590868055555,17.12589928057554,151.29781420765028,55375
2023-07-27,20937.465868055555,17.115107913669064,151.4344262295082,55425
2023-07-28,20971.372118055555,17.133093525179856,151.4945355191257,55447
2023-07-29,20653.871672473866,16.48014440433213,150.9207650273224,55237
2023-07-30,20688.94465034965,16.532608695652176,150.34972677595627,55028
2023-07-31,20622.753205574914,16.47653429602888,151.0327868852459,55278
2023-08-01,20745.06156794425,16.501805054151625,151.65027322404373,55504
2023-08-02,20760.41,16.505415162454874,151.6448087431694,55502
2023-08-03,20747.375156794424,16.487364620938628,151.4863387978142,55444
2023-08-04,20743.13473867596,16.498194945848375,151.34699453551912,55393
2023-08-05,20724.720104529617,16.494584837545126,150.81967213114754,55200
2023-08-06,20746.995349650348,16.52173913043478,150.3224043715847,55018
2023-08-07,20729.789790940766,16.51624548736462,150.9672131147541,55254
2023-08-08,20679.307881944445,16.47482014388489,151.5655737704918,55473
2023-08-09,20723.63079861111,16.47482014388489,151.4945355191257,55447
2023-08-10,20663.228020833332,16.42086330935252,151.59016393442624,55482
2023-08-11,20655.825243055555,16.42086330935252,151.46448087431693,55436
2023-08-12,20726.180034843204,16.47653429602888,150.95628415300547,55250
2023-08-13,20747.601993006992,16.52173913043478,150.52732240437157,55093
2023-08-14,20680.042404181186,16.465703971119133,151.23497267759564,55352
2023-08-15,20690.192229965156,16.465703971119133,151.7431693989071,55538
2023-08-16,20703.805470383275,16.512635379061372,151.7513661202186,55541
2023-08-17,20817.857735191636,16.588447653429604,151.76502732240436,55546
2023-08-18,20808.23055749129,16.59927797833935,151.672131147541,55512
2023-08-19,20856.469125874126,16.634057971014492,151.14207650273224,55318
2023-08-20,20713.30936842105,16.458181818181817,150.6693989071038,55145
2023-08-21,20669.61597902098,16.402173913043477,151.224043715847,55348
2023-08-22,20660.99362369338,16.3971119133574,151.89890710382514,55595
2023-08-23,20644.997108013937,16.379061371841154,152.04371584699453,55648
2023-08-24,20639.76714285714,16.36823104693141,152.02185792349727,55640
2023-08-25,20618.098153310104,16.36101083032491,151.86885245901638,55584
2023-08-26,20591.93787456446,16.353790613718413,151.3551912568306,55396
2023-08-27,20497.227867132868,16.384057971014492,150.9207650273224,55237
2023-08-28,20521.983111888112,16.350180505415164,151.42896174863387,55423
2023-08-29,20535.599895470383,16.384892086330936,152.0928961748634,55666
2023-08-30,20510.944843205576,16.31654676258993,152.12841530054644,55679
2023-08-31,20348.24449477352,16.26618705035971,152.13661202185793,55682
2023-09-01,20208.307212543554,15.996402877697841,151.94262295081967,55611
2023-09-02,20190.279337979093,15.992805755395683,151.27868852459017,55368
2023-09-03,20112.671923076923,15.823104693140793,150.84699453551912,55210
2023-09-04,20112.671923076923,15.823104693140793,150.86885245901638,55218
2023-09-05,20062.122543554007,15.776978417266188,151.4153005464481,55418
2023-09-06,19997.309618055555,15.720430107526882,152.0,55632
2023-09-07,19986.156840277778,15.691756272401435,152.03825136612022,55646
2023-09-08,19988.000590277778,15.68100358422939,151.98360655737704,55626
2023-09-09,20036.73229965157,15.719424460431656,151.39344262295083,55410
2023-09-10,20040.91318181818,15.707581227436823,150.87704918032787,55221
2023-09-11,20043.633461538462,15.707581227436823,151.35792349726776,55397
2023-09-12,19997.641707317074,15.661870503597122,151.9398907103825,55610
2023-09-13,19712.73229965157,15.356115107913668,151.85792349726776,55580
2023-09-14,19690.084216027873,15.356115107913668,151.9672131147541,55620
2023-09-15,19655.028466898955,15.348920863309353,151.87158469945356,55585
2023-09-16,19662.53555944056,15.364620938628159,151.2431693989071,55355
2023-09-17,19672.39007017544,15.380434782608695,150.68852459016392,55152
2023-09-18,19748.677789473684,15.46376811594203,151.30601092896174,55378
2023-09-19,19770.17603508772,15.48913043478261,151.94535519125682,55612
2023-09-20,19514.225157894736,15.173913043478262,151.9071038251366,55598
2023-09-21,19492.109368421054,15.159420289855072,151.6830601092896,55516
2023-09-22,19428.7269122807,15.141304347826088,151.54918032786884,55467
2023-09-23,18778.091824561405,14.43840579710145,150.97267759562843,55256
2023-09-24,18470.15498245614,14.257246376811594,150.46174863387978,55069
2023-09-25,18444.399195804195,14.234657039711191,151.22677595628414,55349
2023-09-26,18454.290804195804,14.23826714801444,151.81420765027323,55564
2023-09-27,18467.367727272725,14.252707581227437,151.82513661202185,55568
2023-09-28,18445.64744755245,14.245487364620939,151.9153005464481,55601
2023-09-29,18016.388706293706,14.231046931407942,151.84699453551912,55576
2023-09-30,17989.650944055942,14.27536231884058,151.30327868852459,55377
2023-10-01,18035.488315789473,14.312727272727273,150.86338797814207,55216
2023-10-02,18094.976118881117,14.405797101449275,151.38524590163934,55407
2023-10-03,18043.23055749129,14.353790613718411,151.90437158469945,55597
2023-10-04,18060.098153310104,14.368231046931408,151.96448087431693,55619
2023-10-05,17932.57550522648,14.353790613718411,151.8415300546448,55574
2023-10-06,17936.307212543554,14.35740072202166,151.8879781420765,55591
2023-10-07,17987.68590909091,14.398550724637682,151.5136612021858,55454
2023-10-08,18043.94796491228,14.447272727272727,151.01639344262296,55272
2023-10-09,18044.207614035087,14.447272727272727,151.5846994535519,55480
2023-10-10,17994.839755244753,14.41304347826087,152.08196721311475,55662
2023-10-11,17950.678916083914,14.36231884057971,152.0928961748634,55666
2023-10-12,17957.000594405596,14.347826086956522,152.05737704918033,55653
2023-10-13,17981.06702797203,14.36231884057971,151.9945355191257,55630
2023-10-14,17977.225157894736,14.323636363636364,151.39617486338798,55411
2023-10-15,17950.642701754387,14.301818181818183,150.91256830601094,55234
2023-10-16,17922.439192982456,14.290909090909091,151.37431693989072,55403
2023-10-17,18005.41667832168,14.405797101449275,151.90437158469945,55597
2023-10-18,18009.40618881119,14.38768115942029,151.96448087431693,55619
2023-10-19,17960.539055944057,14.355072463768115,151.775956284153,55550
2023-10-20,17885.539055944057,14.30072463768116,151.55464480874318,55469
2023-10-21,17871.937657342656,14.289855072463768,151.0191256830601,55273
2023-10-22,17911.37603508772,14.305454545454545,150.50819672131146,55086
2023-10-23,17942.567263157893,14.334545454545454,151.09016393442624,55299
2023-10-24,17892.198146853145,14.28623188405797,151.7513661202186,55541
2023-10-25,17941.114265734264,14.416666666666666,151.7622950819672,55545
2023-10-26,17947.012867132868,14.431159420289855,151.71038251366122,55526
2023-10-27,17903.893986013984,14.394927536231885,151.65027322404373,55504
2023-10-28,17945.486596491228,14.443636363636363,150.91256830601094,55234
2023-10-29,18008.674929577464,14.496350364963504,150.4863387978142,55078
2023-10-30,17968.142736842103,14.472727272727273,151.0846994535519,55297
2023-10-31,17914.72965034965,14.423913043478262,151.57650273224044,55477
2023-11-01,17930.652727272725,14.445652173913043,151.49726775956285,55448
2023-11-02,17883.2786013986,14.41304347826087,151.2704918032787,55365
2023-11-03,18010.7786013986,14.47463768115942,151.56830601092895,55474
2023-11-04,18023.692385964914,14.501818181818182,150.93715846994536,55243
2023-11-05,18048.159612676056,14.52919708029197,150.47267759562843,55073
2023-11-06,18017.067824561404,14.483636363636364,151.04918032786884,55284
2023-11-07,17974.641013986013,14.452898550724637,151.52185792349727,55457
2023-11-08,17950.200454545455,14.427536231884059,151.51639344262296,55455
2023-11-09,17944.854300699302,14.427536231884059,151.3879781420765,55408
2023-11-10,17999.366070175438,14.476363636363637,151.07650273224044,55294
2023-11-11,18048.099753521128,14.521897810218977,150.5601092896175,55105
2023-11-12,18048.099753521128,14.521897810218977,150.36065573770492,55032
2023-11-13,18120.215281690143,14.534545454545455,151.18579234972677,55334
2023-11-14,18059.147859649125,14.5,151.7377049180328,55536
2023-11-15,17878.351368421056,14.293478260869565,151.60928961748633,55489
2023-11-16,17890.41101754386,14.33695652173913,151.63387978142077,55498
2023-11-17,17878.158385964914,14.33695652173913,151.5327868852459,55461
2023-11-18,17904.75753521127,14.352727272727273,150.91256830601094,55234
2023-11-19,17896.835000000003,14.34909090909091,150.45355191256832,55066
2023-11-20,17909.908943661972,14.297101449275363,150.9672131147541,55254
2023-11-21,17910.31387323944,14.297101449275363,151.50273224043715,55450
2023-11-22,17633.43711267606,13.91304347826087,151.38251366120218,55406
2023-11-23,17604.166572438164,13.86909090909091,150.69672131147541,55155
2023-11-24,17166.21604240283,13.316363636363636,150.25409836065575,54993
2023-11-25,17166.21604240283,13.316363636363636,150.27868852459017,55002
2023-11-26,17166.21604240283,13.316363636363636,150.17486338797815,54964
2023-11-27,17542.650671378095,13.734545454545454,150.7431693989071,55172
2023-11-28,18416.475845070425,13.68840579710145,151.45628415300547,55433
2023-11-29,18412.852605633805,13.706521739130435,151.30054644808743,55376
2023-11-30,18453.88781690141,13.655797101449275,151.26502732240436,55363
2023-12-01,18428.80683098592,13.608695652173912,151.19672131147541,55338
2023-12-02,18483.682473498237,13.654545454545454,150.6693989071038,55145
2023-12-03,18495.85510638298,13.693430656934307,150.1775956284153,54965
2023-12-04,18435.94042402827,13.643636363636364,150.71584699453553,55162
2023-12-05,18381.92654929578,13.601449275362318,151.1912568306011,55336
2023-12-06,18379.92654929578,13.56159420289855,151.1693989071038,55328
2023-12-07,18389.829718309862,13.576086956521738,151.08196721311475,55296
2023-12-08,18401.55154929578,13.58695652173913,150.86885245901638,55218
2023-12-09,18060.765512367492,13.192727272727273,150.1912568306011,54970
2023-12-10,17886.72567375887,13.222627737226277,149.51639344262296,54723
2023-12-11,17863.81851590106,13.207272727272727,150.0327868852459,54912
2023-12-12,17867.776113074207,13.214545454545455,150.48360655737704,55077
2023-12-13,17687.097667844526,12.952727272727273,150.34426229508196,55026
2023-12-14,17665.0764664311,12.92,150.3415300546448,55025
2023-12-15,17666.09413427562,12.901818181818182,150.0983606557377,54936
2023-12-16,17685.73985815603,12.901459854014599,149.44808743169398,54698
2023-12-17,17506.884839857652,12.886446886446887,148.83879781420765,54475
2023-12-18,17478.42070921986,12.864963503649635,149.29781420765028,54643
2023-12-19,17422.17893992933,12.821818181818182,149.83333333333334,54839
2023-12-20,17389.27787985866,12.81090909090909,149.73497267759564,54803
2023-12-21,17379.458091872795,12.807272727272727,149.45901639344262,54702
2023-12-22,16642.64183745583,12.018181818181818,149.29508196721312,54642
2023-12-23,16682.112198581563,12.05109489051095,148.8879781420765,54493
2023-12-24,16741.425765124557,12.095238095238095,148.7513661202186,54443
2023-12-25,16741.425765124557,12.095238095238095,148.7568306010929,54445
2023-12-26,16699.317872340427,12.062043795620438,149.12568306010928,54580
2023-12-27,16741.49606382979,12.058181818181819,149.4808743169399,54710
2023-12-28,16768.552801418442,12.087272727272728,149.58196721311475,54747
2023-12-29,16756.212375886527,12.069090909090908,149.29234972677597,54641
2023-12-30,16763.850142348758,12.065693430656934,148.8224043715847,54469
2023-12-31,16734.376832740214,12.098901098901099,148.4672131147541,54339
2024-01-01,16734.376832740214,12.098901098901099,148.4808743169399,54344
2024-01-02,16681.85067375887,12.054744525547445,148.9262295081967,54507
2024-01-03,16631.42010600707,12.076363636363636,149.28415300546447,54638
2024-01-04,16483.766395759718,12.04,149.27868852459017,54636
2024-01-05,16509.10561837456,12.298181818181819,149.06284153005464,54557
2024-01-06,16490.843581560286,12.222627737226277,148.44262295081967,54330
2024-01-07,16425.408861209966,12.172161172161172,147.87158469945356,54121
2024-01-08,16383.95705673759,12.127737226277372,148.29781420765028,54277
2024-01-09,16406.082650176682,12.156363636363636,148.8306010928962,54472
2024-01-10,16410.457208480566,12.167272727272728,148.65573770491804,54408
2024-01-11,16155.61268551237,12.098181818181818,148.60382513661202,54389
2024-01-12,16195.245194346291,12.12,148.6639344262295,54411
2024-01-13,16166.068515901063,12.101818181818182,147.96994535519124,54157
2024-01-14,16214.423368794329,12.138686131386862,147.4398907103825,53963
2024-01-15,16214.423368794329,12.138686131386862,147.57103825136613,54011
2024-01-16,16229.731879432626,12.153284671532846,147.78415300546447,54089
2024-01-17,16359.185780141846,12.247272727272728,147.70491803278688,54060
2024-01-18,16253.912730496457,12.141818181818183,147.4344262295082,53961
2024-01-19,16226.054574468088,12.127272727272727,147.10928961748633,53842
2024-01-20,16256.24338078292,12.13138686131387,146.60928961748633,53659
2024-01-21,15805.426392857145,11.571428571428571,146.0846994535519,53467
2024-01-22,15766.375053380785,11.536496350364963,146.64207650273224,53671
2024-01-23,17570.35370106762,11.501818181818182,147.15573770491804,53859
2024-01-24,17553.727366548046,11.483636363636364,146.98907103825135,53798
2024-01-25,17602.314555160145,11.541818181818181,147.0737704918033,53829
2024-01-26,17565.520960854094,11.512727272727274,146.91256830601094,53770
2024-01-27,17555.745160142353,11.55109489051095,146.33879781420765,53560
2024-01-28,17506.42487544484,11.556776556776557,145.90437158469945,53401
2024-01-29,17521.671595744683,11.558394160583942,146.4945355191257,53617
2024-01-30,17591.39713780919,11.52,147.05737704918033,53823
2024-01-31,17600.98371024735,11.512727272727274,147.08743169398906,53834
2024-02-01,17585.640954063605,11.501818181818182,146.95628415300547,53786
2024-02-02,17547.98371024735,11.505454545454546,146.74590163934425,53709
2024-02-03,17596.508475177307,11.543795620437956,146.2622950819672,53532
2024-02-04,17476.937330960856,11.28937728937729,145.67486338797815,53317
2024-02-05,17536.65619217082,11.366300366300367,146.21311475409837,53514
2024-02-06,17557.44266903915,11.380952380952381,146.71584699453553,53698
2024-02-07,17572.670427046265,11.395604395604396,146.78142076502732,53722
2024-02-08,17610.165088967973,11.41025641025641,146.85245901639345,53748
2024-02-09,17601.695338078294,11.413919413919414,146.68852459016392,53688
2024-02-10,17611.504964285716,11.426470588235293,146.04918032786884,53454
2024-02-11,17643.671648745523,11.464944649446494,145.47814207650273,53245
2024-02-12,17588.76210714286,11.422794117647058,146.05464480874318,53456
2024-02-13,17587.261174377225,11.384615384615385,146.64207650273224,53671
2024-02-14,17620.460462633455,11.406593406593407,146.58196721311475,53649
2024-02-15,17600.254056939502,11.3992673992674,146.45901639344262,53604
2024-02-16,17639.190000000002,11.413919413919414,146.41256830601094,53587
2024-02-17,17661.129964285716,11.408088235294118,145.89890710382514,53399
2024-02-18,17687.20211469534,11.439114391143912,145.45901639344262,53238
2024-02-19,17687.20211469534,11.439114391143912,145.75956284153006,53348
2024-02-20,17756.427921146955,11.455882352941176,146.41256830601094,53587
2024-02-21,17892.36925,11.750915750915752,146.85245901639345,53748
2024-02-22,17837.683535714285,11.71062271062271,147.09562841530055,53837
2024-02-23,17779.833535714286,11.637362637362637,146.79234972677597,53726
2024-02-24,17811.442258064515,11.650735294117647,146.4945355191257,53617
2024-02-25,17864.13809352518,11.693726937269373,146.2513661202186,53528
2024-02-26,17878.684856115106,11.70110701107011,146.91256830601094,53770
2024-02-27,18515.320394265233,11.658088235294118,147.61748633879782,54028
2024-02-28,18465.463763440857,11.650735294117647,147.80601092896174,54097
2024-02-29,16591.331146953406,10.386029411764707,148.0846994535519,54199
2024-03-01,16590.78634408602,10.367647058823529,147.81967213114754,54102
2024-03-02,16623.961834532372,10.361623616236162,147.3360655737705,53925
2024-03-03,16667.58263537906,10.381481481481481,146.827868852459,53739
2024-03-04,16732.21003597122,10.457564575645756,147.74590163934425,54075
2024-03-05,16700.714659498208,10.448529411764707,148.3087431693989,54281
2024-03-06,16709.04799283154,10.477941176470589,148.39071038251367,54311
2024-03-07,16660.19136200717,10.441176470588236,148.5054644808743,54353
2024-03-08,16526.725412186377,10.1875,148.4344262295082,54327
2024-03-09,16567.915071942443,10.217712177121772,147.8415300546448,54110
2024-03-10,16608.340758122744,10.22962962962963,147.27868852459017,53904
2024-03-11,16559.65607913669,10.206642066420665,147.54918032786884,54003
2024-03-12,16614.22082733813,10.209558823529411,148.3415300546448,54293
2024-03-13,16692.21003597122,10.235294117647058,148.3879781420765,54310
2024-03-14,16678.015791366906,10.220588235294118,148.53551912568307,54364
2024-03-15,16645.15967625899,10.220588235294118,148.6775956284153,54416
2024-03-16,16691.42740072202,10.254612546125461,148.13661202185793,54218
2024-03-17,16713.08474637681,10.122222222222222,147.56284153005464,54008
2024-03-18,16670.290216606496,10.092250922509225,148.15300546448088,54224
2024-03-19,16706.553754512635,10.121771217712178,148.87978142076503,54490
2024-03-20,16634.831732851984,10.062730627306273,149.0737704918033,54561
2024-03-21,16622.954476534294,9.952029520295204,148.95081967213116,54516
2024-03-22,16601.741480144403,9.92988929889299,148.85792349726776,54482
2024-03-23,16650.693442028984,9.955555555555556,148.36885245901638,54303
2024-03-24,16680.423236363637,9.977695167286246,147.89071038251367,54128
2024-03-25,16701.12869090909,9.996282527881041,148.54371584699453,54367
2024-03-26,16646.874601449275,9.959259259259259,149.04098360655738,54549
2024-03-27,16666.43981884058,9.988888888888889,148.99180327868854,54531
2024-03-28,16640.508659420288,9.962962962962964,148.95355191256832,54517
2024-03-29,16686.92170289855,10.0,148.9672131147541,54522
2024-03-30,16637.284021739128,9.977777777777778,148.47267759562843,54341
2024-03-31,16565.704311594203,9.903345724907064,148.07650273224044,54196
2024-04-01,16535.875054151624,9.874074074074073,148.66666666666666,54412
2024-04-02,16512.436654676258,9.863468634686347,149.20765027322403,54610
2024-04-03,16478.130899280575,9.830258302583026,149.13387978142077,54583
2024-04-04,16928.846726618704,9.85239852398524,149.19672131147541,54606
2024-04-05,17019.033776978416,9.896678966789668,149.12841530054644,54581
2024-04-06,17068.69454873646,9.925925925925926,148.63114754098362,54399
2024-04-07,17010.99402173913,9.866171003717472,148.1639344262295,54228
2024-04-08,16972.75938628159,9.848148148148148,148.81967213114754,54468
2024-04-09,17013.29368231047,9.87037037037037,149.52459016393442,54726
2024-04-10,16990.87490974729,9.84074074074074,149.52732240437157,54727
2024-04-11,16963.90740072202,9.814814814814815,149.52732240437157,54727
2024-04-12,16992.957942238267,9.803703703703704,149.5191256830601,54724
2024-04-13,17044.251268115942,9.825278810408921,148.96994535519124,54523
2024-04-14,15970.328545454544,8.25,148.55464480874318,54371
2024-04-15,16083.077355072463,8.256505576208179,149.0983606557377,54570
2024-04-16,16128.283876811593,8.282527881040892,149.74043715846994,54805
2024-04-17,16065.077355072463,8.241635687732343,149.5737704918033,54744
2024-04-18,15757.700543478259,8.234200743494425,149.60382513661202,54755
2024-04-19,15757.642572463767,8.237918215613384,149.4344262295082,54693
2024-04-20,15777.899454545453,8.25,148.95901639344262,54519
2024-04-21,15814.172810218977,8.273408239700375,148.39344262295083,54312
2024-04-22,15781.070363636361,8.242537313432836,148.95081967213116,54516
2024-04-23,15807.484909090908,8.261194029850746,149.47267759562843,54707
2024-04-24,14745.557636363636,8.261194029850746,149.48360655737704,54711
2024-04-25,14743.226727272726,8.246268656716419,149.49726775956285,54716
2024-04-26,14702.826727272726,8.212686567164178,149.14754098360655,54588
2024-04-27,14715.935583941604,8.224719101123595,148.63934426229508,54402
2024-04-28,14257.705656934306,7.8164794007490634,148.1693989071038,54230
2024-04-29,14268.866240875912,7.823970037453184,148.7622950819672,54447
2024-04-30,14219.69218181818,7.794776119402985,149.42349726775956,54689
2024-05-01,14145.470363636363,7.7388059701492535,149.31420765027323,54649
2024-05-02,14148.030363636362,7.742537313432836,149.28415300546447,54638
2024-05-03,14151.219454545453,7.75,149.27868852459017,54636
2024-05-04,14167.526824817516,7.749063670411985,148.72677595628414,54434
2024-05-05,14168.09,7.7556390977443606,148.28961748633878,54274
2024-05-06,14333.859744525547,7.853932584269663,149.12568306010928,54580
2024-05-07,14283.191163636364,7.8283582089552235,149.6775956284153,54782
2024-05-08,14266.38389090909,7.82089552238806,149.68852459016392,54786
2024-05-09,14240.671163636363,7.7611940298507465,149.76502732240436,54814
2024-05-10,14257.278436363637,7.779850746268656,149.63934426229508,54768
2024-05-11,14277.764854014598,7.782771535580524,148.96994535519124,54523
2024-05-12,14313.511245421245,7.8007518796992485,148.54918032786884,54369
2024-05-13,14270.94003649635,7.771535580524344,149.11748633879782,54577
2024-05-14,14255.409345454545,7.764925373134329,149.68032786885246,54783
2024-05-15,14265.929345454544,7.757462686567164,149.71584699453553,54796
2024-05-16,14238.896618181818,7.746268656716418,149.62021857923497,54761
2024-05-17,14210.020254545454,7.746268656716418,149.4207650273224,54688
2024-05-18,14235.36704379562,7.771535580524344,148.86612021857923,54485
2024-05-19,14258.26216117216,7.7781954887218046,148.41803278688525,54321
2024-05-20,14208.206459854015,7.749063670411985,149.02185792349727,54542
2024-05-21,14176.369345454545,7.727611940298507,149.6120218579235,54758
2024-05-22,14170.827527272726,7.731343283582089,149.63934426229508,54768
2024-05-23,13837.169345454546,7.727611940298507,149.65300546448088,54773
2024-05-24,13858.576618181818,7.746268656716418,149.60382513661202,54755
2024-05-25,13842.677262773723,7.711610486891386,148.86885245901638,54486
2024-05-26,13871.687069597068,7.7330827067669174,148.4672131147541,54339
2024-05-27,13871.687069597068,7.7330827067669174,148.5136612021858,54356
2024-05-28,13892.662664233576,7.8164794007490634,149.0601092896175,54556
2024-05-29,13985.133467153284,7.865671641791045,149.672131147541,54780
2024-05-30,13981.297700729927,7.850746268656716,149.5846994535519,54748
2024-05-31,13885.90718978102,7.82089552238806,149.29781420765028,54643
2024-06-01,13832.969120879121,7.685393258426966,148.8224043715847,54469
2024-06-02,13851.013125,7.6992481203007515,148.3224043715847,54286
2024-06-03,13865.28150735294,7.714285714285714,148.93169398907105,54509
2024-06-04,13878.487389705882,7.714285714285714,149.57103825136613,54743
2024-06-05,13845.413860294117,7.68796992481203,149.73224043715848,54802
2024-06-06,13529.799889705882,7.37593984962406,149.54371584699453,54733
2024-06-07,13519.042536764706,7.37593984962406,149.28961748633878,54640
2024-06-08,13529.385867158671,7.369811320754717,148.69398907103826,54422
2024-06-09,13548.33174074074,7.375,148.0,54168
2024-06-10,13534.293616236162,7.384905660377359,148.68032786885246,54417
2024-06-11,13597.189595588236,7.43984962406015,149.3224043715847,54652
2024-06-12,13557.450625,7.417293233082707,149.3360655737705,54657
2024-06-13,13538.274154411763,7.402255639097745,149.38524590163934,54675
2024-06-14,13529.432242647059,7.387218045112782,149.21857923497268,54614
2024-06-15,13570.625719557194,7.379699248120301,148.775956284153,54452
2024-06-16,13610.887296296296,7.40377358490566,148.13387978142077,54217
2024-06-17,13635.37848708487,7.454887218045113,148.62568306010928,54397
2024-06-18,13603.292536764706,7.4456928838951315,149.1693989071038,54596
2024-06-19,13603.292536764706,7.4456928838951315,149.21584699453553,54613
2024-06-20,13238.255772058823,7.116104868913857,149.28688524590163,54639
2024-06-21,13230.59768382353,7.108614232209738,148.98907103825135,54530
2024-06-22,13171.49106617647,7.082397003745318,148.4071038251366,54317
2024-06-23,13091.426457564576,6.879699248120301,147.96448087431693,54155
2024-06-24,13063.185919117646,6.853932584269663,148.55464480874318,54371
2024-06-25,13075.329301470587,6.835820895522388,149.18852459016392,54603
2024-06-26,12756.715330882353,6.496268656716418,149.04371584699453,54550
2024-06-27,12781.277830882353,6.544776119402985,149.16120218579235,54593
2024-06-28,12773.461654411763,6.526119402985074,148.96174863387978,54520
2024-06-29,12791.858191881918,6.535580524344569,148.4016393442623,54315
2024-06-30,12759.437527675276,6.50936329588015,148.0136612021858,54173
2024-07-01,12739.638125,6.514925373134329,148.74043715846994,54439
2024-07-02,12795.608713235293,6.559701492537314,149.275956284153,54635
2024-07-03,12861.068272058823,6.641791044776119,149.53005464480876,54728
2024-07-04,12861.068272058823,6.641791044776119,149.5054644808743,54719
2024-07-05,12880.340330882353,6.645522388059701,149.2377049180328,54621
2024-07-06,12900.795461254613,6.651685393258427,148.63661202185793,54401
2024-07-07,12939.502111111111,6.669172932330827,148.19945355191257,54241
2024-07-08,12906.308376383764,6.644194756554307,148.80601092896174,54463
2024-07-09,12927.998419117646,6.682835820895522,149.38524590163934,54675
2024-07-10,12932.329301470587,6.67910447761194,149.4153005464481,54686
2024-07-11,12927.483713235293,6.6716417910447765,149.33879781420765,54658
2024-07-12,12940.608713235293,6.67910447761194,149.11748633879782,54577
2024-07-13,12964.607269372693,6.689138576779026,148.38524590163934,54309
2024-07-14,12781.26778597786,6.333333333333333,147.93715846994536,54145
2024-07-15,12767.61606617647,6.32089552238806,148.46994535519124,54340
2024-07-16,12767.85923076923,6.319702602230484,149.15573770491804,54591
2024-07-17,12959.060695970695,6.5055762081784385,148.96994535519124,54523
2024-07-18,12971.969120879121,6.520446096654275,149.0737704918033,54561
2024-07-19,13021.862893772894,6.5762081784386615,148.93169398907105,54509
2024-07-20,13039.693272058823,6.574626865671642,148.26502732240436,54265
2024-07-21,13085.400627306273,6.599250936329588,147.79234972677597,54092
2024-07-22,13050.788860294117,6.5783582089552235,148.33333333333334,54290
2024-07-23,13068.917536764706,6.58955223880597,148.76775956284152,54449
2024-07-24,13032.332977941176,6.574626865671642,148.78415300546447,54455
2024-07-25,13105.211654411763,6.701492537313433,148.66120218579235,54410
2024-07-26,13119.700625,6.701492537313433,148.47540983606558,54342
2024-07-27,13167.58143911439,6.719101123595506,147.85792349726776,54116
2024-07-28,13175.291,6.725563909774436,147.29781420765028,53911
2024-07-29,13163.36741697417,6.719101123595506,147.86885245901638,54120
2024-07-30,13125.03518382353,6.697761194029851,148.45628415300547,54335
2024-07-31,13217.435919117646,6.7388059701492535,148.41803278688525,54321
2024-08-01,13121.169375,6.723880597014926,148.40983606557376,54318
2024-08-02,13085.117904411763,6.6940298507462686,148.1639344262295,54228
2024-08-03,13075.62525735294,6.686567164179104,147.70218579234972,54059
2024-08-04,13094.760405904059,6.689138576779026,147.1830601092896,53869
2024-08-05,13106.823136531364,6.700374531835206,147.6830601092896,54052
2024-08-06,13085.544375,6.682835820895522,148.327868852459,54288
2024-08-07,13045.62525735294,6.634328358208955,148.27322404371586,54268
2024-08-08,13025.963492647059,6.615671641791045,148.2704918032787,54267
2024-08-09,12958.400992647059,6.608208955223881,148.30601092896174,54280
2024-08-10,12937.594354243542,6.569288389513108,147.60928961748633,54025
2024-08-11,12980.529888888888,6.590225563909774,147.20218579234972,53876
2024-08-12,12933.1810701107,6.5655430711610485,147.77322404371586,54085
2024-08-13,12905.831139705882,6.541044776119403,148.35245901639345,54297
2024-08-14,12948.970845588236,6.559701492537314,148.3551912568306,54298
2024-08-15,12966.93775735294,6.582089552238806,148.42349726775956,54323
2024-08-16,12902.97819852941,6.5,148.42896174863387,54325
2024-08-17,12801.468892988929,6.426966292134831,147.9207650273224,54139
2024-08-18,12791.638634686346,6.43609022556391,147.54918032786884,54003
2024-08-19,12793.599522058823,6.4456928838951315,148.1693989071038,54230
2024-08-20,12859.007582417582,6.503731343283582,148.5792349726776,54380
2024-08-21,12892.454468864467,6.615671641791045,148.55464480874318,54371
2024-08-22,12844.21271062271,6.57089552238806,148.47267759562843,54341
2024-08-23,12888.520402930402,6.608208955223881,148.25956284153006,54263
2024-08-24,12916.025992647059,6.629213483146067,147.71584699453553,54064
2024-08-25,12898.220845588236,6.650375939849624,147.21584699453553,53881
2024-08-26,12962.139963235293,6.672932330827067,147.65573770491804,54042
2024-08-27,12953.392197802197,6.659176029962547,148.21038251366122,54245
2024-08-28,13279.35923076923,6.98501872659176,148.26502732240436,54265
2024-08-29,13203.90868131868,6.891385767790262,148.2295081967213,54252
2024-08-30,13184.13945054945,6.913857677902621,148.16666666666666,54229
2024-08-31,13228.283345588236,6.932330827067669,147.58743169398906,54017
2024-09-01,13165.085129151292,6.958490566037736,147.08196721311475,53832
2024-09-02,13165.085129151292,6.958490566037736,147.15027322404373,53857
2024-09-03,13156.404669117646,6.981203007518797,147.72131147540983,54066
2024-09-04,13130.502087912088,6.962546816479401,148.3551912568306,54298
2024-09-05,13170.362893772894,7.0411985018726595,148.3551912568306,54298
2024-09-06,13165.253003663003,7.0411985018726595,148.29234972677597,54275
2024-09-07,13112.94531135531,7.0,147.65573770491804,54042
2024-09-08,13129.614227941176,7.026315789473684,147.15027322404373,53857
2024-09-09,13458.234688644689,7.033707865168539,147.7486338797814,54076
2024-09-10,13463.372518248174,7.052238805970149,148.27868852459017,54270
2024-09-11,13465.748430656933,7.052238805970149,148.35245901639345,54297
2024-09-12,13616.558649635035,7.041044776119403,148.37431693989072,54305
2024-09-13,13616.495948905109,7.007462686567164,148.36885245901638,54303
2024-09-14,13589.506897810217,7.003731343283582,147.8169398907104,54101
2024-09-15,13589.287919708027,7.0299625468164795,147.37978142076503,53941
2024-09-16,13542.715963636363,7.003731343283582,147.97540983606558,54159
2024-09-17,13555.242355072463,7.007434944237918,148.5601092896175,54373
2024-09-18,13471.20974637681,6.910780669144981,148.53551912568307,54364
2024-09-19,13538.807572463767,6.951672862453532,148.48907103825135,54347
2024-09-20,13500.499601449274,6.91449814126394,148.52732240437157,54361
2024-09-21,13494.336557971013,6.91449814126394,148.06830601092895,54193
2024-09-22,13543.406872727272,6.940298507462686,147.5928961748634,54019
2024-09-23,13558.825054545454,6.951492537313433,148.28142076502732,54271
2024-09-24,13591.275963636363,6.977611940298507,148.827868852459,54471
2024-09-25,13552.388690909089,6.947761194029851,148.69945355191257,54424
2024-09-26,13578.730509090909,6.955223880597015,148.7377049180328,54438
2024-09-27,13553.901418181817,6.92910447761194,148.58196721311475,54381
2024-09-28,13600.995948905109,6.955056179775281,147.9016393442623,54132
2024-09-29,13596.886459854013,6.951310861423221,147.39071038251367,53945
2024-09-30,13612.77697080292,6.925373134328358,147.89344262295083,54129
2024-10-01,13646.566872727271,6.966542750929368,148.53825136612022,54365
2024-10-02,13526.715963636363,6.817843866171004,148.58743169398906,54383
2024-10-03,13529.559599999999,6.828996282527881,148.58196721311475,54381
2024-10-04,13615.134145454544,6.87360594795539,148.5928961748634,54385
2024-10-05,13645.820766423356,6.895522388059701,148.05464480874318,54188
2024-10-06,13674.864065934065,6.913857677902621,147.57650273224044,54013
2024-10-07,13638.718576642335,6.891791044776119,148.05464480874318,54188
2024-10-08,13612.639599999999,6.877323420074349,148.70765027322403,54427
2024-10-09,13613.315963636362,6.877323420074349,148.64754098360655,54405
2024-10-10,13610.043236363636,6.866171003717472,148.75956284153006,54446
2024-10-11,13600.195963636363,6.862453531598513,148.69945355191257,54424
2024-10-12,13606.357262773721,6.861940298507463,148.1448087431694,54221
2024-10-13,13552.824416058393,6.83955223880597,147.69398907103826,54056
2024-10-14,13515.723236363636,6.828996282527881,148.20765027322403,54244
2024-10-15,13548.875963636363,6.851301115241636,148.79234972677597,54458
2024-10-16,13563.810509090908,6.866171003717472,148.9808743169399,54527
2024-10-17,13460.441418181817,6.713754646840148,148.95901639344262,54519
2024-10-18,13483.634145454544,6.739776951672862,148.89617486338798,54496
2024-10-19,13521.975875912407,6.753731343283582,148.45355191256832,54334
2024-10-20,13566.312783882782,6.7790262172284645,148.03005464480876,54179
2024-10-21,13620.294468864467,6.8164794007490634,148.55191256830602,54370
2024-10-22,13596.53427007299,6.8059701492537314,149.11748633879782,54577
2024-10-23,13589.787919708027,6.776119402985074,149.04371584699453,54550
2024-10-24,13622.200328467152,6.817164179104478,148.97814207650273,54526
2024-10-25,13550.061605839415,6.6716417910447765,148.86885245901638,54486
2024-10-26,13579.512380952381,6.677902621722846,148.2704918032787,54267
2024-10-27,13625.091470588235,6.6992481203007515,147.76502732240436,54082
2024-10-28,13579.318241758241,6.681647940074907,148.30054644808743,54278
2024-10-29,13620.386423357664,6.727611940298507,148.99726775956285,54533
2024-10-30,13625.08715328467,6.708955223880597,149.11475409836066,54576
2024-10-31,13665.736788321168,6.742537313432836,149.18579234972677,54602
2024-11-01,13671.492262773721,6.731343283582089,149.12568306010928,54580
2024-11-02,13721.49772893773,6.7565543071161045,148.75409836065575,54444
2024-11-03,13585.39882783883,6.692883895131086,147.95628415300547,54152
2024-11-04,13555.240437956205,6.675373134328358,148.55191256830602,54370
2024-11-05,13510.410472727273,6.654275092936803,149.04644808743168,54551
2024-11-06,13477.788654545457,6.646840148698884,149.02732240437157,54544
2024-11-07,13588.777745454547,6.661710037174721,149.26502732240436,54631
2024-11-08,13608.097745454546,6.672862453531598,149.24043715846994,54622
2024-11-09,13644.95576642336,6.686567164179104,148.77868852459017,54453
2024-11-10,13644.95576642336,6.686567164179104,148.57103825136613,54377
2024-11-11,13644.95576642336,6.686567164179104,148.85792349726776,54482
2024-11-12,13608.097745454546,6.669144981412639,149.46448087431693,54704
2024-11-13,13535.458436363637,6.602230483271375,149.24590163934425,54624
2024-11-14,13637.0148,6.687732342007435,149.4945355191257,54715
2024-11-15,14402.058436363637,7.520446096654275,149.43715846994536,54694
2024-11-16,14281.551350364965,7.4440298507462686,148.8306010928962,54472
2024-11-17,14281.551350364965,7.4440298507462686,148.44262295081967,54330
2024-11-18,14285.040254545456,7.41635687732342,149.02732240437157,54544
2024-11-19,14289.312981818182,7.41635687732342,149.68579234972677,54785
2024-11-20,14279.70570909091,7.41635687732342,149.71584699453553,54796
2024-11-21,14284.66570909091,7.4200743494423795,149.76502732240436,54814
2024-11-22,14269.792981818184,7.41635687732342,149.7486338797814,54808
2024-11-23,14218.090833333334,7.388888888888889,149.78415300546447,54821
2024-11-24,14266.891163636365,7.41635687732342,149.78415300546447,54821
2024-11-25,14232.38793478261,7.4037037037037035,150.3415300546448,55025
2024-11-26,14184.437075812275,7.376383763837638,150.85792349726776,55214
2024-11-27,13826.491227436823,6.981549815498155,150.77868852459017,55185
2024-11-28,12913.873442028987,7.003703703703704,150.05191256830602,54919
2024-11-29,12929.672981818183,7.003717472118959,149.61748633879782,54760
2024-11-30,12891.533102189782,7.022388059701493,149.10109289617486,54571
2024-12-01,12930.765824175825,7.0411985018726595,148.59016393442624,54384
2024-12-02,12889.788576642337,7.018656716417911,149.13114754098362,54582
2024-12-03,12875.058436363637,7.003717472118959,149.74590163934425,54807
2024-12-04,12893.669345454546,7.014869888475836,149.77868852459017,54819
2024-12-05,12884.312981818182,7.007434944237918,149.8306010928962,54838
2024-12-06,12853.858436363638,7.003717472118959,149.79781420765028,54826
2024-12-07,12870.080547445257,7.007462686567164,149.34426229508196,54660
2024-12-08,12900.212710622713,7.022471910112359,148.93169398907105,54509
2024-12-09,12867.343321167884,7.0111940298507465,149.58743169398906,54749
2024-12-10,12826.072981818183,6.985130111524164,150.20491803278688,54975
2024-12-11,12819.036618181819,6.977695167286245,150.24043715846994,54988
2024-12-12,12826.669345454546,6.973977695167286,150.275956284153,55001
2024-12-13,13219.3348,7.412639405204461,150.28688524590163,55005
2024-12-14,13249.949160583943,7.440298507462686,149.7295081967213,54801
2024-12-15,13259.729194139196,7.456928838951311,149.37158469945356,54670
2024-12-16,13241.982007299272,7.4664179104477615,149.92349726775956,54872
2024-12-17,13204.571163636365,7.442379182156134,150.47814207650273,55075
2024-12-18,13212.85189090909,7.438661710037175,150.53005464480876,55094
2024-12-19,13264.979163636364,7.4609665427509295,150.51639344262296,55089
2024-12-20,13270.739163636365,7.4609665427509295,150.40437158469945,55048
2024-12-21,13315.026532846716,7.4888059701492535,150.01092896174865,54904
2024-12-22,13356.700622710623,7.51685393258427,149.6120218579235,54758
2024-12-23,13340.701715328467,7.5111940298507465,150.06284153005464,54923
2024-12-24,13300.7428,7.4907063197026025,150.31147540983608,55014
2024-12-25,13300.7428,7.4907063197026025,150.3087431693989,55013
2024-12-26,13399.433709090908,7.613382899628252,150.25956284153006,54995
2024-12-27,13373.756436363636,7.5799256505576205,150.21857923497268,54980
2024-12-28,13380.518321167883,7.57089552238806,149.77868852459017,54819
2024-12-29,13405.011062271062,7.591760299625468,149.47540983606558,54708
2024-12-30,13356.087664233577,7.563432835820896,149.94262295081967,54879
2024-12-31,13415.51102189781,7.587360594795539,150.327868852459,55020
2025-01-01,13415.51102189781,7.587360594795539,150.3306010928962,55021
2025-01-02,13430.339489051095,7.605947955390334,150.3224043715847,55018
2025-01-03,13449.259197080291,7.5464684014869885,150.29781420765028,55009
2025-01-04,13498.186886446887,7.574626865671642,149.70491803278688,54792
2025-01-05,13501.500073529412,7.329588014981273,149.22131147540983,54615
2025-01-06,13477.14293040293,7.3059701492537314,149.71584699453553,54796
2025-01-07,13434.817591240875,7.282527881040892,150.35792349726776,55031
2025-01-08,13828.682554744526,7.286245353159852,150.44262295081967,55062
2025-01-09,13789.22087591241,7.245353159851301,150.37704918032787,55038
2025-01-10,13765.527445255475,7.223048327137547,150.27868852459017,55002
2025-01-11,13806.4084981685,7.246268656716418,149.6830601092896,54784
2025-01-12,13804.505588235294,7.2434456928838955,149.16120218579235,54593
2025-01-13,13824.126911764706,7.247191011235955,149.71038251366122,54794
2025-01-14,13821.514725274725,7.242537313432836,150.29234972677597,55007
2025-01-15,13833.492747252747,7.25,150.59562841530055,55118
2025-01-16,13836.141098901098,7.25,150.96994535519124,55255
2025-01-17,13755.221684981685,7.152985074626866,151.19398907103826,55337
2025-01-18,13784.32544117647,7.1610486891385765,150.84699453551912,55210
2025-01-19,13833.41889298893,7.184210526315789,150.54098360655738,55098
2025-01-20,13833.41889298893,7.184210526315789,150.75956284153006,55178
2025-01-21,13788.707794117647,7.164794007490637,151.275956284153,55367
2025-01-22,13774.92838235294,7.1610486891385765,151.1830601092896,55333
2025-01-23,11949.005588235294,7.198501872659176,151.2486338797814,55357
2025-01-24,11955.156323529412,7.213483146067416,151.25409836065575,55359
2025-01-25,11901.802656826569,7.146616541353383,150.66666666666666,55144
2025-01-26,11935.538962962963,7.173584905660378,150.20765027322403,54976
2025-01-27,11972.776,7.172932330827067,150.7622950819672,55179
2025-01-28,11993.372296296297,7.153558052434457,151.44535519125682,55429
2025-01-29,11929.564888888888,7.112359550561798,151.45901639344262,55434
2025-01-30,11811.213037037038,7.131086142322097,151.42349726775956,55421
2025-01-31,11789.331555555556,7.123595505617978,151.3169398907104,55382
2025-02-01,11814.128327137547,7.150375939849624,150.80327868852459,55194
2025-02-02,11826.729552238807,7.166037735849057,150.34699453551912,55027
2025-02-03,11865.492639405205,7.2593984962406015,151.00819672131146,55269
2025-02-04,11900.153777777778,7.262172284644195,151.44262295081967,55428
2025-02-05,11932.420444444444,7.2209737827715355,151.49726775956285,55448
2025-02-06,11919.20562962963,7.205992509363296,151.46174863387978,55435
2025-02-07,11901.90562962963,7.187265917602996,151.37431693989072,55403
2025-02-08,11901.990780669144,7.1992481203007515,150.7486338797814,55174
2025-02-09,11930.229552238807,7.215094339622642,150.2431693989071,54989
2025-02-10,11917.43687732342,7.195488721804511,150.97267759562843,55256
2025-02-11,12153.435259259259,7.2322097378277155,151.57103825136613,55475
2025-02-12,12166.379703703704,7.2434456928838955,151.64207650273224,55501
2025-02-13,12155.972296296297,7.269662921348314,151.63114754098362,55497
2025-02-14,12353.127851851852,7.50561797752809,151.5054644808743,55451
2025-02-15,12387.697100371748,7.526315789473684,151.04918032786884,55284
2025-02-16,12387.393731343283,7.539622641509434,150.52185792349727,55091
2025-02-17,12387.393731343283,7.539622641509434,150.86885245901638,55218
2025-02-18,12503.422007434945,7.669172932330827,151.48907103825135,55445
2025-02-19,12462.383407407408,7.640449438202247,151.7431693989071,55538
2025-02-20,12391.901925925926,7.580524344569288,151.64754098360655,55503
2025-02-21,12237.572296296295,7.254681647940075,151.34972677595627,55394
2025-02-22,12276.50750929368,7.2781954887218046,150.52459016393442,55092
2025-02-23,12312.266865671641,7.305660377358491,150.00273224043715,54901
2025-02-24,12270.418289962825,7.285714285714286,150.52732240437157,55093
2025-02-25,12293.05748148148,7.295880149812734,151.18852459016392,55335
2025-02-26,12280.035259259259,7.292134831460674,151.11748633879782,55309
2025-02-27,11567.076000000001,7.303370786516854,151.13934426229508,55317
2025-02-28,12197.184888888889,7.932584269662922,151.06284153005464,55289
2025-03-01,12201.21903345725,7.93609022556391,150.2377049180328,54987
2025-03-02,12208.163880597014,7.950943396226415,149.68032786885246,54783
2025-03-03,12170.516431226766,7.924812030075188,150.30054644808743,55010
2025-03-04,12141.029333333334,7.898876404494382,150.81147540983608,55197
2025-03-05,12034.588592592592,7.786516853932584,150.38251366120218,55040
2025-03-06,12030.56637037037,7.775280898876405,150.4262295081967,55056
2025-03-07,12023.188592592593,7.7565543071161045,150.13661202185793,54950
2025-03-08,12066.765501858736,7.785714285714286,149.44535519125682,54697
2025-03-09,12102.204925373135,7.811320754716981,148.92349726775956,54506
2025-03-10,12081.4643866171,7.793233082706767,149.41803278688525,54687
2025-03-11,12228.83674074074,7.932584269662922,150.0054644808743,54902
2025-03-12,12242.110814814814,7.917602996254682,150.3087431693989,55013
2025-03-13,12214.36637037037,7.898876404494382,150.21584699453553,54979
2025-03-14,12054.318222222222,7.887640449438202,150.1639344262295,54960
2025-03-15,12078.813828996283,7.913533834586466,149.50819672131146,54720
2025-03-16,12092.600447761193,7.913207547169812,148.86612021857923,54485
2025-03-17,12097.880743494423,7.917293233082707,149.44808743169398,54698
2025-03-18,12082.644148148147,7.891385767790262,149.89344262295083,54861
2025-03-19,12066.196,7.883895131086143,149.80054644808743,54827
2025-03-20,12129.988592592592,7.891385767790262,149.6912568306011,54787
2025-03-21,12137.233037037036,7.895131086142322,149.37978142076503,54673
2025-03-22,12151.687434944237,7.913533834586466,148.78961748633878,54457
2025-03-23,12194.298208955224,7.943396226415095,148.27868852459017,54270
2025-03-24,12149.899330855018,7.917293233082707,148.71857923497268,54431
2025-03-25,12122.036740740741,7.895131086142322,149.20765027322403,54610
2025-03-26,12110.447851851852,7.876404494382022,149.10928961748633,54574
2025-03-27,12128.184888888889,7.891385767790262,149.10109289617486,54571
2025-03-28,12102.647851851852,7.853932584269663,149.0737704918033,54561
2025-03-29,12139.13724907063,7.879699248120301,148.52732240437157,54361
2025-03-30,12128.831791044775,7.867924528301887,147.95355191256832,54151
2025-03-31,12130.025820895522,7.867924528301887,148.43715846994536,54328
2025-04-01,12132.772089552238,7.838345864661654,149.03825136612022,54548
2025-04-02,12102.537014925372,7.830827067669173,148.95628415300547,54518
2025-04-03,12095.19,7.80827067669173,148.8879781420765,54493
2025-04-04,12094.56686567164,7.80827067669173,148.775956284153,54452
2025-04-05,11660.456629213482,7.811320754716981,148.1448087431694,54221
2025-04-06,11563.89067669173,7.757575757575758,147.61748633879782,54028
2025-04-07,11521.16074906367,7.728301886792453,148.15027322404373,54223
2025-04-08,11482.615373134327,7.703007518796992,148.73224043715848,54436
2025-04-09,11458.66014925373,7.684210526315789,148.51092896174865,54355
2025-04-10,11463.872835820895,7.695488721804511,148.31967213114754,54285
2025-04-11,11459.828059701493,7.68796992481203,148.27322404371586,54268
2025-04-12,11498.72254681648,7.713207547169811,147.62021857923497,54029
2025-04-13,11491.033533834587,7.731060606060606,147.14207650273224,53854
2025-04-14,11454.576479400748,7.709433962264151,147.62841530054644,54032
2025-04-15,11480.62656716418,7.7330827067669174,148.16666666666666,54229
2025-04-16,11311.850447761193,7.695488721804511,148.15573770491804,54225
2025-04-17,11288.611641791045,7.684210526315789,148.0983606557377,54204
2025-04-18,11271.447462686567,7.676691729323308,148.0601092896175,54190
2025-04-19,11271.951011235955,7.679245283018868,147.55464480874318,54005
2025-04-20,11301.086165413533,7.700757575757576,147.12021857923497,53846
2025-04-21,11295.12329588015,7.679245283018868,147.64754098360655,54039
2025-04-22,11307.074328358209,7.68796992481203,148.26775956284152,54266
2025-04-23,11312.249701492537,7.7180451127819545,148.1120218579235,54209
2025-04-24,11307.828059701493,7.7218045112781954,148.27322404371586,54268
2025-04-25,11363.05567164179,7.7631578947368425,148.13934426229508,54219
2025-04-26,11336.954925373135,7.7518796992481205,147.62295081967213,54030
2025-04-27,11351.90606741573,7.758490566037736,147.2622950819672,53898
2025-04-28,11317.723582089551,7.7293233082706765,147.8415300546448,54110
2025-04-29,11371.630298507462,7.7631578947368425,148.43169398907105,54326
2025-04-30,11440.503432835822,7.838345864661654,148.37978142076503,54307
2025-05-01,11471.977313432835,7.87218045112782,148.25956284153006,54263
2025-05-02,11486.04447761194,7.87593984962406,148.20218579234972,54242
2025-05-03,11526.108314606741,7.90188679245283,147.5928961748634,54019
2025-05-04,11565.465864661654,7.924242424242424,147.04644808743168,53819
2025-05-05,11543.482846441948,7.8943396226415095,147.54644808743168,54002
2025-05-06,11509.619104477611,7.864661654135339,148.13661202185793,54218
2025-05-07,11299.734776119403,7.7443609022556394,147.78961748633878,54091
2025-05-08,11412.872835820895,7.7819548872180455,147.79781420765028,54094
2025-05-09,11436.212388059701,7.793233082706767,147.69672131147541,54057
2025-05-10,11439.16074906367,7.8,147.03551912568307,53815
2025-05-11,11445.187669172932,7.806818181818182,146.54918032786884,53637
2025-05-12,11427.228164794007,7.784905660377358,147.21584699453553,53881
2025-05-13,11402.328059701493,7.7781954887218046,147.81967213114754,54102
2025-05-14,11413.645223880596,7.7894736842105265,147.79508196721312,54093
2025-05-15,11376.331791044775,7.7669172932330826,147.77868852459017,54087
2025-05-16,11351.287014925372,7.7593984962406015,147.46174863387978,53971
2025-05-17,11388.677602996255,7.781132075471698,146.86612021857923,53753
2025-05-18,11406.804210526316,7.787878787878788,146.34699453551912,53563
2025-05-19,11389.692584269662,7.766037735849056,146.96994535519124,53791
2025-05-20,11356.515037313433,7.7518796992481205,147.60928961748633,54025
2025-05-21,11363.466529850746,7.7556390977443606,147.5601092896175,54007
2025-05-22,11360.593395522388,7.7518796992481205,147.56284153005464,54008
2025-05-23,11344.936679104478,7.7443609022556394,147.45355191256832,53968
2025-05-24,11374.011348314605,7.769811320754717,146.85792349726776,53750
2025-05-25,11388.225676691729,7.78030303030303,146.36338797814207,53569
2025-05-26,11388.225676691729,7.78030303030303,146.39344262295083,53580
2025-05-27,11451.179887640448,7.833962264150943,146.94808743169398,53783
2025-05-28,11414.69041044776,7.80827067669173,147.46174863387978,53971
2025-05-29,11404.186679104478,7.7556390977443606,147.38524590163934,53943
2025-05-30,11317.671753731343,7.676691729323308,147.18852459016392,53871
2025-05-31,11289.067276119402,7.7018867924528305,146.60928961748633,53659
2025-06-01,11302.69299625468,7.712121212121212,146.14207650273224,53488
2025-06-02,11278.03369402985,7.69811320754717,146.63387978142077,53668
2025-06-03,11253.925762081784,7.684210526315789,147.16666666666666,53863
2025-06-04,11250.769628252787,7.669172932330827,147.18852459016392,53871
2025-06-05,11243.003828996281,7.672932330827067,147.01092896174865,53806
2025-06-06,11257.721301115242,7.676691729323308,146.827868852459,53739
2025-06-07,11283.518768656715,7.69811320754717,146.275956284153,53537
2025-06-08,11321.696741573032,7.71969696969697,145.71584699453553,53332
2025-06-09,11285.403097014925,7.690566037735849,146.2377049180328,53523
2025-06-10,11252.97780669145,7.669172932330827,146.8360655737705,53742
2025-06-11,11216.754758364312,7.631578947368421,146.5983606557377,53655
2025-06-12,11112.304944237918,7.56015037593985,146.69398907103826,53690
2025-06-13,11164.33096654275,7.601503759398496,146.47267759562843,53609
2025-06-14,11178.727723880596,7.626415094339623,145.85245901639345,53382
2025-06-15,11198.149925093632,7.6477272727272725,145.4398907103825,53231
2025-06-16,11162.67921641791,7.651515151515151,146.00819672131146,53439
2025-06-17,11164.539144981412,7.656603773584906,146.60382513661202,53657
2025-06-18,11107.483382899627,7.59622641509434,146.7568306010929,53713
2025-06-19,11089.238029739776,7.577358490566038,146.46448087431693,53606
2025-06-20,11071.470481481481,7.556390977443609,146.63661202185793,53669
2025-06-21,11089.751040892192,7.577358490566038,145.97267759562843,53426
2025-06-22,11124.48145522388,7.606060606060606,145.54371584699453,53269
2025-06-23,11148.955335820894,7.632575757575758,146.12568306010928,53482
2025-06-24,11365.47594795539,7.845283018867924,146.65300546448088,53675
2025-06-25,11427.212007434944,7.909433962264151,146.66120218579235,53678
2025-06-26,11449.918327137546,7.913207547169812,146.59016393442624,53652
2025-06-27,11461.695278810408,7.90566037735849,146.6448087431694,53672
2025-06-28,11417.104589552238,7.859848484848484,145.94808743169398,53417
2025-06-29,11404.09712686567,7.889733840304182,145.45081967213116,53235
2025-06-30,11390.498252788104,7.875,145.9398907103825,53414
2025-07-01,11429.962936802973,7.928030303030303,146.49180327868854,53616
2025-07-02,11402.55029739777,7.8977272727272725,146.23497267759564,53522
2025-07-03,11348.966654275093,7.8522727272727275,146.15300546448088,53492
2025-07-04,11321.78369402985,7.798479087452471,145.55464480874318,53273
2025-07-05,11321.78369402985,7.798479087452471,145.53551912568307,53266
2025-07-06,11336.580636704119,7.820610687022901,145.30327868852459,53181
2025-07-07,11345.227723880596,7.821292775665399,145.85245901639345,53382
2025-07-08,11323.197137546467,7.803030303030303,146.3087431693989,53549
2025-07-09,11347.82910780669,7.803030303030303,146.4153005464481,53588
2025-07-10,11283.01126394052,7.738636363636363,146.37158469945356,53572
2025-07-11,11283.717583643122,7.742424242424242,146.2704918032787,53535
2025-07-12,11303.141902985073,7.756653992395437,145.7704918032787,53352
2025-07-13,11261.891902985073,7.7748091603053435,145.31147540983608,53184
2025-07-14,11267.47594795539,7.760456273764259,145.89344262295083,53397
2025-07-15,11308.442490706318,7.787072243346008,146.45081967213116,53601
2025-07-16,11276.487100371747,7.779467680608365,146.5054644808743,53621
2025-07-17,11362.591189591078,7.828897338403042,146.36885245901638,53571
2025-07-18,11158.89973977695,7.634980988593156,146.1584699453552,53494
2025-07-19,11161.0225,7.645038167938932,145.49726775956285,53252
2025-07-20,11140.56191011236,7.6130268199233715,145.08196721311475,53100
2025-07-21,11106.74264925373,7.583969465648855,145.62568306010928,53299
2025-07-22,11099.50568773234,7.574144486692015,146.20218579234972,53510
2025-07-23,11087.141375464684,7.570342205323194,146.3360655737705,53559
2025-07-24,11128.90717472119,7.619771863117871,146.53825136612022,53633
2025-07-25,11120.591189591078,7.6273764258555135,146.24590163934425,53526
2025-07-26,11066.970261194028,7.519083969465649,145.72677595628414,53336
2025-07-27,11083.19861423221,7.540229885057471,145.35245901639345,53199
2025-07-28,11052.697873134328,7.522900763358779,145.95081967213116,53418
2025-07-29,11026.494535315984,7.494296577946768,146.63114754098362,53667
2025-07-30,11023.208289962824,7.482889733840304,146.5928961748634,53653
2025-07-31,11033.803085501859,7.482889733840304,146.56830601092895,53644
2025-08-01,10936.628364312266,7.437262357414449,146.30327868852459,53547
2025-08-02,10944.160559701491,7.4541984732824424,145.67486338797815,53317
2025-08-03,10975.026329588014,7.478927203065134,145.2704918032787,53169
2025-08-04,10979.535692883894,7.478927203065134,145.78142076502732,53356
2025-08-05,10947.526231343283,7.557251908396947,146.4344262295082,53595
2025-08-06,10953.395634328357,7.564885496183206,146.42896174863387,53593
2025-08-07,10973.24264925373,7.587786259541985,146.21857923497268,53516
2025-08-08,10978.932947761194,7.580152671755725,146.14207650273224,53488
2025-08-09,11016.895243445691,7.609195402298851,145.53005464480876,53264
2025-08-10,11041.812142857141,7.638461538461539,144.93169398907105,53045
2025-08-11,11014.603108614232,7.616858237547893,145.38524590163934,53211
2025-08-12,10979.548619402984,7.595419847328245,146.18852459016392,53505
2025-08-13,10979.25384328358,7.595419847328245,146.03825136612022,53450
2025-08-14,10976.227723880596,7.595419847328245,146.04371584699453,53452
2025-08-15,10932.063544776118,7.572519083969466,145.70218579234972,53327
2025-08-16,10939.824082397003,7.578544061302682,145.10655737704917,53109
2025-08-17,10969.970037593985,7.607692307692307,144.5737704918033,52914
2025-08-18,10987.625580524344,7.616858237547893,145.28961748633878,53176
2025-08-19,11016.824082397003,7.603053435114504,145.775956284153,53354
2025-08-20,10981.513220973782,7.583969465648855,145.74043715846994,53341
2025-08-21,10880.41958801498,7.5038167938931295,145.87431693989072,53390
2025-08-22,10830.902734082396,7.3893129770992365,145.7486338797814,53344
2025-08-23,10852.729436090225,7.406130268199234,145.1448087431694,53123
2025-08-24,10825.909547169811,7.388461538461539,144.68852459016392,52956
2025-08-25,10801.69560150376,7.363984674329502,145.2568306010929,53164
2025-08-26,10842.579060150376,7.354961832061068,145.71311475409837,53331
2025-08-27,10802.778308270676,7.343511450381679,145.7377049180328,53340
2025-08-28,10843.037706766916,7.419847328244275,145.78415300546447,53357
2025-08-29,10485.778308270676,7.061068702290076,145.6693989071038,53315
2025-08-30,10510.886905660376,7.084291187739463,145.03551912568307,53083
2025-08-31,10508.534204545454,7.088461538461538,144.50273224043715,52888
2025-09-01,10508.534204545454,7.088461538461538,144.53825136612022,52901
2025-09-02,10499.558603773585,7.084291187739463,145.03551912568307,53083
2025-09-03,10499.558603773585,7.084291187739463,145.53005464480876,53264
2025-09-04,10808.981245283017,7.065134099616858,145.47267759562843,53243
2025-09-05,10787.151056603772,7.057471264367816,145.22677595628414,53153
2025-09-06,10765.560719696969,6.992307692307692,144.6912568306011,52957
2025-09-07,10806.490608365018,7.019305019305019,144.15573770491804,52761
2025-09-08,10832.84041825095,7.0347490347490345,144.65027322404373,52942
2025-09-09,10859.015265151515,7.038461538461538,145.10655737704917,53109
2025-09-10,10473.882689393939,7.007692307692308,145.0327868852459,53082
2025-09-11,10424.280416666666,6.961538461538462,144.93715846994536,53047
2025-09-12,10453.70087121212,6.969230769230769,145.03551912568307,53083
2025-09-13,10310.308098859316,6.996138996138996,144.44535519125682,52867
2025-09-14,10298.267977099236,7.011627906976744,143.95355191256832,52687
2025-09-15,10300.14965648855,7.011627906976744,144.29234972677597,52811
2025-09-16,10328.685916030534,7.0,144.93169398907105,53045
2025-09-17,10343.014160305343,7.003861003861004,144.97814207650273,53062
2025-09-18,10455.964541984733,6.980694980694981,144.83879781420765,53011
2025-09-19,10489.773702290076,7.011583011583012,144.64754098360655,52941
2025-09-20,10439.724083969466,6.969111969111969,144.11748633879782,52747
2025-09-21,10477.883946360153,6.996124031007752,143.6120218579235,52562
2025-09-22,10509.611915708812,7.0,144.17486338797815,52768
2025-09-23,10473.525610687022,6.972972972972973,144.71857923497268,52967
2025-09-24,10489.869122137405,6.988416988416988,144.6912568306011,52957
2025-09-25,10467.143931297709,6.969111969111969,144.66120218579235,52946
2025-09-26,10470.953091603053,6.969111969111969,144.43169398907105,52862
2025-09-27,10472.477816091954,6.984496124031008,143.79508196721312,52629
2025-09-28,10507.698884615384,7.011673151750973,143.40437158469945,52486
2025-09-29,10556.010383141762,7.058139534883721,143.90983606557376,52671
2025-09-30,10591.62724137931,7.0813953488372094,144.47267759562843,52877
2025-10-01,10675.443333333333,7.236434108527132,144.54371584699453,52903
2025-10-02,10663.462490421456,7.228682170542636,144.38524590163934,52845
2025-10-03,10656.316896551723,7.228682170542636,144.2568306010929,52798
2025-10-04,10681.818115384614,7.245136186770428,143.70491803278688,52596
2025-10-05,10593.701583011583,7.20703125,143.19672131147541,52410
2025-10-06,10555.8835,7.178988326848249,143.68852459016392,52590
2025-10-07,10524.83030651341,7.151162790697675,144.1584699453552,52762
2025-10-08,10535.362873563217,7.162790697674419,144.16120218579235,52763
2025-10-09,10558.14448275862,7.182170542635659,144.0737704918033,52731
2025-10-10,10597.62724137931,7.186046511627907,143.98360655737704,52698
2025-10-11,10626.75273076923,7.206225680933852,143.3306010928962,52459
2025-10-12,10665.280733590733,7.234375,142.88251366120218,52295
2025-10-13,10676.587346153847,7.237354085603113,143.47540983606558,52512
2025-10-14,10713.4335,7.2684824902723735,143.95628415300547,52688
2025-10-15,10702.414269230769,7.252918287937743,143.95081967213116,52686
2025-10-16,10733.968115384616,7.2684824902723735,144.04371584699453,52720
2025-10-17,10747.856576923077,7.284046692607004,143.9398907103825,52682
2025-10-18,10738.282664092663,7.29296875,143.37704918032787,52476
2025-10-19,10735.338023255814,7.294117647058823,142.87431693989072,52292
2025-10-20,10732.035559845559,7.2890625,143.37704918032787,52476
2025-10-21,10695.712346153847,7.260700389105058,144.04918032786884,52722
2025-10-22,10641.054653846153,7.221789883268483,144.02185792349727,52712
2025-10-23,10710.450807692308,7.214007782101167,144.0136612021858,52709
2025-10-24,10727.496961538462,7.237354085603113,144.2431693989071,52793
2025-10-25,10720.969922779923,7.21875,143.62841530054644,52568
2025-10-26,10742.496937984495,7.23921568627451,143.16120218579235,52397
2025-10-27,10711.182277992279,7.21484375,143.7622950819672,52617
2025-10-28,10779.827730769231,7.361867704280155,144.23497267759564,52790
2025-10-29,10776.443115384614,7.35408560311284,144.29508196721312,52812
2025-10-30,10687.070038461537,7.280155642023346,144.0601092896175,52726
2025-10-31,10660.043115384615,7.2684824902723735,143.91803278688525,52674
2025-11-01,10647.8038996139,7.2578125,143.38251366120218,52478
2025-11-02,10646.10546511628,7.266666666666667,142.94535519125682,52318
2025-11-03,10624.695791505792,7.25390625,143.43715846994536,52498
2025-11-04,10636.715096525097,7.25390625,143.99180327868854,52701
2025-11-05,10620.309691119692,7.24609375,143.96448087431693,52691
2025-11-06,10641.900424710424,7.25,143.96994535519124,52693
2025-11-07,10718.76142857143,7.25390625,144.01092896174865,52708
2025-11-08,10619.202364341087,7.243137254901961,143.27868852459017,52440
2025-11-09,10625.125330739302,7.251968503937008,142.77868852459017,52257
2025-11-10,10594.98143410853,7.223529411764706,143.29234972677597,52445
2025-11-11,10594.98143410853,7.223529411764706,143.5983606557377,52557
2025-11-12,10586.622432432434,7.24609375,143.84699453551912,52648
2025-11-13,10593.769150579152,7.24609375,143.90983606557376,52671
2025-11-14,10641.301969111972,7.2578125,143.78415300546447,52625
2025-11-15,10571.524069767444,7.176470588235294,142.99180327868854,52335
2025-11-16,9786.771245136188,6.318897637795276,142.54098360655738,52170
2025-11-17,9749.923294573646,6.294117647058823,143.01092896174865,52342
2025-11-18,9817.175232558142,6.305882352941176,143.52459016393442,52530
2025-11-19,10182.144224806203,6.729411764705882,143.51092896174865,52525
2025-11-20,10217.186860465117,6.745098039215686,143.4262295081967,52494
2025-11-21,10225.132596899226,6.752941176470588,143.24590163934425,52428
2025-11-22,10259.164241245138,6.775590551181103,142.63387978142077,52204
2025-11-23,10299.239101562502,6.8023715415019765,142.21584699453553,52051
2025-11-24,10304.516445312502,6.8023715415019765,142.84972677595627,52283
2025-11-25,10276.226498054477,6.775590551181103,143.3879781420765,52480
2025-11-26,10289.292645914398,6.803149606299213,143.2513661202186,52430
2025-11-27,10325.774257812502,6.830039525691699,142.7295081967213,52239
2025-11-28,10337.326313725493,6.825396825396825,142.28142076502732,52075
2025-11-29,10337.326313725493,6.825396825396825,142.28142076502732,52075
2025-11-30,10296.946132812502,6.798418972332016,142.3224043715847,52090
2025-12-01,10267.843229571987,6.783464566929134,142.78688524590163,52260
2025-12-02,10230.518255813955,6.76078431372549,143.35792349726776,52469
2025-12-03,10275.243062015506,6.8431372549019605,143.30327868852459,52449
2025-12-04,10260.929108527134,6.850980392156862,143.18032786885246,52404
2025-12-05,10263.78569767442,6.862745098039215,143.04918032786884,52356
2025-12-06,10301.68758754864,6.889763779527559,142.50819672131146,52158
2025-12-07,10330.073085937502,6.901185770750988,142.05191256830602,51991
2025-12-08,10313.827665369652,6.8858267716535435,142.5655737704918,52179
2025-12-09,10292.508565891474,6.866666666666666,143.10109289617486,52375
2025-12-10,10302.384534883722,6.854901960784313,142.96994535519124,52327
2025-12-11,11411.186860465117,6.890196078431373,142.8306010928962,52276
2025-12-12,11429.69073643411,6.87843137254902,142.66666666666666,52216
2025-12-13,11458.627276264593,6.9015748031496065,142.10655737704917,52011
2025-12-14,11015.697315175099,6.413385826771654,141.59562841530055,51824
2025-12-15,10990.062829457365,6.4,142.02732240437157,51982
2025-12-16,11003.054864864867,6.40625,142.5983606557377,52191
2025-12-17,10977.699652509655,6.3671875,142.5655737704918,52179
2025-12-18,11038.016254826256,6.41015625,142.42349726775956,52127
2025-12-19,11038.258725868727,6.40625,142.39071038251367,52115
2025-12-20,11019.426395348839,6.403921568627451,141.86612021857923,51923
2025-12-21,11056.140116731518,6.429133858267717,141.51092896174865,51793
2025-12-22,11016.418643410854,6.403921568627451,141.9808743169399,51965
2025-12-23,10981.667992277993,6.37890625,142.36065573770492,52104
2025-12-24,10949.72590733591,6.35546875,142.1693989071038,52034
2025-12-25,10983.05042635659,6.372549019607843,141.91256830601094,51940
2025-12-26,10982.324362934363,6.3984375,142.07103825136613,51998
2025-12-27,10900.833372093024,6.2823529411764705,141.7622950819672,51885
2025-12-28,10882.10081395349,6.2745098039215685,141.4016393442623,51753
2025-12-29,10848.637104247106,6.2578125,141.7622950819672,51885
2025-12-30,10816.846192307694,6.237354085603113,142.1775956284153,52037
2025-12-31,10820.357730769232,6.2412451361867705,142.0928961748634,52006
2026-01-01,10799.27030888031,6.2109375,141.69398907103826,51860
2026-01-02,10768.296192307693,6.186770428015564,141.94535519125682,51952
2026-01-03,10786.764517374519,6.19140625,141.51639344262296,51795
2026-01-04,10799.139573643411,6.207843137254902,141.12568306010928,51652
2026-01-05,10824.366833976836,6.23828125,141.75956284153006,51884
2026-01-06,10830.65003846154,6.256809338521401,142.3169398907104,52088
2026-01-07,10843.25003846154,6.287937743190661,142.32513661202185,52091
2026-01-08,10846.776961538462,6.291828793774319,142.2513661202186,52064
2026-01-09,10424.988500000001,6.287937743190661,142.12021857923497,52016
2026-01-10,10419.552162162163,6.27734375,141.65300546448088,51845
2026-01-11,10459.938023255814,6.301960784313725,141.2431693989071,51695
2026-01-12,10431.027065637067,6.28515625,141.78415300546447,51893
2026-01-13,10404.711576923079,6.264591439688716,142.31147540983608,52086
2026-01-14,10406.657730769231,6.260700389105058,142.2704918032787,52071
2026-01-15,10377.153884615385,6.260700389105058,142.2486338797814,52063
2026-01-16,10396.76926923077,6.272373540856031,142.275956284153,52073
2026-01-17,10417.451776061776,6.28125,141.67486338797815,51853
2026-01-18,10401.957403100776,6.258823529411765,141.23497267759564,51692
2026-01-19,10401.957403100776,6.258823529411765,141.47540983606558,51780
2026-01-20,10450.281891891893,6.33203125,142.19945355191257,52045
2026-01-21,10429.776961538462,6.3229571984435795,142.4153005464481,52124
2026-01-22,10476.661576923078,6.361867704280155,142.45355191256832,52138
2026-01-23,10512.180807692308,6.381322957198444,142.36338797814207,52105
2026-01-24,10513.127451737453,6.359375,141.78961748633878,51895
2026-01-25,10536.007790697675,6.368627450980392,141.36338797814207,51739
2026-01-26,10508.366833976836,6.34375,141.87158469945356,51925
2026-01-27,10519.026961538462,6.346303501945525,142.75956284153006,52250
2026-01-28,10480.550038461539,6.319066147859922,142.86885245901638,52290
2026-01-29,10467.996192307693,6.319066147859922,142.6584699453552,52213
2026-01-30,10494.076961538463,6.346303501945525,142.59562841530055,52190
2026-01-31,10473.696192307692,6.3229571984435795,142.10655737704917,52011
2026-02-01,10500.054092664093,6.34765625,141.672131147541,51852
2026-02-02,10505.276961538462,6.377431906614786,142.37158469945356,52108
2026-02-03,11042.29888888889,6.976744186046512,142.97540983606558,52329
2026-02-04,11016.057509578544,6.891472868217054,142.775956284153,52256
2026-02-05,10950.329540229886,6.868217054263566,142.83333333333334,52277
2026-02-06,10880.763639846744,6.844961240310077,142.79508196721312,52263
2026-02-07,10913.870423076924,6.871595330739299,142.3169398907104,52088
2026-02-08,10942.997335907336,6.890625,141.87158469945356,51925
2026-02-09,10912.35503846154,6.863813229571984,142.28142076502732,52075
2026-02-10,10874.188927203066,6.841085271317829,142.8169398907104,52271
2026-02-11,10841.664022988505,6.833333333333333,142.63387978142077,52204
2026-02-12,10568.231072796934,6.782945736434108,142.48907103825135,52151
2026-02-13,10548.292375478928,6.771317829457364,142.20765027322403,52048
2026-02-14,10493.284712643679,6.74031007751938,141.61475409836066,51831
2026-02-15,10281.378115384616,6.490272373540856,141.2513661202186,51698
2026-02-16,10281.378115384616,6.490272373540856,141.4808743169399,51782
2026-02-17,10275.18509578544,6.48062015503876,142.01092896174865,51976
2026-02-18,10303.508816793894,6.486486486486487,142.28961748633878,52078
2026-02-19,10141.291259541986,6.328185328185328,142.15573770491804,52029
2026-02-20,10151.22255725191,6.328185328185328,142.0601092896175,51994
2026-02-21,10189.028007662835,6.352713178294573,141.49726775956285,51788
2026-02-22,10173.789653846154,6.357976653696498,141.04371584699453,51622
2026-02-23,10175.698505747127,6.348837209302325,141.54371584699453,51805
2026-02-24,10160.07751908397,6.33976833976834,142.13387978142077,52021
2026-02-25,10270.073702290076,6.428571428571429,142.11748633879782,52015
2026-02-26,10202.37141221374,6.38996138996139,141.90437158469945,51937
2026-02-27,10272.214923664122,6.420849420849421,141.7513661202186,51881
2026-02-28,10300.073984674329,6.434108527131783,141.04371584699453,51622
2026-03-01,9684.88426923077,5.80544747081712,140.30054644808743,51350
2026-03-02,9650.811915708813,5.786821705426356,140.77322404371586,51523
2026-03-03,9631.114160305344,5.764478764478764,141.43715846994536,51766
2026-03-04,9678.079809160306,5.7992277992278,141.28142076502732,51709
2026-03-05,9705.659961832062,5.8301158301158305,141.2486338797814,51697
2026-03-06,9700.63324427481,5.845559845559846,141.25409836065575,51699
2026-03-07,9711.52072796935,5.848837209302325,140.63661202185793,51473
2026-03-08,9728.238115384616,5.856031128404669,140.0983606557377,51276
2026-03-09,9694.7161302682,5.837209302325581,140.60382513661202,51461
2026-03-10,9695.92713740458,5.841698841698841,141.1584699453552,51664
2026-03-11,9699.102709923665,5.845559845559846,141.13387978142077,51655
2026-03-12,9504.850801526718,5.671814671814672,140.97814207650273,51598
2026-03-13,9510.243931297711,5.687258687258687,140.9016393442623,51570
2026-03-14,9517.264022988506,5.686046511627907,140.18579234972677,51308
2026-03-15,9553.868884615385,5.688715953307393,139.71584699453553,51136
2026-03-16,9531.972835249042,5.682170542635659,140.30327868852459,51351
2026-03-17,9546.38896946565,5.664092664092664,140.83333333333334,51545
2026-03-18,9508.331717557252,5.629343629343629,140.70765027322403,51499
2026-03-19,9484.320267175573,5.625482625482626,140.72677595628414,51506
2026-03-20,9542.568358778626,5.667953667953668,140.74590163934425,51513
2026-03-21,9474.650996168582,5.651162790697675,140.1120218579235,51281
2026-03-22,9501.58426923077,5.669260700389105,139.70218579234972,51131
2026-03-23,9522.90195402299,5.705426356589148,140.26775956284152,51338
2026-03-24,9551.165687022902,5.722007722007722,140.6693989071038,51485
2026-03-25,9873.112251908398,6.019305019305019,140.6693989071038,51485
2026-03-26,10022.76110687023,6.123552123552123,140.63114754098362,51471
2026-03-27,10081.196221374046,6.1891891891891895,140.45628415300547,51407
2026-03-28,10094.855977011495,6.1976744186046515,139.96448087431693,51227
2026-03-29,10096.382346153847,6.186770428015564,139.46448087431693,51044
2026-03-30,10101.64141762452,6.1937984496124034,140.04371584699453,51256
2026-03-31,10078.242022900762,6.177606177606178,140.43169398907105,51398
2026-04-01,10116.314541984731,6.2084942084942085,140.47267759562843,51413
2026-04-02,10336.36034351145,6.482625482625482,140.31147540983608,51354
2026-04-03,10373.242022900762,6.494208494208494,140.22677595628414,51323
2026-04-04,10382.139501915708,6.515503875968992,139.71311475409837,51135
2026-04-05,10405.763115384614,6.536964980544747,139.36338797814207,51007
2026-04-06,10379.775517241378,6.515503875968992,139.7704918032787,51156
2026-04-07,10371.173320610686,6.513513513513513,140.18852459016392,51309
2026-04-08,10380.898511450381,6.517374517374518,140.11748633879782,51283
2026-04-09,10440.367977099235,6.61003861003861,140.12021857923497,51284
2026-04-10,10469.123702290075,6.629343629343629,140.08196721311475,51270
2026-04-11,10460.863639846742,6.62015503875969,139.57103825136613,51083
2026-04-12,10488.851576923076,6.642023346303502,139.10109289617486,50911
2026-04-13,10458.844482758619,6.616279069767442,139.67486338797815,51121
2026-04-14,10420.574083969464,6.590733590733591,140.13934426229508,51291
2026-04-15,10437.936679389311,6.586872586872587,140.1639344262295,51300
2026-04-16,10391.378282442747,6.552123552123552,140.09562841530055,51275
2026-04-17,10431.053854961832,6.602316602316602,140.0136612021858,51245
2026-04-18,10447.07704980843,6.612403100775194,139.4262295081967,51030
2026-04-19,10483.796576923076,6.634241245136187,139.0601092896175,50896
2026-04-20,10475.22264367816,6.631782945736434,139.50819672131146,51060
2026-04-21,10452.122557251909,6.621621621621622,139.97540983606558,51231
2026-04-22,10431.569122137404,6.621621621621622,140.03825136612022,51254
2026-04-23,10380.107290076336,6.583011583011583,139.95081967213116,51222
2026-04-24,10353.061488549618,6.555984555984556,139.79508196721312,51165
2026-04-25,10369.437203065134,6.558139534883721,139.08196721311475,50904
2026-04-26,10345.738884615384,6.536964980544747,138.66666666666666,50752
2026-04-27,10359.0235,6.5408560311284045,139.16666666666666,50935
2026-04-28,10338.651762452108,6.5310077519379846,139.69945355191257,51130
2026-04-29,10365.617279693486,6.538759689922481,139.6584699453552,51115
2026-04-30,10329.66325670498,6.503875968992248,139.5327868852459,51069
2026-05-01,10265.598122605363,6.426356589147287,139.43715846994536,51034
2026-05-02,10269.769653846153,6.416342412451362,138.85245901639345,50820
2026-05-03,10292.954092664093,6.4375,138.37978142076503,50647
2026-05-04,10292.954092664093,6.4375,138.37431693989072,50645
2026-05-05,10292.954092664093,6.4375,138.3551912568306,50638
2026-05-06,10310.771744186046,6.462745098039216,137.83333333333334,50447
2026-05-07,10341.288365758754,6.488188976377953,137.20218579234972,50216
2026-05-08,10368.6371484375,6.5059288537549405,136.66120218579235,50018
2026-05-09,10288.823960784313,6.488095238095238,136.04371584699453,49792
2026-05-10,10301.508307086613,6.50199203187251,135.5737704918033,49620
2026-05-11,10301.508307086613,6.50199203187251,135.54644808743168,49610
2026-05-12,10301.508307086613,6.50199203187251,135.52732240437157,49603
2026-05-13,10315.941146245059,6.52,134.84426229508196,49353
2026-05-14,10338.012341269841,6.522088353413655,134.21857923497268,49124
2026-05-15,10356.56219123506,6.536290322580645,133.65573770491804,48918
2026-05-16,10397.98844,6.562753036437247,133.0983606557377,48714
2026-05-17,10430.406064257028,6.5894308943089435,132.68579234972677,48563
2026-05-18,10430.406064257028,6.5894308943089435,132.6584699453552,48553
2026-05-19,10430.406064257028,6.5894308943089435,132.61475409836066,48537
2026-05-20,10444.891572580646,6.608163265306122,131.97814207650273,48304
2026-05-21,10477.064777327936,6.618852459016393,131.28961748633878,48052
2026-05-22,10509.873983739837,6.6419753086419755,130.68579234972677,47831
2026-05-23,10533.657142857142,6.6652892561983474,130.06830601092895,47605
2026-05-24,10574.901639344262,6.6929460580912865,129.59562841530055,47432
2026-05-25,10574.901639344262,6.6929460580912865,129.57650273224044,47425
2026-05-26,10574.901639344262,6.6929460580912865,129.5655737704918,47421
2026-05-27,10574.901639344262,6.6929460580912865,129.52732240437157,47407
2026-05-28,10502.382716049382,6.629166666666666,128.96448087431693,47201
2026-05-29,10538.871900826447,6.652719665271967,128.37978142076503,46987
2026-05-30,10512.8755186722,6.61344537815126,127.90163934426229,46812
2026-05-31,10547.716666666667,6.641350210970464,127.43715846994536,46642
2026-06-01,10591.849372384937,6.641350210970464,127.40163934426229,46629
2026-06-02,10591.849372384937,6.641350210970464,127.35792349726776,46613
2026-06-03,10616.63025210084,6.6525423728813555,126.83333333333333,46421
2026-06-04,10641.20253164557,6.663829787234042,126.26775956284153,46214
2026-06-05,10673.444915254237,6.6923076923076925,125.61475409836065,45975
2026-06-06,10712.468085106382,6.716738197424893,125.13661202185793,45800
2026-06-07,10737.034188034188,6.741379310344827,124.60928961748634,45607
2026-06-08,10737.034188034188,6.741379310344827,124.59289617486338,45601
2026-06-09,10737.034188034188,6.741379310344827,124.57650273224044,45595
2026-06-10,10776.270386266095,6.770562770562771,124.04098360655738,45399
2026-06-11,10811.672413793103,6.791304347826087,123.43715846994536,45178
2026-06-12,10858.47619047619,6.820960698689956,122.98633879781421,45013
2026-06-13,10894.621739130434,6.837719298245614,122.21857923497268,44732
2026-06-14,10867.777292576418,6.814977973568282,121.72131147540983,44550
2026-06-15,10867.777292576418,6.814977973568282,121.69398907103825,44540
2026-06-16,10867.777292576418,6.814977973568282,121.67486338797814,44533
2026-06-17,10908.021929824561,6.84070796460177,121.09289617486338,44320
2026-06-18,10904.69603524229,6.831111111111111,120.45628415300547,44087
2026-06-19,10931.265486725664,6.839285714285714,119.79781420765028,43846
2026-06-20,10979.84888888889,6.869955156950673,119.51366120218579,43742
2026-06-21,11000.776785714286,6.891891891891892,119.01912568306011,43561
2026-06-22,11000.776785714286,6.891891891891892,118.98360655737704,43548
2026-06-23,11000.776785714286,6.891891891891892,118.95081967213115,43536
2026-06-24,11020.695067264574,6.891402714932127,118.3415300546448,43313
2026-06-25,10757.756756756757,6.631818181818182,117.76229508196721,43101
2026-06-26,10706.809954751132,6.584474885844749,117.13387978142076,42871
2026-06-27,10712.7,6.60091743119266,116.53551912568307,42652
2026-06-28,10730.675799086757,6.622119815668203,115.89617486338798,42418
2026-06-29,10730.675799086757,6.622119815668203,115.84426229508196,42399
2026-06-30,10779.899082568807,6.622119815668203,115.8360655737705,42396
2026-07-01,10793.880184331798,6.6342592592592595,115.33333333333333,42212
2026-07-02,10794.703703703704,6.6,114.6775956284153,41972
2026-07-03,10844.911627906977,6.630841121495327,114.20491803278688,41799
2026-07-04,10889.934579439252,6.661971830985915,113.72404371584699,41623
2026-07-05,10889.934579439252,6.661971830985915,113.70491803278688,41616
2026-07-06,10889.934579439252,6.661971830985915,113.69945355191257,41614
2026-07-07,10889.934579439252,6.661971830985915,113.66939890710383,41603
2026-07-08,10876.957746478873,6.65566037735849,113.09836065573771,41394
2026-07-09,10902.702830188678,6.672985781990521,112.62021857923497,41219
2026-07-10,10904.27962085308,6.704761904761905,111.88524590163935,40950
2026-07-11,10949.680952380952,6.7368421052631575,111.3360655737705,40749
2026-07-12,10985.406698564593,6.764423076923077,110.86338797814207,40576
2026-07-13,10985.406698564593,6.764423076923077,110.8415300546448,40568
2026-07-14,11038.221153846154,6.764423076923077,110.82786885245902,40563
2026-07-15,11029.884057971014,6.777777777777778,110.21857923497268,40340
2026-07-16,11029.932038834952,6.776699029126213,109.58743169398907,40109
2026-07-17,11081.434146341464,6.804878048780488,108.97267759562841,39884
2026-07-18,10959.303921568628,6.745098039215686,108.39617486338798,39673
2026-07-19,11013.290640394089,6.778325123152709,107.99180327868852,39525
2026-07-20,11013.290640394089,6.778325123152709,107.98633879781421,39523
2026-07-21,11013.290640394089,6.778325123152709,107.96174863387978,39514
2026-07-22,11057.529702970298,6.811881188118812,107.40710382513662,39311
2026-07-23,11066.970149253732,6.82089552238806,106.81147540983606,39093
2026-07-24,11120.58,6.855,106.12295081967213,38841
2026-07-25,11095.226130653265,6.809045226130653,105.42349726775956,38585
2026-07-26,11131.89898989899,6.808080808080808,105.05737704918033,38451
2026-07-27,11131.89898989899,6.808080808080808,105.05191256830601,38449
2026-07-28,11131.89898989899,6.808080808080808,105.02185792349727,38438
2026-07-29,11173.639593908629,6.8274111675126905,104.40983606557377,38214
2026-07-30,11210.219387755102,6.862244897959184,103.69398907103825,37952
2026-07-31,11221.246153846154,6.887179487179488,103.1256830601093,37744
2026-08-01,11250.288659793814,6.917525773195877,102.5327868852459,37527
2026-08-02,11305.031088082902,6.953367875647668,102.12021857923497,37376
2026-08-03,11305.031088082902,6.953367875647668,102.10928961748634,37372
2026-08-04,11305.031088082902,6.953367875647668,102.08196721311475,37362
2026-08-05,11357.640625,6.989583333333333,101.54371584699453,37165
2026-08-06,11404.534031413612,6.87958115183246,100.87158469945355,36919
2026-08-07,11439.073684210527,6.889473684210526,100.3415300546448,36725
2026-08-08,11432.730158730159,6.883597883597884,99.87158469945355,36553
2026-08-09,11459.095744680852,6.920212765957447,99.34972677595628,36362
2026-08-10,11459.095744680852,6.920212765957447,99.33333333333333,36356
2026-08-11,11459.095744680852,6.920212765957447,99.31693989071039,36350
2026-08-12,11500.176470588236,6.946524064171123,98.8360655737705,36174
2026-08-13,11553.29569892473,6.973118279569892,98.01092896174863,35872
2026-08-14,11615.367567567568,7.010810810810811,97.57650273224044,35713
2026-08-15,11653.04347826087,7.048913043478261,96.97267759562841,35492
2026-08-16,11709.857923497268,7.087431693989071,96.59836065573771,35355
2026-08-17,11709.857923497268,7.087431693989071,96.58743169398907,35351
2026-08-18,11709.857923497268,7.087431693989071,96.56284153005464,35342
2026-08-19,11688.021978021978,7.071428571428571,95.8224043715847,35071
2026-08-20,11709.524861878454,7.088397790055248,95.28415300546447,34874
2026-08-21,11752.927777777777,7.105555555555555,94.68579234972678,34655
2026-08-22,11798.150837988827,7.139664804469274,94.10109289617486,34441
2026-08-23,11841.247191011236,7.174157303370786,93.66666666666667,34282
2026-08-24,11841.247191011236,7.174157303370786,93.65027322404372,34276
2026-08-25,11841.247191011236,7.174157303370786,93.6311475409836,34269
2026-08-26,11883.372881355932,7.209039548022599,93.05737704918033,34059
2026-08-27,11889.102272727272,7.221590909090909,92.56010928961749,33877
2026-08-28,11918.18857142857,7.2457142857142856,92.0464480874317,33689
2026-08-29,11864.367816091954,7.155172413793103,91.42622950819673,33462
2026-08-30,11926.947976878613,7.196531791907514,90.95081967213115,33288
2026-08-31,11926.947976878613,7.196531791907514,90.94262295081967,33285
2026-09-01,11926.947976878613,7.196531791907514,90.93169398907104,33281
2026-09-02,11926.947976878613,7.196531791907514,90.89071038251366,33266
2026-09-03,11949.023255813954,7.203488372093023,90.38251366120218,33080
2026-09-04,12018.900584795321,7.245614035087719,89.78688524590164,32862
2026-09-05,11543.711764705882,7.241176470588235,89.2568306010929,32668
2026-09-06,11610.242603550296,7.284023668639053,88.82786885245902,32511
2026-09-07,11610.242603550296,7.284023668639053,88.81147540983606,32505
2026-09-08,11610.242603550296,7.284023668639053,88.80327868852459,32502
2026-09-09,11638.10119047619,7.303571428571429,88.25956284153006,32303
2026-09-10,11601.54491017964,7.299401197604791,87.74863387978142,32116
2026-09-11,11664.397590361446,7.337349397590361,87.20491803278688,31917
2026-09-12,11724.357575757576,7.381818181818182,86.7431693989071,31748
2026-09-13,11739.774390243903,7.414634146341464,86.06557377049181,31500
2026-09-14,11739.774390243903,7.414634146341464,86.05191256830601,31495
2026-09-15,11739.774390243903,7.414634146341464,86.01092896174863,31480
2026-09-16,11808.773006134968,7.460122699386503,85.57650273224044,31321
2026-09-17,11835.515432098766,7.481481481481482,84.89617486338798,31072
2026-09-18,11880.854037267081,7.521739130434782,84.23497267759562,30830
2026-09-19,11663.903125,7.55625,83.76775956284153,30659
2026-09-20,11674.229559748428,7.553459119496855,83.31420765027322,30493
2026-09-21,11674.25,7.556962025316456,83.21857923497268,30458
2026-09-22,11674.25,7.556962025316456,83.20491803278688,30453
2026-09-23,11695.863057324841,7.598726114649682,82.5846994535519,30226
2026-09-24,11764.073717948719,7.647435897435898,82.02459016393442,30021
2026-09-25,11784.990322580645,7.651612903225806,81.35245901639344,29775
2026-09-26,11836.386363636364,7.688311688311688,80.80601092896175,29575
2026-09-27,11904.545751633987,7.738562091503268,80.36065573770492,29412
2026-09-28,11904.545751633987,7.738562091503268,80.35245901639344,29409
2026-09-29,11904.545751633987,7.738562091503268,80.33333333333333,29402
2026-09-30,11830.779605263158,7.6644736842105265,79.81147540983606,29211
2026-10-01,11847.566225165563,7.675496688741722,79.2103825136612,28991
2026-10-02,11751.683333333332,7.46,78.60655737704919,28770
2026-10-03,11697.81543624161,7.402684563758389,78.04918032786885,28566
2026-10-04,11775.33445945946,7.452702702702703,77.5792349726776,28394
2026-10-05,11775.33445945946,7.452702702702703,77.57103825136612,28391
2026-10-06,11775.33445945946,7.452702702702703,77.54918032786885,28383
2026-10-07,11850.261904761905,7.503401360544218,77.02185792349727,28190
2026-10-08,11914.640410958904,7.554794520547945,76.51092896174863,28003
2026-10-09,11951.844827586207,7.5793103448275865,75.97540983606558,27807
2026-10-10,11948.642361111111,7.576388888888889,75.39617486338798,27595
2026-10-11,11958.318181818182,7.6223776223776225,74.94262295081967,27429
2026-10-12,11958.318181818182,7.6223776223776225,74.92622950819673,27423
2026-10-13,11958.318181818182,7.6223776223776225,74.89890710382514,27413
2026-10-14,11946.721830985916,7.619718309859155,74.28688524590164,27189
2026-10-15,11963.50709219858,7.617021276595745,73.71857923497268,26981
2026-10-16,12045.496428571429,7.671428571428572,73.19125683060109,26788
2026-10-17,12005.097122302159,7.654676258992806,72.49453551912568,26533
2026-10-18,12026.873188405798,7.6521739130434785,71.91256830601093,26320
2026-10-19,12026.873188405798,7.6521739130434785,71.89890710382514,26315
2026-10-20,12026.873188405798,7.6521739130434785,71.85519125683061,26299
2026-10-21,12042.543795620439,7.664233576642336,71.32786885245902,26106
2026-10-22,12121.621323529413,7.720588235294118,70.62021857923497,25847
2026-10-23,12207.514814814815,7.777777777777778,70.09562841530055,25655
2026-10-24,12110.90671641791,7.82089552238806,69.50546448087432,25439
2026-10-25,12115.703007518798,7.834586466165414,68.7431693989071,25160
2026-10-26,12115.703007518798,7.834586466165414,68.72131147540983,25152
2026-10-27,12115.703007518798,7.834586466165414,68.6775956284153,25136
2026-10-28,12187.549242424242,7.886363636363637,68.06010928961749,24910
2026-10-29,12062.576335877862,7.603053435114504,67.54918032786885,24723
2026-10-30,12153.45,7.661538461538462,66.92896174863388,24496
2026-10-31,12235.298449612403,7.72093023255814,66.44808743169399,24320
2026-11-01,12325.27734375,7.78125,65.86612021857924,24107
2026-11-02,12325.27734375,7.78125,65.83060109289617,24094
2026-11-03,12325.27734375,7.78125,65.80601092896175,24085
2026-11-04,12382.161417322835,7.811023622047244,65.26775956284153,23888
2026-11-05,12455.72619047619,7.873015873015873,64.68032786885246,23673
2026-11-06,12546.788,7.936,64.09562841530055,23459
2026-11-07,12592.979838709678,7.983870967741935,63.55464480874317,23261
2026-11-08,12531.760162601626,8.040650406504065,62.93715846994535,23035
2026-11-09,12531.760162601626,8.040650406504065,62.91530054644809,23027
2026-11-10,12531.760162601626,8.040650406504065,62.868852459016395,23010
2026-11-11,12611.13524590164,8.10655737704918,62.34153005464481,22817
2026-11-12,12611.13524590164,8.10655737704918,61.99726775956284,22691
2026-11-13,12645.690082644629,8.066115702479339,61.4344262295082,22485
2026-11-14,12706.404166666667,8.116666666666667,60.756830601092894,22237
2026-11-15,12705.48319327731,8.159663865546218,60.25409836065574,22053
2026-11-16,12705.48319327731,8.159663865546218,60.22677595628415,22043
2026-11-17,12705.48319327731,8.159663865546218,60.19672131147541,22032
2026-11-18,12810.783898305084,8.228813559322035,59.70765027322405,21853
2026-11-19,12771.978632478633,8.273504273504274,59.13387978142077,21643
2026-11-20,11938.952586206897,7.413793103448276,58.55464480874317,21431
2026-11-21,11953.934782608696,7.443478260869565,57.96174863387978,21214
2026-11-22,12031.416666666666,7.491228070175438,57.58469945355191,21076
2026-11-23,12031.416666666666,7.491228070175438,57.576502732240435,21073
2026-11-24,12031.416666666666,7.491228070175438,57.549180327868854,21063
2026-11-25,12125.933628318584,7.557522123893805,56.868852459016395,20814
2026-11-26,12207.111607142857,7.625,56.2896174863388,20602
2026-11-27,12244.094594594595,7.594594594594595,55.833333333333336,20435
2026-11-28,12244.094594594595,7.594594594594595,55.82786885245902,20433
2026-11-29,12244.094594594595,7.594594594594595,55.77049180327869,20412
2026-11-30,12244.094594594595,7.594594594594595,55.74863387978142,20404
2026-12-01,12355.404545454545,7.663636363636364,55.65573770491803,20370
2026-12-02,12442.908256880733,7.706422018348624,55.17486338797814,20194
2026-12-03,12552.212962962964,7.768518518518518,54.58469945355191,19978
2026-12-04,12545.766355140187,7.635514018691588,54.08196721311475,19794
2026-12-05,12615.575471698114,7.660377358490566,53.57377049180328,19608
2026-12-06,12665.295238095237,7.6761904761904765,53.122950819672134,19443
2026-12-07,12665.295238095237,7.6761904761904765,53.10655737704918,19437
2026-12-08,12665.295238095237,7.6761904761904765,53.08196721311475,19428
2026-12-09,12727.89423076923,7.721153846153846,52.55464480874317,19235
2026-12-10,12804.733009708738,7.776699029126213,51.986338797814206,19027
2026-12-11,12867.112745098038,7.8431372549019605,51.44535519125683,18829
2026-12-12,10147.094059405941,7.8316831683168315,50.94535519125683,18646
2026-12-13,10106.135,7.87,50.53825136612022,18497
2026-12-14,10106.135,7.87,50.53551912568306,18496
2026-12-15,10208.217171717171,7.94949494949495,50.494535519125684,18481
2026-12-16,10267.464285714286,8.0,50.03825136612022,18314
2026-12-17,10225.324742268042,8.0,49.439890710382514,18095
2026-12-18,10312.776041666666,8.083333333333334,48.89890710382514,17897
2026-12-19,10225.794736842105,8.042105263157895,48.46448087431694,17738
2026-12-20,10208.83510638298,8.074468085106384,47.978142076502735,17560
2026-12-21,10208.83510638298,8.074468085106384,47.96174863387978,17554
2026-12-22,10208.83510638298,8.074468085106384,47.9344262295082,17544
2026-12-23,10309.91935483871,8.161290322580646,47.45628415300546,17369
2026-12-24,10400.070652173914,8.25,47.0655737704918,17226
2026-12-25,10506.664835164835,8.340659340659341,46.7896174863388,17125
2026-12-26,10506.664835164835,8.340659340659341,46.7896174863388,17125
2026-12-27,10503.461111111112,8.28888888888889,46.622950819672134,17064
2026-12-28,10503.461111111112,8.28888888888889,46.60382513661202,17057
2026-12-29,10621.477528089888,8.382022471910112,46.58743169398907,17051
2026-12-30,10717.005681818182,8.454545454545455,46.202185792349724,16910
2026-12-31,10810.5,8.540229885057471,45.75136612021858,16745
2027-01-01,10925.587209302326,8.627906976744185,45.36065573770492,16602
2027-01-02,10925.587209302326,8.627906976744185,45.3551912568306,16600
2027-01-03,11021.817647058824,8.729411764705882,45.07377049180328,16497
2027-01-04,11021.817647058824,8.729411764705882,45.060109289617486,16492
2027-01-05,11021.817647058824,8.729411764705882,45.02459016393443,16479
2027-01-06,10946.684523809523,8.666666666666666,44.39071038251366,16247
2027-01-07,10928.475903614459,8.63855421686747,43.80327868852459,16032
2027-01-08,10938.237804878048,8.634146341463415,43.2896174863388,15844
2027-01-09,11038.746913580248,8.716049382716049,42.68852459016394,15624
2027-01-10,11139.35625,8.825,42.29234972677595,15479
2027-01-11,11139.35625,8.825,42.25136612021858,15464
2027-01-12,11139.35625,8.825,42.224043715846996,15454
2027-01-13,11242.740506329113,8.91139240506329,41.67213114754098,15252
2027-01-14,11340.865384615385,9.012820512820513,41.11748633879781,15049
2027-01-15,11412.266233766233,9.12987012987013,40.60109289617486,14860
2027-01-16,11490.848684210527,9.171052631578947,40.02732240437158,14650
2027-01-17,11532.46,9.226666666666667,39.55191256830601,14476
2027-01-18,11532.46,9.226666666666667,39.540983606557376,14472
2027-01-19,11532.46,9.226666666666667,39.52459016393443,14466
2027-01-20,11532.46,9.226666666666667,39.26502732240437,14371
2027-01-21,11378.601351351352,9.013513513513514,38.51912568306011,14098
2027-01-22,11464.349315068494,9.082191780821917,38.03551912568306,13921
2027-01-23,11431.048611111111,9.041666666666666,37.450819672131146,13707
2027-01-24,11446.711267605633,9.084507042253522,37.06284153005465,13565
2027-01-25,11446.711267605633,9.084507042253522,37.032786885245905,13554
2027-01-26,11446.711267605633,9.084507042253522,36.994535519125684,13540
2027-01-27,11561.992857142857,9.214285714285714,36.45628415300546,13343
2027-01-28,11537.09420289855,9.246376811594203,35.540983606557376,13008
2027-01-29,11706.02205882353,9.382352941176471,34.86065573770492,12759
2027-01-30,11846.455223880597,9.492537313432836,34.349726775956285,12572
2027-01-31,11853.84090909091,9.515151515151516,33.7896174863388,12367
2027-02-01,12036.207692307693,9.661538461538461,33.743169398907106,12350
2027-02-02,12036.207692307693,9.661538461538461,33.69672131147541,12333
2027-02-03,12038.9921875,9.59375,32.98087431693989,12071
2027-02-04,9838.531746031746,7.190476190476191,32.3551912568306,11842
2027-02-05,9748.75,7.145161290322581,31.887978142076502,11671
2027-02-06,9841.860655737704,7.229508196721311,31.368852459016395,11481
2027-02-07,9883.619999999999,7.283333333333333,30.80054644808743,11273
2027-02-08,9883.619999999999,7.283333333333333,30.778688524590162,11265
2027-02-09,9883.619999999999,7.283333333333333,30.76502732240437,11260
2027-02-10,10000.698305084745,7.406779661016949,30.349726775956285,11108
2027-02-11,10156.727586206896,7.517241379310345,29.797814207650273,10906
2027-02-12,10334.915789473684,7.649122807017544,29.237704918032787,10701
2027-02-13,10443.199999999999,7.714285714285714,28.74590163934426,10521
2027-02-14,10622.894545454545,7.8545454545454545,28.35792349726776,10379
2027-02-15,10819.614814814813,8.0,28.338797814207652,10372
2027-02-16,10819.614814814813,8.0,28.314207650273225,10363
2027-02-17,10819.614814814813,8.0,28.06830601092896,10273
2027-02-18,10860.267924528302,8.075471698113208,27.527322404371585,10075
2027-02-19,10728.811538461538,8.076923076923077,26.901639344262296,9846
2027-02-20,10917.650980392156,8.215686274509803,26.39344262295082,9660
2027-02-21,11055.503999999999,8.38,25.92622950819672,9489
2027-02-22,11055.503999999999,8.38,25.904371584699454,9481
2027-02-23,11055.503999999999,8.38,25.89344262295082,9477
2027-02-24,11063.330612244898,8.46938775510204,25.366120218579233,9284
2027-02-25,11167.0875,8.5625,24.756830601092897,9061
2027-02-26,10769.068085106383,8.212765957446809,24.237704918032787,8871
2027-02-27,10989.15652173913,8.391304347826088,23.76775956284153,8699
2027-02-28,10814.982222222223,8.377777777777778,23.325136612021858,8537
2027-03-01,10814.982222222223,8.377777777777778,23.30327868852459,8529
2027-03-02,10814.982222222223,8.377777777777778,23.292349726775956,8525
2027-03-03,11042.777272727273,8.545454545454545,22.80327868852459,8346
2027-03-04,11195.167441860465,8.744186046511627,22.114754098360656,8094
2027-03-05,11119.195238095239,8.714285714285714,21.64207650273224,7921
2027-03-06,11111.49268292683,8.707317073170731,21.128415300546447,7733
2027-03-07,11274.83,8.8,20.62295081967213,7548
2027-03-08,11274.83,8.8,20.603825136612024,7541
2027-03-09,11274.83,8.8,20.565573770491802,7527
2027-03-10,11538.825641025642,9.0,20.05191256830601,7339
2027-03-11,11579.005263157895,9.052631578947368,19.472677595628415,7127
2027-03-12,11693.167567567569,9.18918918918919,18.98633879781421,6949
2027-03-13,11990.811111111112,9.444444444444445,18.543715846994534,6787
2027-03-14,12102.805714285714,9.6,18.016393442622952,6594
2027-03-15,12102.805714285714,9.6,17.991803278688526,6585
2027-03-16,12102.805714285714,9.6,17.950819672131146,6570
2027-03-17,12345.858823529412,9.764705882352942,17.346994535519126,6349
2027-03-18,12316.672727272728,10.030303030303031,16.773224043715846,6139
2027-03-19,12590.88125,10.34375,16.28688524590164,5961
2027-03-20,12942.425806451613,10.67741935483871,15.808743169398907,5786
2027-03-21,12851.206666666667,10.666666666666666,15.28415300546448,5594
2027-03-22,12851.206666666667,10.666666666666666,15.262295081967213,5586
2027-03-23,12851.206666666667,10.666666666666666,15.243169398907105,5579
2027-03-24,12774.851724137932,10.517241379310345,14.653005464480874,5363
2027-03-25,12626.525,10.535714285714286,14.229508196721312,5208
2027-03-26,9960.803703703705,8.037037037037036,13.759562841530055,5036
2027-03-27,8657.95,7.230769230769231,13.221311475409836,4839
2027-03-28,8289.268,6.84,12.8224043715847,4693
2027-03-29,8289.268,6.84,12.795081967213115,4683
2027-03-30,8289.268,6.84,12.765027322404372,4672
2027-03-31,8156.779166666667,6.791666666666667,12.16120218579235,4451
2027-04-01,8338.769565217392,7.0,11.754098360655737,4302
2027-04-02,8249.85,6.954545454545454,11.207650273224044,4102
2027-04-03,5862.3190476190475,3.9047619047619047,10.756830601092895,3937
2027-04-04,5662.285,3.95,10.319672131147541,3777
2027-04-05,5662.285,3.95,10.311475409836065,3774
2027-04-06,5662.285,3.95,10.278688524590164,3762
2027-04-07,5769.615789473684,4.105263157894737,9.841530054644808,3602
2027-04-08,5638.705555555555,4.0,9.398907103825136,3440
2027-04-09,5811.394117647059,4.176470588235294,8.90983606557377,3261
2027-04-10,5126.35625,2.875,8.289617486338798,3034
2027-04-11,4965.846666666666,2.7333333333333334,7.866120218579235,2879
2027-04-12,4965.846666666666,2.7333333333333334,7.844262295081967,2871
2027-04-13,4965.846666666666,2.7333333333333334,7.808743169398907,2858
2027-04-14,5130.7642857142855,2.9285714285714284,7.221311475409836,2643
2027-04-15,5492.207692307692,3.1538461538461537,6.713114754098361,2457
2027-04-16,5424.391666666666,3.3333333333333335,6.188524590163935,2265
2027-04-17,5350.454545454545,3.1818181818181817,5.672131147540983,2076
2027-04-18,4660.3,2.2,5.199453551912568,1903
2027-04-19,4660.3,2.2,5.185792349726776,1898
2027-04-20,4660.3,2.2,5.158469945355192,1888
2027-04-21,4261.888888888889,1.7777777777777777,4.693989071038251,1718
2027-04-22,4241.75,1.5,4.202185792349726,1538
2027-04-23,4230.0,1.4285714285714286,3.5956284153005464,1316
2027-04-24,4765.833333333333,1.6666666666666667,3.030054644808743,1109
2027-04-25,5516.6,1.8,2.699453551912568,988
2027-04-26,5516.6,1.8,2.691256830601093,985
2027-04-27,5516.6,1.8,2.6639344262295084,975
2027-04-28,6032.25,2.0,2.112021857923497,773
2027-04-29,6362.333333333333,1.3333333333333333,1.5327868852459017,561
2027-04-30,4929.0,1.0,0.9781420765027322,358
2027-05-01,4795.0,2.0,0.48360655737704916,177
2027-05-02,,,0.01912568306010929,7
2027-05-03,,,0.01912568306010929,7
2027-05-04,,,0.01912568306010929,7
2027-05-05,,,0.00546448087431694,2
